date,HSTECH(3033.HK),HSI,HSTECH(3033.HK)_return,HSI_return,spread_return
2022-01-03,5.574999809265137,23274.75,,,
2022-01-04,5.514999866485596,23289.83984375,-0.010762321943011854,0.000648335374171527,-0.011410657317183381
2022-01-05,5.255000114440918,22907.25,-0.047144108493036296,-0.016427328239127847,-0.03071678025390845
2022-01-06,5.335000038146973,23072.859375,0.015223581724805646,0.007229561601676426,0.00799402012312922
2022-01-07,5.429999828338623,23493.380859375,0.01780689587860751,0.018225807106970304,-0.00041891122836279493
2022-01-10,5.554999828338623,23746.5390625,0.02302025855463885,0.010775724645181395,0.012244533909457456
2022-01-11,5.545000076293945,23739.060546875,-0.001800135437208139,-0.00031493076129185393,-0.0014852046759162851
2022-01-12,5.820000171661377,24402.169921875,0.049594245551612515,0.02793326103577809,0.021660984515834425
2022-01-13,5.715000152587891,24429.76953125,-0.018041239858505587,0.0011310309477952085,-0.019172270806300795
2022-01-14,5.690000057220459,24383.3203125,-0.0043744697637690955,-0.001901336755984695,-0.0024731330077844005
2022-01-17,5.65500020980835,24218.029296875,-0.006151115476298763,-0.006778855935393846,0.000627740459095083
2022-01-18,5.619999885559082,24112.779296875,-0.006189270194643104,-0.004345935778250154,-0.00184333441639295
2022-01-19,5.565000057220459,24127.849609375,-0.009786446522881298,0.0006249927606625238,-0.010411439283543822
2022-01-20,5.820000171661377,24952.349609375,0.045822122519129316,0.03417212944164061,0.011649993077488707
2022-01-21,5.784999847412109,24965.55078125,-0.006013801240022376,0.0005290552625969447,-0.006542856502619321
2022-01-24,5.630000114440918,24656.4609375,-0.026793385835702233,-0.012380653904184524,-0.014412731931517708
2022-01-25,5.474999904632568,24243.609375,-0.027531120187861968,-0.016744153329486755,-0.010786966858375213
2022-01-26,5.53000020980835,24289.900390625,0.010045718015308847,0.001909411049690224,0.008136306965618623
2022-01-27,5.315000057220459,23807.0,-0.038878868793992605,-0.01988070691353605,-0.018998161880456554
2022-01-28,5.230000019073486,23550.080078125,-0.015992481134877834,-0.010791780647498639,-0.005200700487379195
2022-01-31,5.355000019073486,23802.259765625,0.02390057352660291,0.010708230573459598,0.01319234295314331
2022-02-04,5.510000228881836,24573.2890625,0.028944950374653278,0.032393113278618824,-0.003448162903965546
2022-02-07,5.449999809265137,24579.55078125,-0.010889367899150737,0.00025481809675831357,-0.01114418599590905
2022-02-08,5.360000133514404,24329.490234375,-0.016513702550545184,-0.010173519813297505,-0.006340182737247679
2022-02-09,5.565000057220459,24829.990234375,0.03824625347008004,0.02057174216058355,0.017674511309496488
2022-02-10,5.585000038146973,24924.349609375,0.0035938869219891423,0.0038002179666332125,-0.00020633104464407026
2022-02-11,5.525000095367432,24906.66015625,-0.010743051453845354,-0.0007097257662581624,-0.010033325687587191
2022-02-14,5.429999828338623,24556.5703125,-0.017194618169955156,-0.014056073417862525,-0.0031385447520926313
2022-02-15,5.429999828338623,24355.7109375,0.0,-0.008179455536498792,0.008179455536498792
2022-02-16,5.565000057220459,24718.900390625,0.02486192139036225,0.014911880587554771,0.00995004080280748
2022-02-17,5.579999923706055,24792.76953125,0.0026953937702360875,0.0029883667743171305,-0.000292973004081043
2022-02-18,5.40500020980835,24327.7109375,-0.03136195632445027,-0.018757831518734447,-0.012604124805715822
2022-02-21,5.264999866485596,24170.0703125,-0.025902005159721964,-0.0064798790730863365,-0.019422126086635627
2022-02-22,5.139999866485596,23520.0,-0.02374169101041934,-0.02689567320637065,0.0031539821959513104
2022-02-23,5.224999904632568,23660.279296875,0.016536972831691976,0.005964255819515207,0.010572717012176769
2022-02-24,4.992000102996826,22901.560546875,-0.044593264284877976,-0.03206719331078267,-0.012526070974095305
2022-02-25,5.059999942779541,22767.1796875,0.013621762495936718,-0.0058677599327761065,0.019489522428712824
2022-02-28,5.039999961853027,22713.01953125,-0.003952565445193956,-0.002378869802645567,-0.0015736956425483895
2022-03-01,5.110000133514404,22761.7109375,0.013888923053809066,0.0021437663179484368,0.011745156735860629
2022-03-02,4.943999767303467,22343.919921875,-0.03248539371304682,-0.01835499171271382,-0.014130402000332998
2022-03-03,4.883999824523926,22467.33984375,-0.012135911327573967,0.005523646804434179,-0.017659558132008146
2022-03-04,4.6539998054504395,21905.2890625,-0.047092552689824485,-0.02501634751416071,-0.022076205175663777
2022-03-07,4.438000202178955,21057.630859375,-0.04641160556528612,-0.038696508441704136,-0.007715097123581982
2022-03-08,4.308000087738037,20765.869140625,-0.029292498539565393,-0.013855391458726496,-0.015437107080838897
2022-03-09,4.323999881744385,20627.7109375,0.0037139725349328856,-0.006653138483605159,0.010367111018538044
2022-03-10,4.369999885559082,20890.259765625,0.010638299045498512,0.012727967195220957,-0.0020896681497224456
2022-03-11,4.197999954223633,20553.7890625,-0.03935925305257626,-0.016106583015241593,-0.023252670037334666
2022-03-14,3.7100000381469727,19531.66015625,-0.11624581262457623,-0.049729463659566986,-0.06651634896500924
2022-03-15,3.4079999923706055,18415.080078125,-0.08140162875232926,-0.05716769947831091,-0.02423392927401835
2022-03-16,4.177999973297119,20087.5,0.2259389620452732,0.09081795543542825,0.13512100660984494
2022-03-17,4.480000019073486,21501.23046875,0.07228340059993821,0.07037861698817682,0.0019047836117613848
2022-03-18,4.443999767303467,21412.400390625,-0.008035770450167234,-0.004131395096392598,-0.003904375353774636
2022-03-21,4.349999904632568,21221.33984375,-0.021152085416947686,-0.008922892501050605,-0.01222919291589708
2022-03-22,4.581999778747559,21889.279296875,0.053333305563505906,0.031474895461028884,0.02185841010247702
2022-03-23,4.679999828338623,22154.080078125,0.021388052012925263,0.012097281854674957,0.009290770158250305
2022-03-24,4.5320000648498535,21945.94921875,-0.03162388224730095,-0.009394696536305647,-0.022229185710995303
2022-03-25,4.328000068664551,21404.880859375,-0.04501323770216259,-0.024654589053397014,-0.020358648648765576
2022-03-28,4.432000160217285,21684.970703125,0.024029595633722867,0.01308532598663481,0.010944269647088056
2022-03-29,4.541999816894531,21927.630859375,0.024819416223092583,0.011190245980596591,0.013629170242495992
2022-03-30,4.5980000495910645,22232.029296875,0.012329422050664451,0.013881957401241873,-0.001552535350577422
2022-03-31,4.480000019073486,21996.849609375,-0.025663338243781197,-0.010578417487649538,-0.015084920756131659
2022-04-01,4.5,22039.55078125,0.004464281437804418,0.0019412403427443436,0.0025230410950600746
2022-04-04,4.730000019073486,22502.310546875,0.05111111534966373,0.02099678755787937,0.030114327791784357
2022-04-06,4.51800012588501,22080.51953125,-0.044820273220633755,-0.01874434248635748,-0.026075930734276276
2022-04-07,4.421999931335449,21808.98046875,-0.021248382442387692,-0.012297675429044919,-0.008950707013342774
2022-04-08,4.360000133514404,21872.009765625,-0.014020759562137997,0.002890061594823967,-0.016910821156961964
2022-04-11,4.119999885559082,21208.30078125,-0.05504592674447206,-0.030345130213781935,-0.024700796530690128
2022-04-12,4.199999809265137,21319.130859375,0.019417457749564715,0.005225787736044429,0.014191670013520286
2022-04-13,4.21999979019165,21374.369140625,0.004761900436850874,0.0025910193813416527,0.0021708810555092217
2022-04-14,4.25600004196167,21518.080078125,0.008530865772480078,0.006723517150588387,0.0018073486218916912
2022-04-19,4.0960001945495605,21027.759765625,-0.03759394873933375,-0.022786434046151438,-0.014807514693182311
2022-04-20,4.0920000076293945,20944.669921875,-0.000976608088419706,-0.003951435848426943,0.002974827760007237
2022-04-21,3.930000066757202,20682.220703125,-0.039589428291825324,-0.012530597031557567,-0.027058831260267757
2022-04-22,3.941999912261963,20638.51953125,0.0030533957508713794,-0.002112982570986577,0.005166378321857956
2022-04-25,3.753999948501587,19869.33984375,-0.047691519011855976,-0.037269130973049625,-0.010422388038806352
2022-04-26,3.8359999656677246,19934.7109375,0.021843371947532386,0.0032900486007119145,0.01855332334682047
2022-04-27,3.930000066757202,19946.359375,0.024504718960057348,0.0005843293909062464,0.0239203895691511
2022-04-28,4.0,20276.169921875,0.017811687545480792,0.016534874393588472,0.0012768131518923198
2022-04-29,4.406000137329102,21089.390625,0.10150003433227539,0.04010721483684421,0.06139281949543118
2022-05-03,4.3420000076293945,21101.890625,-0.014525675829530016,0.000592715087043949,-0.015118390916573965
2022-05-04,4.203999996185303,20869.51953125,-0.031782591248643466,-0.011011861348324103,-0.020770729900319362
2022-05-05,4.248000144958496,20793.400390625,0.010466258043082544,-0.0036473834728690813,0.014113641515951625
2022-05-06,3.9800000190734863,20001.9609375,-0.06308853972217277,-0.038062050374494394,-0.02502648934767837
2022-05-10,3.8440001010894775,19633.689453125,-0.03417083350056582,-0.018411769002336098,-0.015759064498229725
2022-05-11,3.946000099182129,19824.5703125,0.026534858327329935,0.00972210851305988,0.016812749814270056
2022-05-12,3.812000036239624,19380.33984375,-0.03395845402291764,-0.022408075521813453,-0.011550378501104186
2022-05-13,3.9839999675750732,19898.76953125,0.04512065312179803,0.026750288781297593,0.018370364340500434
2022-05-16,3.9719998836517334,19950.2109375,-0.003012069282381069,0.0025851551358093694,-0.0055972244181904385
2022-05-17,4.210000038146973,20602.51953125,0.05991947670361686,0.03269682690541731,0.02722264979819955
2022-05-18,4.197999954223633,20644.279296875,-0.0028503762029944424,0.0020269251807605304,-0.004877301383754973
2022-05-19,4.033999919891357,20120.6796875,-0.03906623061471781,-0.02536293962338798,-0.01370329099132983
2022-05-20,4.223999977111816,20717.240234375,0.047099668069794154,0.02964912498684691,0.017450543082947245
2022-05-23,4.125999927520752,20470.060546875,-0.023200769441782176,-0.01193111074176123,-0.011269658700020946
2022-05-24,3.9739999771118164,20112.099609375,-0.03683954267548184,-0.01748704830062886,-0.01935249437485298
2022-05-25,3.996000051498413,20171.26953125,0.005536002645522231,0.0029420062064240415,0.0025939964390981896
2022-05-26,3.9760000705718994,20116.19921875,-0.005005000167358387,-0.0027301361679136216,-0.002274863999444765
2022-05-27,4.119999885559082,20697.359375,0.0362172566477017,0.028890157128107496,0.007327099519594205
2022-05-30,4.291999816894531,21123.9296875,0.041747557308999594,0.020609890603496384,0.02113766670550321
2022-05-31,4.406000137329102,21415.19921875,0.026561119594141758,0.013788605413809885,0.012772514180331873
2022-06-01,4.388000011444092,21294.939453125,-0.0040853666191489335,-0.005615626751662717,0.0015302601325137832
2022-06-02,4.3379998207092285,21082.130859375,-0.011394756290898034,-0.009993388063790465,-0.001401368227107569
2022-06-06,4.538000106811523,21653.900390625,0.04610426333987183,0.02712105028964573,0.0189832130502261
2022-06-07,4.547999858856201,21531.669921875,0.00220355923519433,-0.0056447321981272225,0.007848291433321553
2022-06-08,4.760000228881836,22014.58984375,0.04661397902482611,0.022428354309127707,0.024185624715698406
2022-06-09,4.699999809265137,21869.05078125,-0.012605129565465112,-0.006611027665424318,-0.005994101900040794
2022-06-10,4.75,21806.1796875,0.010638338885950116,-0.00287488900999322,0.013513227895943336
2022-06-13,4.5279998779296875,21067.580078125,-0.04673686780427633,-0.03387111451706459,-0.012865753287211734
2022-06-14,4.535999774932861,21067.990234375,0.0017667617532779456,1.946859812473889e-05,0.0017472931551532067
2022-06-15,4.650000095367432,21308.2109375,0.0251323470218332,0.01140216510699954,0.013730181914833661
2022-06-16,4.47599983215332,20845.4296875,-0.03741941067645549,-0.021718447004180796,-0.015700963672274693
2022-06-17,4.5960001945495605,21075.0,0.02680973344418347,0.011012980588146037,0.015796752856037433
2022-06-20,4.5920000076293945,21163.91015625,-0.0008703626524885211,0.004218749999999938,-0.005089112652488459
2022-06-21,4.703999996185303,21559.58984375,0.024390241369735444,0.018695963296893492,0.005694278072841952
2022-06-22,4.50600004196167,21008.33984375,-0.04209182703745762,-0.025568668235115055,-0.016523158802342564
2022-06-23,4.610000133514404,21273.869140625,0.02308035743103498,0.012639232745180307,0.010441124685854675
2022-06-24,4.785999774932861,21719.060546875,0.03817779529743426,0.0209266778556918,0.01725111744174246
2022-06-27,5.005000114440918,22229.51953125,0.04575853527095686,0.023502811425627934,0.022255723845328923
2022-06-28,5.03000020980835,22418.970703125,0.004995023935224108,0.008522504123792407,-0.0035274801885682994
2022-06-29,4.866000175476074,21996.890625,-0.03260437922298298,-0.018826915995129312,-0.01377746322785367
2022-06-30,4.806000232696533,21859.7890625,-0.012330444022984555,-0.006232770114526165,-0.00609767390845839
2022-07-04,4.817999839782715,21830.349609375,0.0024967970256315475,-0.0013467400367326299,0.0038435370623641774
2022-07-05,4.789999961853027,21853.0703125,-0.005811514915066929,0.00104078512399286,-0.006852300039059789
2022-07-06,4.73199987411499,21586.66015625,-0.012108577912305352,-0.012190971448877486,8.2393536572134e-05
2022-07-07,4.699999809265137,21643.580078125,-0.006762482185365348,0.002636810023551428,-0.009399292208916776
2022-07-08,4.734000205993652,21725.779296875,0.007234127257088385,0.0037978568449994476,0.0034362704120889376
2022-07-11,4.539999961853027,21124.19921875,-0.04098019343028414,-0.027689689281319874,-0.013290504148964266
2022-07-12,4.46999979019165,20844.740234375,-0.015418540143072201,-0.013229329144318513,-0.002189210998753688
2022-07-13,4.5,20797.94921875,0.0067114566479797855,-0.002244739684874375,0.00895619633285416
2022-07-14,4.513999938964844,20751.2109375,0.0031110975477430802,-0.0022472543210108054,0.005358351868753886
2022-07-15,4.383999824523926,20297.720703125,-0.02879931683621817,-0.021853675707931175,-0.0069456411282869945
2022-07-18,4.519999980926514,20846.1796875,0.031021934727690548,0.027020717862698662,0.0040012168649918856
2022-07-19,4.460000038146973,20661.060546875,-0.013274323679807187,-0.008880242970178531,-0.004394080709628656
2022-07-20,4.52400016784668,20890.220703125,0.014349804742669336,0.011091403354154483,0.0032584013885148533
2022-07-21,4.5279998779296875,20574.630859375,0.0008841091809488333,-0.015107061252961795,0.01599117043391063
2022-07-22,4.5320000648498535,20609.140625,0.0008834335309202412,0.0016772969518077385,-0.0007938634208874973
2022-07-25,4.4720001220703125,20562.939453125,-0.013239175181152363,-0.0022417806116066252,-0.010997394569545738
2022-07-26,4.544000148773193,20905.880859375,0.0161001844225237,0.01667764509212133,-0.0005774606695976292
2022-07-27,4.480000019073486,20670.0390625,-0.014084535124187059,-0.011281122209650385,-0.0028034129145366737
2022-07-28,4.48799991607666,20622.6796875,0.0017856912877487474,-0.002291208780825227,0.004076900068573974
2022-07-29,4.28000020980835,20156.509765625,-0.04634574647009815,-0.022604721061422417,-0.02374102540867573
2022-08-01,4.26800012588501,20165.83984375,-0.0028037577885720033,0.00046288163146734895,-0.0032666394200393523
2022-08-02,4.142000198364258,19689.2109375,-0.02952200651461434,-0.023635460260670538,-0.005886546253943803
2022-08-03,4.188000202178955,19767.08984375,0.01110574640553219,0.0039554102242702616,0.007150336181261929
2022-08-04,4.329999923706055,20174.0390625,0.03390633110600594,0.02058720944594028,0.013319121660065658
2022-08-05,4.360000133514404,20201.939453125,0.006928455043175186,0.0013829848618098772,0.0055454701813653084
2022-08-08,4.288000106811523,20045.76953125,-0.01651376708670993,-0.007730442031932849,-0.00878332505477708
2022-08-09,4.257999897003174,20003.439453125,-0.006996317411628317,-0.0021116713957530786,-0.004884646015875238
2022-08-10,4.130000114440918,19610.83984375,-0.030061011192683118,-0.019626605229315586,-0.010434405963367532
2022-08-11,4.269999980926514,20082.4296875,0.033898271817493164,0.02404740681721984,0.009850865000273323
2022-08-12,4.294000148773193,20175.619140625,0.005620648232759873,0.004640347536384315,0.0009803006963755578
2022-08-15,4.26200008392334,20040.859375,-0.007452273810236387,-0.006679337307356925,-0.0007729365028794621
2022-08-16,4.176000118255615,19830.51953125,-0.02017831158477079,-0.010495550106618068,-0.009682761478152724
2022-08-17,4.197999954223633,19922.44921875,0.005268159804843853,0.0046357679815263175,0.0006323918233175352
2022-08-18,4.1479997634887695,19763.91015625,-0.011910479104354832,-0.007957809843520236,-0.003952669260834596
2022-08-19,4.150000095367432,19773.029296875,0.0004822401139628063,0.0004614036672352384,2.0836446727567903e-05
2022-08-22,4.104000091552734,19656.98046875,-0.011084338013882533,-0.005869046486637219,-0.005215291527245314
2022-08-23,4.0980000495910645,19503.25,-0.0014619984960575483,-0.00782065531348497,0.006358656817427422
2022-08-24,3.9820001125335693,19268.740234375,-0.02830647526933794,-0.012024137803955726,-0.016282337465382213
2022-08-25,4.21999979019165,19968.380859375,0.05976887768259065,0.036309619440084484,0.023459258242506165
2022-08-26,4.245999813079834,20170.0390625,0.0061611431708159525,0.010098876045341543,-0.00393773287452559
2022-08-29,4.199999809265137,20023.220703125,-0.010833727234983326,-0.007279031980060191,-0.0035546952549231348
2022-08-30,4.168000221252441,19949.029296875,-0.00761894987283207,-0.003705268365664094,-0.0039136815071679765
2022-08-31,4.2179999351501465,19954.390625,0.011996091949026066,0.00026875132845893823,0.011727340620567128
2022-09-01,4.1479997634887695,19597.310546875,-0.016595583863821317,-0.01789481246686775,0.0012992286030464317
2022-09-02,4.0920000076293945,19452.08984375,-0.013500424072414918,-0.007410236357567768,-0.006090187714847151
2022-09-05,4.015999794006348,19225.69921875,-0.01857287719485512,-0.011638370314886237,-0.0069345068799688825
2022-09-06,4.013999938964844,19202.73046875,-0.0004979718984270409,-0.0011946899688100032,0.0006967180703829623
2022-09-07,3.9560000896453857,19044.30078125,-0.01444938968644216,-0.008250372922633309,-0.006199016763808851
2022-09-08,3.9179999828338623,18854.619140625,-0.009605689067345269,-0.009960021258000218,0.00035433219065494903
2022-09-09,4.019999980926514,19362.25,0.026033690285745203,0.02692342155462768,-0.0008897312688824766
2022-09-13,4.013999938964844,19326.859375,-0.0014925477587407476,-0.001827815723895676,0.0003352679651549284
2022-09-14,3.9040000438690186,18847.099609375,-0.027404059982171436,-0.024823472676868907,-0.0025805873053025286
2022-09-15,3.9159998893737793,18930.380859375,0.0030737308836883415,0.004418783352668987,-0.0013450524689806453
2022-09-16,3.805999994277954,18761.689453125,-0.028089861645378078,-0.00891114698130635,-0.019178714664071728
2022-09-19,3.7260000705718994,18565.970703125,-0.021019422970659174,-0.010431829739480092,-0.010587593231179082
2022-09-20,3.809999942779541,18781.419921875,0.02254424868938565,0.011604522176356546,0.010939726513029102
2022-09-21,3.690000057220459,18444.619140625,-0.03149603342816265,-0.017932658055194395,-0.013563375372968256
2022-09-22,3.625999927520752,18147.94921875,-0.017344208321751653,-0.016084361493893473,-0.0012598468278581798
2022-09-23,3.5420000553131104,17933.26953125,-0.023165988385740466,-0.011829418570237005,-0.011336569815503461
2022-09-26,3.618000030517578,17855.140625,0.021456796729990346,-0.004356645959837646,0.025813442689827992
2022-09-27,3.621999979019165,17860.310546875,0.001105568951865088,0.0002895480905795722,0.0008160208612855158
2022-09-28,3.4739999771118164,17250.880859375,-0.040861403303328214,-0.03412200957539513,-0.006739393727933085
2022-09-29,3.434000015258789,17165.869140625,-0.011514093873507214,-0.004927963936624202,-0.006586129936883012
2022-09-30,3.4000000953674316,17222.830078125,-0.00990096672693086,0.003318267023555199,-0.013219233750486059
2022-10-03,3.380000114440918,17079.509765625,-0.00588234716633218,-0.008321530889515816,0.0024391837231836355
2022-10-05,3.630000114440918,18087.970703125,0.07396449453711096,0.05904507514200863,0.014919419395102329
2022-10-06,3.614000082015991,18012.150390625,-0.004407722292149585,-0.004191753389278796,-0.00021596890287078896
2022-10-07,3.497999906539917,17740.05078125,-0.032097446829986276,-0.015106447785191879,-0.016990999044794397
2022-10-10,3.3519999980926514,17216.66015625,-0.04173811102004377,-0.02950333296414165,-0.012234778055902118
2022-10-11,3.2300000190734863,16832.359375,-0.036396175145759324,-0.02232144781637513,-0.014074727329384196
2022-10-12,3.2300000190734863,16701.029296875,0.0,-0.007802238248314497,0.007802238248314497
2022-10-13,3.115999937057495,16389.109375,-0.03529414283059096,-0.01867668850406512,-0.016617454326525838
2022-10-14,3.1600000858306885,16587.689453125,0.014120715552627283,0.012116587520485611,0.002004128032141672
2022-10-17,3.1700000762939453,16612.900390625,0.003164553858114205,0.0015198583004127908,0.0016446955577014144
2022-10-18,3.2980000972747803,16914.580078125,0.04037855454264849,0.01815936292919962,0.022219191613448874
2022-10-19,3.1519999504089355,16511.279296875,-0.044269297319453726,-0.023843381236024586,-0.02042591608342914
2022-10-20,3.072000026702881,16280.2197265625,-0.025380686854286183,-0.013994044080898771,-0.011386642773387412
2022-10-21,3.059999942779541,16211.1201171875,-0.003906277284840831,-0.004244390464967607,0.0003381131801267756
2022-10-24,2.759999990463257,15180.6904296875,-0.0980392019366445,-0.06356313937909253,-0.03447606255755198
2022-10-25,2.8420000076293945,15165.58984375,0.029710151249810135,-0.0009947232642311121,0.030704874514041247
2022-10-26,2.9019999504089355,15317.669921875,0.02111187284252991,0.010027969877325571,0.01108390296520434
2022-10-27,2.940000057220459,15427.9404296875,0.013094454672946787,0.007198908735787768,0.005895545937159019
2022-10-28,2.7739999294281006,14863.0595703125,-0.05646262740188468,-0.03661414574093236,-0.019848481660952322
2022-10-31,2.809999942779541,14687.01953125,0.012977654746682887,-0.011844131972270522,0.02482178671895341
2022-11-01,3.0480000972747803,15455.26953125,0.0846975656020188,0.052308094121163995,0.0323894714808548
2022-11-02,3.111999988555908,15827.169921875,0.02099733898904743,0.024063015521860187,-0.0030656765328127555
2022-11-03,2.9860000610351562,15339.490234375,-0.04048840873525228,-0.030812816814834942,-0.009675591920417337
2022-11-04,3.200000047683716,16161.1396484375,0.07166777705100658,0.053564323292910165,0.01810345375809641
2022-11-07,3.3480000495910645,16595.91015625,0.046249999906867734,0.026902218362709007,0.019347781544158726
2022-11-08,3.302000045776367,16557.310546875,-0.013739546933494218,-0.0023258507072878576,-0.01141369622620636
2022-11-09,3.2260000705718994,16358.51953125,-0.023016345896687773,-0.012006238275365289,-0.011010107621322485
2022-11-10,3.124000072479248,16081.0400390625,-0.031618101630905726,-0.016962384136133157,-0.014655717494772569
2022-11-11,3.444000005722046,17325.66015625,0.10243275474345359,0.07739674263382157,0.025036012109632022
2022-11-14,3.507999897003174,17619.7109375,0.018583011374795344,0.01697198136164091,0.0016110300131544353
2022-11-15,3.757999897003174,18343.119140625,0.07126568054165872,0.04105675772383832,0.030208922817820394
2022-11-16,3.759999990463257,18256.48046875,0.000532222861868048,-0.004723224616860255,0.005255447478728303
2022-11-17,3.6740000247955322,18045.66015625,-0.022872331352620234,-0.01154769742507955,-0.011324633927540684
2022-11-18,3.680000066757202,17992.5390625,0.0016331088517083092,-0.002943704651979795,0.004576813503688104
2022-11-21,3.5759999752044678,17655.91015625,-0.028260893931009834,-0.01870936086789443,-0.009551533063115403
2022-11-22,3.4719998836517334,17424.41015625,-0.029082799852868546,-0.013111756797088758,-0.015971043055779788
2022-11-23,3.507999897003174,17523.810546875,0.010368667787389763,0.00570466315551843,0.004664004631871332
2022-11-24,3.5360000133514404,17660.900390625,0.007981789387219385,0.007823061279012,0.00015872810820738437
2022-11-25,3.4619998931884766,17573.580078125,-0.02092763571367362,-0.004944272974120367,-0.015983362739553253
2022-11-28,3.388000011444092,17297.939453125,-0.02137489428869721,-0.015684944318380967,-0.005689949970316244
2022-11-29,3.6619999408721924,18204.6796875,0.0808736506796266,0.05241897376460014,0.028454676915026456
2022-11-30,3.746000051498413,18597.23046875,0.0229383156697196,0.021563179797090326,0.001375135872629274
2022-12-01,3.7820000648498535,18736.439453125,0.009610254366398285,0.007485468581406307,0.0021247857849919782
2022-12-02,3.8239998817443848,18675.349609375,0.011105186719820637,-0.0032604830764583204,0.014365669796278957
2022-12-05,4.184000015258789,19518.2890625,0.09414229724039225,0.045136475126647424,0.049005822113744824
2022-12-06,4.0960001945495605,19441.1796875,-0.021032461851887785,-0.003950621632515361,-0.017081840219372424
2022-12-07,3.9600000381469727,18814.8203125,-0.03320316160715997,-0.03221817734665178,-0.0009849842605081927
2022-12-08,4.210000038146973,19450.23046875,0.0631313125231645,0.033771789775098426,0.02935952274806608
2022-12-09,4.309999942779541,19900.869140625,0.023752946253317253,0.023168808852883638,0.0005841374004336153
2022-12-12,4.118000030517578,19463.630859375,-0.04454754403967376,-0.021970813342892415,-0.022576730696781344
2022-12-13,4.1620001792907715,19596.19921875,0.010684834494200546,0.006811080642291634,0.003873753851908912
2022-12-14,4.184000015258789,19673.44921875,0.005285880591135994,0.003942090970685985,0.0013437896204500088
2022-12-15,4.070000171661377,19368.58984375,-0.02724661643921167,-0.015495979968243256,-0.011750636470968412
2022-12-16,4.093999862670898,19450.669921875,0.005896729729061523,0.004237793189238559,0.0016589365398229639
2022-12-19,4.056000232696533,19352.810546875,-0.009281785844900914,-0.0050311570446189835,-0.00425062880028193
2022-12-20,3.930000066757202,19094.80078125,-0.03106512788722471,-0.013331901586080552,-0.017733226301144156
2022-12-21,3.9619998931884766,19160.490234375,0.0081424493352944,0.0034401748348955596,0.00470227450039884
2022-12-22,4.1479997634887695,19679.220703125,0.04694595540501312,0.02707292258208338,0.019873032822929737
2022-12-23,4.072000026702881,19593.060546875,-0.01832202052055265,-0.004378230091007573,-0.013943790429545078
2022-12-28,4.139999866485596,19898.91015625,0.01669937115343645,0.015610098720578947,0.001089272432857502
2022-12-29,4.035999774932861,19741.140625,-0.025120795871188983,-0.00792855136342463,-0.017192244507764354
2022-12-30,4.073999881744385,19781.41015625,0.0094152896260149,0.002039878648096183,0.007375410977918717
2023-01-03,4.171999931335449,20145.2890625,0.024054995688685077,0.018394993247487612,0.005660002441197465
2023-01-04,4.361999988555908,20793.109375,0.04554172108043164,0.03215740963012048,0.01338431145031116
2023-01-05,4.440000057220459,21052.169921875,0.01788172142805844,0.01245896138970326,0.005422760038355179
2023-01-06,4.374000072479248,20991.640625,-0.01486486123662989,-0.002875204651094143,-0.011989656585535746
2023-01-09,4.495999813079834,21388.33984375,0.02789202985345063,0.018897961614184222,0.008994068239266406
2023-01-10,4.50600004196167,21331.4609375,0.0022242502886105076,-0.002659341803315396,0.0048835920919259035
2023-01-11,4.47599983215332,21436.05078125,-0.006657836113842852,0.00490307926196154,-0.011560915375804393
2023-01-12,4.418000221252441,21514.099609375,-0.012957911768503472,0.003641007801365559,-0.01659891956986903
2023-01-13,4.489999771118164,21738.66015625,0.016296864250792575,0.010437831512927653,0.005859032737864922
2023-01-16,4.432000160217285,21746.720703125,-0.012917508654223142,0.00037079317754917795,-0.01328830183177232
2023-01-17,4.420000076293945,21577.640625,-0.0027076000653284416,-0.0077749689451201975,0.005067368879791756
2023-01-18,4.464000225067139,21678.0,0.009954784618484869,0.0046510819576688345,0.005303702660816034
2023-01-19,4.375999927520752,21650.98046875,-0.01971332730949027,-0.001246403323646117,-0.018466923985844153
2023-01-20,4.501999855041504,22044.650390625,0.028793402561169135,0.018182544778662768,0.010610857782506367
2023-01-26,4.677999973297119,22566.779296875,0.03909376364340034,0.0236850617722677,0.015408701871132635
2023-01-27,4.734000205993652,22688.900390625,0.01197097755797194,0.005411542876519793,0.006559434681452148
2023-01-30,4.50600004196167,22069.73046875,-0.0481622632257841,-0.02728955177267378,-0.020872711453110315
2023-01-31,4.47599983215332,21842.330078125,-0.006657836113842852,-0.010303723053935454,0.003645886940092602
2023-02-01,4.616000175476074,22072.1796875,0.03127800459621599,0.010523126816272876,0.020754877779943115
2023-02-02,4.613999843597412,21958.359375,-0.00043334744424172733,-0.005156731872949516,0.004723384428707789
2023-02-03,4.565999984741211,21660.470703125,-0.010403090698585027,-0.01356607143492472,0.0031629807363396933
2023-02-06,4.394000053405762,21222.16015625,-0.03766971789536655,-0.02023550424561016,-0.01743421364975639
2023-02-07,4.452000141143799,21298.69921875,0.013199837740803355,0.0036065632309092432,0.009593274509894112
2023-02-08,4.368000030517578,21283.51953125,-0.01886794877877962,-0.0007127049095391191,-0.0181552438692405
2023-02-09,4.48199987411499,21624.359375,0.02609886511010484,0.01601426132785755,0.010084603782247292
2023-02-10,4.291999816894531,21190.419921875,-0.04239180333711545,-0.020067158781437944,-0.02232464455567751
2023-02-13,4.314000129699707,21164.419921875,0.0051258885703060475,-0.0012269695501956335,0.006352858120501681
2023-02-14,4.26200008392334,21113.759765625,-0.012053788644644015,-0.00239364728336533,-0.009660141361278685
2023-02-15,4.3520002365112305,20812.169921875,0.021116881937046417,-0.014284042591079071,0.03540092452812549
2023-02-16,4.291999816894531,20987.669921875,-0.013786860375908039,0.008432566169639832,-0.02221942654554787
2023-02-17,4.199999809265137,20719.810546875,-0.0214352310238356,-0.012762701910078,-0.008672529113757599
2023-02-20,4.239999771118164,20886.9609375,0.00952380087370197,0.008067177556804861,0.0014566233168971099
2023-02-21,4.085999965667725,20529.490234375,-0.03632071079329968,-0.017114538787842748,-0.019206172005456934
2023-02-22,4.03000020980835,20423.83984375,-0.01370527565587576,-0.00514627442858262,-0.00855900122729314
2023-02-23,4.090000152587891,20351.349609375,0.014888322495247408,-0.0035492950850367633,0.01843761758028417
2023-02-24,3.946000099182129,20010.0390625,-0.03520783570500541,-0.01677090480121146,-0.018436930903793947
2023-02-27,3.9100000858306885,19943.509765625,-0.009123165850629888,-0.0033247959520319448,-0.005798369898597944
2023-02-28,3.859999895095825,19785.939453125,-0.012787772285749344,-0.00790083161648869,-0.004886940669260653
2023-03-01,4.122000217437744,20619.7109375,0.06787573302133842,0.04213959546122603,0.025736137560112393
2023-03-02,4.065999984741211,20429.4609375,-0.013585693775470808,-0.009226608490131794,-0.004359085285339015
2023-03-03,4.150000095367432,20567.5390625,0.020659151731789116,0.006758774762702924,0.013900376969086192
2023-03-06,4.107999801635742,20603.189453125,-0.01012055247385979,0.001733332826871825,-0.011853885300731615
2023-03-07,4.050000190734863,20534.48046875,-0.014118698564149046,-0.0033348712601668495,-0.010783827303982196
2023-03-08,3.9240000247955322,20051.25,-0.03111115061860492,-0.023532636702710552,-0.007578513915894369
2023-03-09,3.864000082015991,19925.740234375,-0.015290505198879867,-0.006259448444610682,-0.009031056754269184
2023-03-10,3.7100000381469727,19319.919921875,-0.03985508297108298,-0.030403904967849837,-0.00945117800323314
2023-03-13,3.8320000171661377,19695.970703125,0.032884091041707864,0.019464406828323177,0.013419684213384686
2023-03-14,3.7219998836517334,19247.9609375,-0.028705671456586312,-0.02274626482633413,-0.005959406630252184
2023-03-15,3.809999942779541,19539.869140625,0.023643219204367405,0.015165668928405207,0.008477550275962198
2023-03-16,3.75600004196167,19203.91015625,-0.014173202527261952,-0.01719351250293244,0.0030203099756704876
2023-03-17,3.9159998893737793,19518.58984375,0.04259846795117328,0.016386229936489638,0.026212238014683642
2023-03-20,3.808000087738037,19000.7109375,-0.027579112534911965,-0.026532598430302534,-0.0010465141046094306
2023-03-21,3.890000104904175,19258.759765625,0.021533617457148102,0.013581009098754926,0.007952608358393176
2023-03-22,3.944000005722046,19591.4296875,0.013881722200930646,0.017273693941018076,-0.0033919717400874294
2023-03-23,4.119999885559082,20049.640625,0.04462471591827866,0.02338833585954947,0.021236380058729187
2023-03-24,4.150000095367432,19915.6796875,0.007281604524675522,-0.006681463274357369,0.013963067799032891
2023-03-27,4.035999774932861,19567.689453125,-0.02746995609995928,-0.017473178914070187,-0.009996777185889094
2023-03-28,4.076000213623047,19784.650390625,0.00991091202200356,0.011087713652638165,-0.0011768016306346052
2023-03-29,4.165999889373779,20192.400390625,0.02208039034196574,0.020609411435099867,0.0014709789068658718
2023-03-30,4.193999767303467,20309.130859375,0.00672104624897063,0.0057809109611453025,0.0009401352878253277
2023-03-31,4.223999977111816,20400.109375,0.007153126245316388,0.0044796853324229335,0.0026734409128934544
2023-04-03,4.22599983215332,20409.1796875,0.00047345053322445096,0.0004446207779216227,2.8829755302828275e-05
2023-04-04,4.156000137329102,20274.58984375,-0.016564055277908274,-0.00659457390305751,-0.009969481374850764
2023-04-06,4.165999889373779,20331.19921875,0.002406100027490421,0.002792134165784388,-0.00038603413829396693
2023-04-11,4.165999889373779,20485.240234375,0.0,0.007576582864966319,-0.007576582864966319
2023-04-12,4.0920000076293945,20309.859375,-0.01776281414052272,-0.00856132793017994,-0.00920148621034278
2023-04-13,4.090000152587891,20344.48046875,-0.000488723127511026,0.0017046446807316151,-0.002193367808242641
2023-04-14,4.093999862670898,20438.810546875,0.0009779241891902934,0.004636642271101277,-0.0036587180819109832
2023-04-17,4.177999973297119,20782.44921875,0.020517858681954104,0.016813046487557992,0.003704812194396112
2023-04-18,4.125999927520752,20650.509765625,-0.012446157517643663,-0.006348599808244093,-0.00609755770939957
2023-04-19,4.0320000648498535,20367.759765625,-0.022782322908905472,-0.013692155942351958,-0.009090166966553515
2023-04-20,4.02400016784668,20396.970703125,-0.001984101407367378,0.0014341752768165517,-0.0034182766841839296
2023-04-21,3.9079999923706055,20075.73046875,-0.028827080178316256,-0.015749409020123895,-0.013077671158192361
2023-04-24,3.8959999084472656,19959.939453125,-0.0030706458410355575,-0.005767711207581794,0.0026970653665462363
2023-04-25,3.76200008392334,19617.880859375,-0.0343942062815219,-0.017137256080025143,-0.017256950201496757
2023-04-26,3.808000087738037,19757.26953125,0.012227539284561662,0.00710518495214485,0.005122354332416812
2023-04-27,3.7880001068115234,19840.279296875,-0.005252095710531757,0.004201479637340855,-0.009453575347872611
2023-04-28,3.8440001010894775,19894.5703125,0.014783524999710584,0.0027364037981840728,0.012047121201526512
2023-05-02,3.8239998817443848,19933.810546875,-0.005202970556484665,0.001972409243256923,-0.007175379799741588
2023-05-03,3.7720000743865967,19699.16015625,-0.013598276403206211,-0.011771476912214696,-0.0018267994909915153
2023-05-04,3.7880001068115234,19948.73046875,0.004241790060815154,0.012669083885833432,-0.008427293825018278
2023-05-05,3.828000068664551,20049.310546875,0.010559651722580554,0.005041928772488102,0.005517722950092452
2023-05-08,3.8499999046325684,20297.029296875,0.005747083483123472,0.012355474739185635,-0.006608391256062163
2023-05-09,3.7279999256134033,19867.580078125,-0.031688307023687634,-0.021158230225155172,-0.010530076798532462
2023-05-10,3.747999906539917,19762.19921875,0.005364801857720813,-0.005304161803330487,0.0106689636610513
2023-05-11,3.799999952316284,19743.7890625,0.013874078728132178,-0.0009315843872544916,0.014805663115386669
2023-05-12,3.809999942779541,19627.240234375,0.0026315764707212086,-0.005903062869850317,0.008534639340571526
2023-05-15,3.859999895095825,19971.130859375,0.013123347261734475,0.01752108910338368,-0.004397741841649205
2023-05-16,3.888000011444092,19978.25,0.0072539163495422,0.0003564715826624987,0.006897444766879701
2023-05-17,3.802000045776367,19560.5703125,-0.022119332668361302,-0.020906720433471415,-0.0012126122348898871
2023-05-18,3.8420000076293945,19727.25,0.010520768377544565,0.00852120796260647,0.0019995604149380952
2023-05-19,3.7699999809265137,19450.5703125,-0.0187402463716565,-0.014025253773333857,-0.004714992598322643
2023-05-22,3.8380000591278076,19678.169921875,0.01803715611281831,0.011701436293039214,0.006335719819779095
2023-05-23,3.7799999713897705,19431.25,-0.01511206014708033,-0.012547910850211452,-0.0025641492968688784
2023-05-24,3.7019999027252197,19115.9296875,-0.020634938956328286,-0.016227484721775487,-0.004407454234552799
2023-05-25,3.635999917984009,18746.919921875,-0.017828197319136985,-0.019303783371116823,0.001475586051979838
2023-05-29,3.5880000591278076,18551.109375,-0.013201281611363358,-0.010444944966480407,-0.0027563366448829507
2023-05-30,3.6519999504089355,18595.779296875,0.01783720463390548,0.002407938036050661,0.015429266597854818
2023-05-31,3.552000045776367,18234.26953125,-0.02738223055599187,-0.019440420315471885,-0.007941810240519986
2023-06-01,3.565999984741211,18216.91015625,0.003941424207325461,-0.0009520192169063524,0.004893443424231814
2023-06-02,3.759999990463257,18949.939453125,0.05440269392937891,0.04023894780111803,0.014163746128260879
2023-06-05,3.7760000228881836,19108.5,0.004255327783379892,0.008367337915101025,-0.004112010131721133
2023-06-06,3.757999897003174,19099.279296875,-0.004766982461838487,-0.0004825445809456541,-0.004284437880892833
2023-06-07,3.8580000400543213,19252.0,0.026609937677457784,0.007996150051064355,0.01861378762639343
2023-06-08,3.8239998817443848,19299.1796875,-0.008812897344982362,0.002450638245377057,-0.01126353559035942
2023-06-09,3.864000082015991,19389.94921875,0.010460303741787635,0.004703284425544352,0.005757019316243284
2023-06-12,3.880000114440918,19404.310546875,0.00414079505313536,0.0007406583670219735,0.0034001366861133864
2023-06-13,3.9519999027252197,19521.419921875,0.018556645917696457,0.006035224736127498,0.012521421181568959
2023-06-14,3.9779999256134033,19408.419921875,0.006578953321900283,-0.005788513358773506,0.012367466680673789
2023-06-15,4.127999782562256,19828.919921875,0.03770735539310577,0.021665854391683892,0.016041501001421876
2023-06-16,4.1519999504089355,20040.369140625,0.005813994455150517,0.010663678081463734,-0.004849683626313217
2023-06-19,4.107999801635742,19912.890625,-0.010597338463084416,-0.0063610862020789805,-0.004236252261005435
2023-06-20,4.02400016784668,19607.080078125,-0.020447818365428194,-0.015357416089609055,-0.005090402275819139
2023-06-21,3.8959999084472656,19218.349609375,-0.03180920826549305,-0.019826025456166407,-0.011983182809326642
2023-06-23,3.818000078201294,18889.970703125,-0.020020490780005784,-0.01708673808753125,-0.002933752692474534
2023-06-26,3.819999933242798,18794.130859375,0.0005237964904512005,-0.005073583503977908,0.005597379994429108
2023-06-27,3.9000000953674316,19148.130859375,0.020942451183951105,0.018835667509647935,0.00210678367430317
2023-06-28,3.931999921798706,19172.05078125,0.008205083499686294,0.0012492040111209413,0.006955879488565353
2023-06-29,3.8559999465942383,18934.359375,-0.019328580039671306,-0.012397808088556617,-0.006930771951114689
2023-06-30,3.8420000076293945,18916.4296875,-0.0036306896158566637,-0.000946939220118237,-0.0026837503957384268
2023-07-03,3.9800000190734863,19306.58984375,0.035918795203033094,0.020625464883990086,0.015293330319043008
2023-07-04,4.004000186920166,19415.6796875,0.0060301928974026975,0.005650394224608002,0.0003797986727946956
2023-07-05,3.944000005722046,19110.380859375,-0.014985059539737833,-0.01572434408884249,0.0007392845491046574
2023-07-06,3.875999927520752,18533.05078125,-0.01724139911324485,-0.030210286355532134,0.012968887242287286
2023-07-07,3.828000068664551,18365.69921875,-0.012383864745555861,-0.009029898232907785,-0.0033539665126480767
2023-07-10,3.869999885559082,18479.720703125,0.010971738803856157,0.0062083933215346665,0.0047633454823214905
2023-07-11,3.9260001182556152,18659.830078125,0.014470344793936052,0.009746325601638794,0.004724019192297257
2023-07-12,4.00600004196167,18860.94921875,0.02037695397258421,0.010778187142270523,0.009598766830313687
2023-07-13,4.159999847412109,19350.619140625,0.03844228752804213,0.025962103826047578,0.012480183701994552
2023-07-14,4.1479997634887695,19413.779296875,-0.0028846356643029702,0.0032639863247270196,-0.00614862198902999
2023-07-18,4.050000190734863,19015.720703125,-0.02362574212672608,-0.02050392083184316,-0.0031218212948829205
2023-07-19,4.039999961853027,18952.310546875,-0.0024691922002160194,-0.0033346175640652786,0.0008654253638492593
2023-07-20,3.992000102996826,18928.01953125,-0.011881153294413638,-0.001281691515391814,-0.010599461779021824
2023-07-21,4.038000106811523,19075.259765625,0.011523046750465893,0.007778956172985074,0.0037440905774808186
2023-07-24,3.947999954223633,18668.150390625,-0.0222882987140276,-0.021342271612659225,-0.0009460271013683741
2023-07-25,4.184000015258789,19434.400390625,0.059777118483165026,0.04104584460519467,0.018731273877970356
2023-07-26,4.150000095367432,19365.140625,-0.008126175852619988,-0.003563771674602867,-0.004562404178017121
2023-07-27,4.265999794006348,19639.109375,0.027951733969453274,0.014147521843776989,0.013804212125676285
2023-07-28,4.395999908447266,19916.560546875,0.030473539783936632,0.014127482391242507,0.016346057392694124
2023-07-31,4.480000019073486,20078.939453125,0.019108305817934212,0.00815295923549808,0.010955346582436132
2023-08-01,4.4679999351501465,20011.119140625,-0.002678590150055782,-0.0033776839986160434,0.0006990938485602616
2023-08-02,4.320000171661377,19517.380859375,-0.03312438801183559,-0.024673196825241606,-0.008451191186593987
2023-08-03,4.331999778747559,19420.869140625,0.002777686715129679,-0.004944911381572048,0.007722598096701727
2023-08-04,4.4079999923706055,19539.4609375,0.017543909857959283,0.006106410378252658,0.011437499479706625
2023-08-07,4.427999973297119,19537.919921875,0.0045372007625068544,-7.886684437863334e-05,0.004616067606885488
2023-08-08,4.309999942779541,19184.169921875,-0.02664860687199022,-0.01810581686354107,-0.008542790008449153
2023-08-09,4.300000190734863,19246.029296875,-0.002320128115414488,0.003224500994930324,-0.005544629110344812
2023-08-10,4.303999900817871,19248.259765625,0.0009301650943238648,0.00011589241165510522,0.0008142726826687596
2023-08-11,4.210000038146973,19075.189453125,-0.021840117294853134,-0.008991478430121824,-0.01284863886473131
2023-08-14,4.131999969482422,18773.55078125,-0.018527332056481938,-0.015813141600309666,-0.002714190456172272
2023-08-15,4.110000133514404,18581.109375,-0.005324258502057422,-0.01025066640255401,0.004926407900496588
2023-08-16,4.050000190734863,18329.30078125,-0.014598525749495717,-0.013551860046031261,-0.0010466657034644555
2023-08-17,4.0960001945495605,18326.630859375,0.011358025098352043,-0.00014566414217676016,0.011503689240528803
2023-08-18,3.934000015258789,17950.849609375,-0.0395508231435977,-0.02050465537738322,-0.019046167766214483
2023-08-21,3.8559999465942383,17623.2890625,-0.019827165318254236,-0.018247634736125673,-0.0015795305821285632
2023-08-22,3.937999963760376,17791.009765625,0.021265564912303248,0.009516992119359191,0.011748572792944056
2023-08-23,3.946000099182129,17845.919921875,0.002031522472162095,0.003086399084333946,-0.0010548766121718511
2023-08-24,4.079999923706055,18212.169921875,0.0339583936026,0.020522898320924465,0.013435495281675536
2023-08-25,3.996000051498413,18119.390625,-0.020588204357450235,-0.005094357085014933,-0.015493847272435302
2023-08-28,4.058000087738037,18130.740234375,0.015515524384534407,0.0006263791983898148,0.014889145186144592
2023-08-29,4.1579999923706055,18484.029296875,0.02464265708981528,0.019485639192501347,0.005157017897313931
2023-08-30,4.124000072479248,18482.859375,-0.008176988925864048,-6.329366050061846e-05,-0.00811369526536343
2023-08-31,4.105999946594238,18382.060546875,-0.004364724919655116,-0.005453638210402678,0.0010889132907475618
2023-09-04,4.223999977111816,18844.16015625,0.028738439369794477,0.025138618611152186,0.0035998207586422915
2023-09-05,4.113999843597412,18456.91015625,-0.026041698416300108,-0.020550133133503512,-0.0054915652827965955
2023-09-06,4.104000091552734,18449.98046875,-0.0024306641771608684,-0.0003754521987340276,-0.0020552119784268408
2023-09-07,4.02400016784668,18202.0703125,-0.019493158362914875,-0.01343687906173685,-0.006056279301178025
2023-09-11,4.00600004196167,18096.44921875,-0.004473192130765247,-0.00580269672277145,0.0013295045920062032
2023-09-12,3.992000102996826,18025.890625,-0.0034947425906636242,-0.0038990297431881205,0.0004042871525244962
2023-09-13,3.9679999351501465,18009.220703125,-0.006012065938741484,-0.0009247766017108638,-0.0050872893370306205
2023-09-14,3.996000051498413,18047.919921875,0.007056481049868557,0.0021488558215783105,0.004907625228290247
2023-09-15,4.007999897003174,18182.890625,0.0030029643018301133,0.007478463097645216,-0.004475498795815103
2023-09-18,3.9179999828338623,17930.55078125,-0.022455068982562998,-0.013877872828594873,-0.008577196153968125
2023-09-19,3.9100000858306885,17997.169921875,-0.0020418318116958156,0.003715398452492913,-0.0057572302641887285
2023-09-20,3.8559999465942383,17885.599609375,-0.013810776995156426,-0.00619932539306578,-0.007611451602090646
2023-09-21,3.7839999198913574,17655.41015625,-0.018672206353756327,-0.012870099865388007,-0.005802106488368319
2023-09-22,3.921999931335449,18057.44921875,0.03646934840528582,0.022771437136943407,0.013697911268342411
2023-09-25,3.815999984741211,17729.2890625,-0.02702701388323203,-0.018173118045335723,-0.008853895837896308
2023-09-26,3.747999906539917,17466.900390625,-0.01781972706320789,-0.014799728909039578,-0.003019998154168313
2023-09-27,3.76200008392334,17611.869140625,0.003735372927569758,0.00829962653693328,-0.004564253609363522
2023-09-28,3.7100000381469727,17373.029296875,-0.01382244673480626,-0.013561300157464373,-0.0002611465773418864
2023-09-29,3.8480000495910645,17809.66015625,0.037196768200848496,0.025132684226436997,0.0120640839744115
2023-10-03,3.746000051498413,17331.220703125,-0.02650727566999156,-0.026864041701385233,0.0003567660313936738
2023-10-04,3.680000066757202,17195.83984375,-0.017618789064034024,-0.007811386266092013,-0.00980740279794201
2023-10-05,3.687999963760376,17213.869140625,0.002173885015774868,0.0010484685272031946,0.0011254164885716733
2023-10-06,3.747999906539917,17485.98046875,0.016268965121779333,0.015807679604279867,0.00046128551749946567
2023-10-09,3.753999948501587,17517.400390625,0.0016008650243561906,0.0017968636034537688,-0.00019599857909757823
2023-10-10,3.803999900817871,17664.73046875,0.01331911374592365,0.008410498980422343,0.004908614765501307
2023-10-11,3.884000062942505,17893.099609375,0.021030537384460368,0.012927971985137177,0.008102565399323192
2023-10-12,3.946000099182129,18238.2109375,0.015962933891574993,0.01928739769291732,-0.0033244638013423256
2023-10-13,3.808000087738037,17813.44921875,-0.034972125690694855,-0.023289659287613396,-0.01168246640308146
2023-10-16,3.7360000610351562,17640.359375,-0.018907569601882335,-0.009716806757885443,-0.009190762843996891
2023-10-17,3.7639999389648438,17773.33984375,0.007494613884435841,0.007538421747714574,-4.3807863278733095e-05
2023-10-18,3.7100000381469727,17732.51953125,-0.014346413839932737,-0.002296715916021541,-0.012049697923911196
2023-10-19,3.630000114440918,17295.890625,-0.021563321531935076,-0.024623060782791195,0.0030597392508561194
2023-10-20,3.5959999561309814,17172.130859375,-0.00936643450083563,-0.007155443354048163,-0.0022109911467874666
2023-10-24,3.558000087738037,16991.529296875,-0.010567260527396982,-0.01051713173973412,-5.0128787662861995e-05
2023-10-25,3.638000011444092,17085.330078125,0.02248451988007516,0.005520443722935031,0.01696407615714013
2023-10-26,3.6419999599456787,17044.609375,0.001099491063497604,-0.0023833723398259954,0.0034828634033235994
2023-10-27,3.7339999675750732,17398.73046875,0.025260848061834373,0.020776134316659922,0.004484713745174451
2023-10-30,3.7839999198913574,17406.359375,0.013390453334351626,0.0004384748797450211,0.012951978454606605
2023-10-31,3.694000005722046,17112.48046875,-0.023784333000698266,-0.016883421737924453,-0.006900911262773812
2023-11-01,3.681999921798706,17101.779296875,-0.0032485338128726005,-0.0006253431169456203,-0.00262319069592698
2023-11-02,3.740000009536743,17230.58984375,0.01575233269144216,0.007531996796294571,0.00822033589514759
2023-11-03,3.8580000400543213,17664.119140625,0.031550810218365255,0.025160444349631605,0.0063903658687336495
2023-11-06,4.01200008392334,17966.58984375,0.039917066425652514,0.01712345239052193,0.022793614035130583
2023-11-07,3.9779999256134033,17670.16015625,-0.008474615553020537,-0.01649893998126295,0.008024324428242413
2023-11-08,3.944000005722046,17568.4609375,-0.008546988568913783,-0.00575542144783725,-0.0027915671210765325
2023-11-09,3.9579999446868896,17511.2890625,0.0035496802597698718,-0.0032542335497337538,0.0068039138095036256
2023-11-10,3.813999891281128,17203.259765625,-0.036382025118283146,-0.01759032677580752,-0.018791698342475627
2023-11-13,3.9079999923706055,17426.2109375,0.024646068109326347,0.01295982127297135,0.011686246836354997
2023-11-14,3.874000072479248,17396.859375,-0.008700081872500931,-0.0016843341679536605,-0.0070157477045472705
2023-11-15,4.050000190734863,18079.0,0.045431108663604114,0.03921056153274782,0.006220547130856291
2023-11-16,3.9739999771118164,17832.8203125,-0.018765483961435736,-0.013616886304552267,-0.005148597656883469
2023-11-17,3.9040000438690186,17454.189453125,-0.017614477515340066,-0.021232247773482982,0.003617770258142916
2023-11-20,4.0,17778.0703125,0.02459015242116691,0.018556052702694448,0.006034099718472463
2023-11-21,3.9539999961853027,17733.890625,-0.011500000953674316,-0.0024850665299110952,-0.009014934423763221
2023-11-22,3.950000047683716,17734.599609375,-0.0010116207651608145,3.997906550745611e-05,-0.0010515998306682706
2023-11-23,4.035999774932861,17910.83984375,0.02177208258505603,0.009937649468095833,0.011834433116960197
2023-11-24,3.946000099182129,17559.419921875,-0.022299227148056433,-0.019620516119886355,-0.0026787110281700777
2023-11-27,3.9560000896453857,17525.060546875,0.002534209379601693,-0.0019567488648754017,0.004490958244477095
2023-11-28,3.9260001182556152,17354.140625,-0.007583410189573536,-0.009752886240697034,0.002169476051123498
2023-11-29,3.8399999141693115,16993.439453125,-0.021905298394263695,-0.020784732570126918,-0.0011205658241367766
2023-11-30,3.828000068664551,17042.880859375,-0.003124959836713126,0.002909440810165531,-0.006034400646878657
2023-12-01,3.753999948501587,16830.30078125,-0.019331274512954688,-0.012473247913838637,-0.006858026599116052
2023-12-04,3.697999954223633,16646.05078125,-0.014917420097543266,-0.010947516767214616,-0.00396990333032865
2023-12-05,3.611999988555908,16327.8603515625,-0.02325580495735291,-0.019115070227102016,-0.0041407347302508946
2023-12-06,3.681999921798706,16463.259765625,0.019379826540582012,0.008292538712798558,0.011087287827783454
2023-12-07,3.6500000953674316,16345.8896484375,-0.008690881887808977,-0.007129214922099836,-0.0015616669657091409
2023-12-08,3.638000011444092,16334.3701171875,-0.0032876941396714487,-0.0007047356551254103,-0.0025829584845460385
2023-12-11,3.5980000495910645,16201.490234375,-0.010995041706211905,-0.00813498664834833,-0.0028600550578635753
2023-12-12,3.6600000858306885,16374.5,0.017231805276564982,0.010678632836991886,0.006553172439573096
2023-12-13,3.618000030517578,16228.75,-0.011475424679826984,-0.008901035146111291,-0.002574389533715693
2023-12-14,3.630000114440918,16402.189453125,0.003316772753488184,0.010687172648848442,-0.007370399895360258
2023-12-15,3.7079999446868896,16792.189453125,0.021487555864164287,0.02377731345650913,-0.0022897575923448432
2023-12-18,3.6600000858306885,16629.23046875,-0.012944945947202413,-0.009704451276582815,-0.003240494670619598
2023-12-19,3.638000011444092,16505.0,-0.006010949144992561,-0.007470608395466982,0.001459659250474421
2023-12-20,3.6519999504089355,16613.810546875,0.003848251490050636,0.006592580846713103,-0.002744329356662467
2023-12-21,3.6459999084472656,16621.130859375,-0.0016429468902369182,0.0004406161054590907,-0.002083562995696009
2023-12-22,3.4820001125335693,16340.41015625,-0.04498074603176261,-0.01688938649843208,-0.02809135953333053
2023-12-27,3.572000026702881,16624.83984375,0.025847188759516193,0.017406520691967353,0.00844066806754884
2023-12-28,3.687999963760376,17043.529296875,0.0324747861675041,0.025184570622038382,0.007290215545465717
2023-12-29,3.694000005722046,17047.390625,0.0016269094416021534,0.0002265568391230932,0.0014003526024790602
2024-01-02,3.6559998989105225,16788.55078125,-0.010286980712685634,-0.01518354623554008,0.004896565522854446
2024-01-03,3.5820000171661377,16646.41015625,-0.020240668432850994,-0.008466521431900298,-0.011774147000950697
2024-01-04,3.5840001106262207,16645.98046875,0.000558373380931787,-2.5812622419296716e-05,0.0005841860033510837
2024-01-05,3.5320000648498535,16535.330078125,-0.014508940896009404,-0.0066472738468441595,-0.007861667049165244
2024-01-08,3.4140000343322754,16224.4501953125,-0.03340884154898627,-0.018800948111932225,-0.014607893437054043
2024-01-09,3.3919999599456787,16190.01953125,-0.006444075619612466,-0.0021221467382881443,-0.004321928881324322
2024-01-10,3.359999895095825,16097.2802734375,-0.009433981494022747,-0.0057281745481216895,-0.003705806945901058
2024-01-11,3.437999963760376,16302.0400390625,0.023214306874948853,0.012720146642590135,0.010494160232358718
2024-01-12,3.4019999504089355,16244.580078125,-0.010471208182348146,-0.003524709839984208,-0.006946498342363938
2024-01-15,3.3980000019073486,16216.330078125,-0.0011757638330083253,-0.0017390415673497195,0.0005632777343413942
2024-01-16,3.257999897003174,15865.919921875,-0.04120073714702488,-0.021608474578516668,-0.019592262568508212
2024-01-17,3.0940001010894775,15276.900390625,-0.05033756939788403,-0.03712482693410635,-0.013212742463777682
2024-01-18,3.109999895095825,15391.7900390625,0.005171232541561155,0.007520481609476493,-0.0023492490679153377
2024-01-19,3.068000078201294,15308.6904296875,-0.013504764730301377,-0.005398956792166731,-0.008105807938134646
2024-01-22,2.9739999771118164,14961.1796875,-0.03063888484142019,-0.0227002266316384,-0.00793865820978179
2024-01-23,3.0820000171661377,15353.98046875,0.03631474138718893,0.02625466637354701,0.010060075013641923
2024-01-24,3.2219998836517334,15899.8701171875,0.04542500509598435,0.035553623996627426,0.009871381099356924
2024-01-25,3.242000102996826,16211.9599609375,0.006207392944541423,0.019628452399283125,-0.013421059454741702
2024-01-26,3.119999885559082,15952.23046875,-0.03763115779205872,-0.016020856997754462,-0.02161030079430426
2024-01-29,3.1480000019073486,16077.240234375,0.008974396594648937,0.007836506993168735,0.001137889601480202
2024-01-30,3.0260000228881836,15703.4501953125,-0.038754758241818954,-0.023249639466311756,-0.015505118775507198
2024-01-31,2.940000057220459,15485.0703125,-0.028420345346078846,-0.013906490618073697,-0.014513854728005149
2024-02-01,3.00600004196167,15566.2099609375,0.022448973964853902,0.005239863093937869,0.017209110870916033
2024-02-02,2.9839999675750732,15533.5595703125,-0.007318720585326344,-0.002097517038953889,-0.005221203546372455
2024-02-05,2.9760000705718994,15510.009765625,-0.002680930660222125,-0.001516059766011879,-0.001164870894210246
2024-02-06,3.186000108718872,16136.8701171875,0.07056452727389106,0.040416502699554435,0.03014802457433663
2024-02-07,3.121999979019165,16081.8896484375,-0.020087924518446543,-0.003407133375352589,-0.016680791143093954
2024-02-08,3.1040000915527344,15878.0703125,-0.0057654989069172435,-0.012673842464607565,0.006908343557690322
2024-02-09,3.065999984741211,15746.580078125,-0.01224230209107835,-0.008281247770485334,-0.003961054320593016
2024-02-14,3.1419999599456787,15879.3798828125,0.024787989426843682,0.008433564877492694,0.016354424549350988
2024-02-15,3.1579999923706055,15944.6298828125,0.005092308284180724,0.004109102526769659,0.0009832057574110653
2024-02-16,3.2799999713897705,16339.9599609375,0.03863203904810142,0.024793932567299448,0.01383810648080197
2024-02-19,3.190000057220459,16155.6103515625,-0.02743899846169129,-0.011282133482316214,-0.016156864979375074
2024-02-20,3.191999912261963,16247.509765625,0.0006269137948688996,0.005688390104903185,-0.005061476310034285
2024-02-21,3.2799999713897705,16503.099609375,0.027568941587297058,0.015731016471875137,0.011837925115421921
2024-02-22,3.3359999656677246,16742.94921875,0.017073169136104127,0.014533609749210141,0.002539559386893986
2024-02-23,3.3359999656677246,16725.859375,0.0,-0.001020718842703161,0.001020718842703161
2024-02-26,3.319999933242798,16634.740234375,-0.0047961728386062275,-0.005447800234479772,0.0006516273958735441
2024-02-27,3.430000066757202,16790.80078125,0.03313257100188016,0.00938160408134947,0.02375096692053069
2024-02-28,3.3540000915527344,16536.849609375,-0.022157426742069997,-0.015124422901770296,-0.007033003840299701
2024-02-29,3.364000082015991,16511.439453125,0.002981511684642557,-0.0015365778156194443,0.004518089500262001
2024-03-01,3.4119999408721924,16589.439453125,0.014268685400101289,0.004723997578856665,0.009544687821244624
2024-03-04,3.4000000953674316,16595.970703125,-0.0035169536086490094,0.000393699257799085,-0.003910652866448094
2024-03-05,3.259999990463257,16162.6396484375,-0.04117650028743458,-0.026110618199989055,-0.015065882087445526
2024-03-06,3.3380000591278076,16438.08984375,0.02392640150083758,0.01704240156954362,0.00688399993129396
2024-03-07,3.2899999618530273,16229.7802734375,-0.01437989707145848,-0.01267237083460171,-0.0017075262368567712
2024-03-08,3.312000036239624,16353.3896484375,0.0066869527786272975,0.007616207546710108,-0.00092925476808281
2024-03-11,3.4059998989105225,16587.5703125,0.02838160073742757,0.01432000760067953,0.01406159313674804
2024-03-12,3.568000078201294,17093.5,0.047563177950354696,0.030500530093834355,0.01706264785652034
2024-03-13,3.5759999752044678,17082.109375,0.0022421235504026527,-0.0006663717202445296,0.0029084952706471823
2024-03-14,3.5320000648498535,16961.66015625,-0.012304225575979877,-0.007051191167659843,-0.005253034408320034
2024-03-15,3.4800000190734863,16720.890625,-0.014722549496492654,-0.014194927208306396,-0.000527622288186258
2024-03-18,3.51200008392334,16737.119140625,0.00919542088346681,0.0009705533029882307,0.008224867580478579
2024-03-19,3.4619998931884766,16529.48046875,-0.014236956019376579,-0.012405878821225014,-0.001831077198151565
2024-03-20,3.4760000705718994,16543.0703125,0.0040439566191114995,0.0008221579483815855,0.003221798670729914
2024-03-21,3.503999948501587,16863.099609375,0.008055200621754022,0.019345217715310392,-0.01129001709355637
2024-03-22,3.388000011444092,16499.470703125,-0.033105005354552075,-0.021563586450491057,-0.011541418904061018
2024-03-25,3.368000030517578,16473.640625,-0.005903182071711033,-0.0015655094996537278,-0.004337672572057305
2024-03-26,3.3980000019073486,16618.3203125,0.008907354844994053,0.00878249627956773,0.00012485856542632234
2024-03-27,3.328000068664551,16392.83984375,-0.020600333491320177,-0.013568186465896748,-0.00703214702542343
2024-03-28,3.4019999504089355,16541.419921875,0.02223554093076663,0.009063718034288515,0.013171822896478114
2024-04-02,3.4660000801086426,16931.51953125,0.0188125016556846,0.023583199702168045,-0.004770698046483446
2024-04-03,3.4000000953674316,16725.099609375,-0.019042118642750294,-0.01219145874615779,-0.006850659896592504
2024-04-05,3.3940000534057617,16723.919921875,-0.0017647181745215068,-7.053395959077946e-05,-0.0016941842149307274
2024-04-08,3.380000114440918,16732.849609375,-0.004124908292442497,0.0005339470376390931,-0.0046588553300815905
2024-04-09,3.4179999828338623,16828.0703125,0.01124256423264347,0.005690644770490971,0.005551919462152499
2024-04-10,3.48799991607666,17139.169921875,0.02047979332778138,0.018486944943646444,0.0019928483841349376
2024-04-11,3.4779999256134033,17095.029296875,-0.0028669698118871656,-0.002575423734125115,-0.00029154607776205044
2024-04-12,3.4159998893737793,16721.689453125,-0.01782634777621206,-0.021839087682537506,0.0040127399063254465
2024-04-15,3.4000000953674316,16600.4609375,-0.004683780598506049,-0.0072497767623800335,0.0025659961638739848
2024-04-16,3.2699999809265137,16248.9697265625,-0.038235326704268546,-0.021173581399989372,-0.017061745304279174
2024-04-17,3.2799999713897705,16251.83984375,0.0030581010769374917,0.0001766337949911101,0.0028814672819463816
2024-04-18,3.2960000038146973,16385.869140625,0.004878058708685629,0.008247022993310038,-0.0033689642846244094
2024-04-19,3.2179999351501465,16224.1396484375,-0.023665069348991374,-0.009870058817113891,-0.013795010531877483
2024-04-22,3.2720000743865967,16511.689453125,0.016780652680134622,0.01772357800896973,-0.0009429253288351092
2024-04-23,3.378000020980835,16828.9296875,0.03239607096100383,0.019213069339488964,0.013183001621514867
2024-04-24,3.5,17201.26953125,0.036116038561699426,0.02212498659534856,0.013991051966350865
2024-04-25,3.4860000610351562,17284.5390625,-0.003999982561383897,0.004840894510647731,-0.008840877072031628
2024-04-26,3.640000104904175,17651.150390625,0.04417671863817718,0.021210361861508265,0.022966356776668917
2024-04-29,3.6440000534057617,17746.91015625,0.0010988869193155892,0.005425128872952101,-0.0043262419536365115
2024-04-30,3.628000020980835,17763.029296875,-0.004390788197155104,0.0009082787078471544,-0.005299066905002259
2024-05-02,3.7939999103546143,18207.130859375,0.04575520628825713,0.025001454148258828,0.020753752139998305
2024-05-03,3.8959999084472656,18475.919921875,0.026884554692337304,0.014762845644161304,0.012121709048176
2024-05-06,3.930000066757202,18578.30078125,0.008726940223026558,0.005541313223261124,0.003185626999765434
2024-05-07,3.8499999046325684,18479.369140625,-0.020356275003996394,-0.005325117823738013,-0.015031157180258381
2024-05-08,3.7920000553131104,18313.859375,-0.015064896300300945,-0.008956461898969481,-0.006108434401331464
2024-05-09,3.874000072479248,18537.810546875,0.021624476785343072,0.01222850778141904,0.009395969003924032
2024-05-10,3.885999917984009,18963.6796875,0.0030975336293892486,0.022973001021244777,-0.019875467391855528
2024-05-13,3.941999912261963,19115.060546875,0.014410703926881707,0.007982673292820097,0.00642803063406161
2024-05-14,3.9579999446868896,19073.7109375,0.0040588616897623275,-0.0021631953125965664,0.006222057002358894
2024-05-16,3.98799991607666,19376.529296875,0.007579578526786479,0.015876216241677454,-0.008296637714890975
2024-05-17,4.039999961853027,19553.609375,0.013039129104978509,0.0091388955891889,0.0039002335157896084
2024-05-20,4.059999942779541,19636.220703125,0.0049504903750889895,0.004224863376406596,0.0007256269986823938
2024-05-21,3.8940000534057617,19220.619140625,-0.04088667283579639,-0.02116504844712097,-0.01972162438867542
2024-05-22,3.9159998893737793,19195.599609375,0.005649675312350277,-0.00130170266977081,0.0069513779821210875
2024-05-23,3.819999933242798,18868.7109375,-0.024514800521695856,-0.017029354567041022,-0.007485445954654835
2024-05-24,3.7300000190734863,18608.939453125,-0.023560187367048124,-0.013767314854494117,-0.009792872512554007
2024-05-27,3.7939999103546143,18827.349609375,0.0171581477088103,0.011736840608255195,0.005421307100555106
2024-05-28,3.7799999713897705,18821.16015625,-0.003690020900273372,-0.0003287479785215597,-0.0033612729217518122
2024-05-29,3.697999954223633,18477.009765625,-0.021693126398619866,-0.01828529101117693,-0.003407835387442937
2024-05-30,3.684000015258789,18230.189453125,-0.0037858137204285214,-0.013358239002459693,0.009572425282031172
2024-05-31,3.6080000400543213,18079.609375,-0.020629743455397143,-0.008259929416103096,-0.012369814039294047
2024-06-03,3.7339999675750732,18403.0390625,0.03492237420231703,0.017889196651960315,0.017033177550356715
2024-06-04,3.7300000190734863,18444.109375,-0.0010712234966044898,0.0022317135968965562,-0.003302937093501046
2024-06-05,3.73799991607666,18424.9609375,0.0021447444939051152,-0.00103818715833226,0.003182931652237375
2024-06-06,3.7639999389648438,18476.80078125,0.006955597504526567,0.00281356600569449,0.004142031498832077
2024-06-07,3.7019999027252197,18366.94921875,-0.016471848364767783,-0.005945377871448221,-0.010526470493319562
2024-06-11,3.690000057220459,18176.33984375,-0.0032414494381609593,-0.010377846245984923,0.007136396807823964
2024-06-12,3.640000104904175,17937.83984375,-0.013550122368818363,-0.013121453606734224,-0.00042866876208413895
2024-06-13,3.6700000762939453,18112.630859375,0.008241750144279303,0.009744262249386848,-0.0015025121051075452
2024-06-14,3.6500000953674316,17941.779296875,-0.00544958597022982,-0.009432730332025074,0.0039831443617952544
2024-06-17,3.6440000534057617,17936.119140625,-0.0016438470698357799,-0.00031547351889371633,-0.0013283735509420636
2024-06-18,3.635999917984009,17915.55078125,-0.002195426812432677,-0.001146756397732318,-0.001048670414700359
2024-06-19,3.7679998874664307,18430.390625,0.03630362278875121,0.028737036892486634,0.007566585896264577
2024-06-20,3.696000099182129,18335.3203125,-0.019108224637637616,-0.00515834495504619,-0.013949879682591426
2024-06-21,3.638000011444092,18028.51953125,-0.01569266401017455,-0.016732774558666397,0.001040110548491846
2024-06-24,3.619999885559082,18027.7109375,-0.004947808089166172,-4.4850812547236885e-05,-0.0049029572766189355
2024-06-25,3.5799999237060547,18072.900390625,-0.011049713568388575,0.0025066661697465964,-0.013556379738135171
2024-06-26,3.624000072479248,18089.9296875,0.012290544611979648,0.0009422558918010804,0.011348288720178568
2024-06-27,3.5280001163482666,17716.470703125,-0.026490053590232376,-0.020644579101546046,-0.005845474488686331
2024-06-28,3.497999906539917,17718.609375,-0.008503460549599384,0.00012071658688905806,-0.008624177136488442
2024-07-02,3.4719998836517334,17769.140625,-0.0074328254953848205,0.0028518744857763956,-0.010284699981161216
2024-07-03,3.568000078201294,17978.5703125,0.027649826545671052,0.011786146101255168,0.015863680444415884
2024-07-04,3.5880000591278076,18028.279296875,0.005605375697355974,0.0027649019644482298,0.0028404737329077445
2024-07-05,3.5360000133514404,17799.609375,-0.014492766142542246,-0.012683957138085677,-0.0018088090044565686
2024-07-08,3.503999948501587,17524.060546875,-0.009049792061376016,-0.015480610968463981,0.006430818907087965
2024-07-09,3.5299999713897705,17523.23046875,0.0074200979652703225,-4.736791012449615e-05,0.007467465875394819
2024-07-10,3.5360000133514404,17471.669921875,0.0016997286148157098,-0.0029424110449811636,0.004642139659796873
2024-07-11,3.634000062942505,17832.330078125,0.027714946046671463,0.020642569248543463,0.0070723767981279995
2024-07-12,3.7100000381469727,18293.380859375,0.020913586650554317,0.02585476935600095,-0.004941182705446634
2024-07-15,3.611999988555908,18015.939453125,-0.026415107434880847,-0.015166218228481076,-0.01124888920639977
2024-07-16,3.562000036239624,17727.98046875,-0.013842733243272898,-0.01598356750277885,0.0021408342595059526
2024-07-17,3.5840001106262207,17739.41015625,0.006176326266919885,0.0006447258626072205,0.005531600404312664
2024-07-18,3.559999942779541,17778.41015625,-0.00669647519695149,0.002198494744553914,-0.008894969941505404
2024-07-19,3.4800000190734863,17417.6796875,-0.02247188904267039,-0.020290367112673735,-0.002181521929996655
2024-07-22,3.5480000972747803,17635.880859375,0.01954025224959577,0.012527568297836744,0.0070126839517590245
2024-07-23,3.4860000610351562,17469.359375,-0.017474643331392925,-0.009442198305988136,-0.008032445025404789
2024-07-24,3.431999921798706,17311.05078125,-0.015490573233213012,-0.0090620720744089,-0.006428501158804112
2024-07-25,3.365999937057495,17021.91015625,-0.019230765222925883,-0.016702661707466926,-0.002528103515458957
2024-07-26,3.384000062942505,17021.310546875,0.005347631081878523,-3.522573962000397e-05,0.005382856821498527
2024-07-29,3.4100000858306885,17238.33984375,0.007683221750763192,0.01275044575899864,-0.005067224008235449
2024-07-30,3.365999937057495,17002.91015625,-0.01290326911017503,-0.013657329512816063,0.0007540604026410325
2024-07-31,3.4539999961853027,17344.599609375,0.02614380890474277,0.020095939458893097,0.006047869445849674
2024-08-01,3.4240000247955322,17304.9609375,-0.008685573660365709,-0.0022853610211661657,-0.006400212639199543
2024-08-02,3.322000026702881,16945.509765625,-0.02978971885338766,-0.02077156794362167,-0.009018150909765987
2024-08-05,3.2860000133514404,16698.359375,-0.010836849205919763,-0.014585007712565767,0.0037481585066460044
2024-08-06,3.2860000133514404,16647.33984375,0.0,-0.0030553619133616428,0.0030553619133616428
2024-08-07,3.3239998817443848,16877.859375,0.011564171709843585,0.013847229251858328,-0.0022830575420147436
2024-08-08,3.308000087738037,16891.830078125,-0.0048134159372927865,0.0008277532603271354,-0.005641169197619922
2024-08-09,3.385999917984009,17090.23046875,0.02357914999310262,0.011745346105625831,0.01183380388747679
2024-08-12,3.374000072479248,17111.650390625,-0.0035439591835269013,0.0012533430672083679,-0.004797302250735269
2024-08-13,3.371999979019165,17174.060546875,-0.0005927959149726325,0.00364723184644955,-0.004240027761422183
2024-08-14,3.3420000076293945,17113.359375,-0.00889678872373445,-0.0035344682586463394,-0.005362320465088111
2024-08-15,3.3359999656677246,17109.140625,-0.001795344688202416,-0.0002465179341797352,-0.0015488267540226808
2024-08-16,3.4000000953674316,17430.16015625,0.01918469135442491,0.018763042416106046,0.00042164893831886374
2024-08-19,3.450000047683716,17569.5703125,0.014705867915830284,0.00799821430212222,0.0067076536137080645
2024-08-20,3.436000108718872,17511.080078125,-0.004057953267056602,-0.003329064589211228,-0.000728888677845374
2024-08-21,3.381999969482422,17391.009765625,-0.015715988803208902,-0.006856819337488718,-0.008859169465720185
2024-08-22,3.440000057220459,17641.0,0.017149641709462538,0.014374681961776048,0.0027749597476864896
2024-08-23,3.4140000343322754,17612.099609375,-0.0075581460627043295,-0.0016382512683521533,-0.005919894794352176
2024-08-26,3.437999963760376,17798.73046875,0.007029856235134524,0.010596741076552618,-0.0035668848414180943
2024-08-27,3.441999912261963,17874.669921875,0.001163452165139578,0.0042665657114326905,-0.0031031135462931125
2024-08-28,3.3919999599456787,17692.44921875,-0.014526424634167423,-0.010194353457794403,-0.00433207117637302
2024-08-29,3.4000000953674316,17786.3203125,0.0023585305177542537,0.005305715030710312,-0.002947184512956058
2024-08-30,3.497999906539917,17989.0703125,0.0288234730657837,0.011399209979228164,0.017424263086555536
2024-09-02,3.444000005722046,17691.970703125,-0.015437364854387736,-0.016515562183808674,0.001078197329420938
2024-09-03,3.434000015258789,17651.490234375,-0.002903597690662729,-0.002288070075927129,-0.0006155276147356004
2024-09-04,3.4260001182556152,17457.33984375,-0.0023296147255755795,-0.010999093450302921,0.008669478724727342
2024-09-05,3.4240000247955322,17444.30078125,-0.0005837984212041514,-0.0007469100456716227,0.0001631116244674713
2024-09-09,3.380000114440918,17196.9609375,-0.012850441015181291,-0.014178833927001144,0.0013283929118198534
2024-09-10,3.3940000534057617,17234.08984375,0.004141993636340269,0.0021590388199950183,0.0019829548163452504
2024-09-11,3.390000104904175,17108.7109375,-0.0011785351911155484,-0.00727505237507331,0.006096517183957761
2024-09-12,3.4159998893737793,17240.390625,0.007669552703550631,0.007696645760223664,-2.709305667303319e-05
2024-09-13,3.4140000343322754,17369.08984375,-0.0005854376774790948,0.007464982757604988,-0.008050420435084082
2024-09-16,3.431999921798706,17422.119140625,0.00527237471746278,0.003053084378746629,0.002219290338716151
2024-09-17,3.4779999256134033,17660.01953125,0.013403264820177618,0.013655077703507601,-0.00025181288332998264
2024-09-19,3.5899999141693115,18013.16015625,0.032202412579452666,0.01999661576676659,0.012205796812686076
2024-09-20,3.640000104904175,18258.5703125,0.013927630064145324,0.01362393683958052,0.00030369322456480496
2024-09-23,3.635999917984009,18247.109375,-0.0010989524189234379,-0.0006277018027065484,-0.00047125061621688946
2024-09-24,3.8480000495910645,19000.560546875,0.05830586809380334,0.04129153590251877,0.017014332191284565
2024-09-25,3.864000082015991,19129.099609375,0.004158012530854016,0.0067650142311797,-0.002607001700325684
2024-09-26,4.131999969482422,19924.580078125,0.06935814745806246,0.041584835930288166,0.02777331152777429
2024-09-27,4.392000198364258,20632.30078125,0.06292357957456707,0.03551998086534325,0.02740359870922382
2024-09-30,4.684000015258789,21133.6796875,0.06648447261074408,0.024300678415159593,0.04218379419558449
2024-10-02,5.079999923706055,22443.73046875,0.08454310571247659,0.06198876866790304,0.022554337044573547
2024-10-03,4.9079999923706055,22113.509765625,-0.033858254708391544,-0.014713271645495407,-0.019144983062896137
2024-10-04,5.139999866485596,22736.869140625,0.047269738075719214,0.028189074534382463,0.01908066354133675
2024-10-07,5.309999942779541,23099.779296875,0.03307394566338395,0.015961307337674313,0.01711263832570964
2024-10-08,4.613999843597412,20926.7890625,-0.13107346641849582,-0.09406974008054558,-0.03700372633795024
2024-10-09,4.539999961853027,20637.240234375,-0.016038119690678032,-0.013836275945642296,-0.0022018437450357364
2024-10-10,4.659999847412109,21251.98046875,0.026431693076513385,0.02978790901271,-0.003356215936196616
2024-10-14,4.5879998207092285,21092.869140625,-0.015450650012974854,-0.007486894144240641,-0.007963755868734212
2024-10-15,4.369999885559082,20318.7890625,-0.0475152449148194,-0.03669866213857631,-0.010816582776243089
2024-10-16,4.322000026702881,20286.849609375,-0.010983949682657812,-0.0015719171564189116,-0.0094120325262389
2024-10-17,4.26800012588501,20079.099609375,-0.012494192615511324,-0.010240624049581037,-0.002253568565930286
2024-10-18,4.519999980926514,20804.109375,0.05904401302922868,0.03610768309981838,0.022936329929410304
2024-10-21,4.418000221252441,20478.4609375,-0.022566318607188163,-0.015653082361282267,-0.006913236245905896
2024-10-22,4.434000015258789,20498.94921875,0.003621501404500238,0.001000479543483701,0.002621021861016537
2024-10-23,4.53000020980835,20760.150390625,0.021650923369236352,0.012742173712791294,0.008908749656445059
2024-10-24,4.406000137329102,20489.619140625,-0.02737308316471232,-0.013031276022073879,-0.01434180714263844
2024-10-25,4.460000038146973,20590.150390625,0.012255991632947438,0.0049064479583553755,0.007349543674592063
2024-10-28,4.504000186920166,20599.359375,0.009865504124855207,0.0004472519238709616,0.009418252200984245
2024-10-29,4.533999919891357,20701.140625,0.00666068644009199,0.004940991035067066,0.0017196954050249236
2024-10-30,4.429999828338623,20380.640625,-0.022937823861987727,-0.015482238674952242,-0.007455585187035485
2024-10-31,4.409999847412109,20317.330078125,-0.004514668555645085,-0.0031064061252981112,-0.0014082624303469737
2024-11-01,4.400000095367432,20506.4296875,-0.002267517548905529,0.009307306060780007,-0.011574823609685536
2024-11-04,4.447999954223633,20567.51953125,0.010909058594507304,0.00297905801648346,0.007930000578023844
2024-11-05,4.610000133514404,21006.970703125,0.03642090399235354,0.021366269822051365,0.015054634170302172
2024-11-06,4.49399995803833,20538.380859375,-0.02516272714023593,-0.022306397736837513,-0.0028563294033984166
2024-11-07,4.5960001945495605,20953.33984375,0.022696982079135175,0.020204074859464294,0.0024929072196708812
2024-11-08,4.585999965667725,20728.189453125,-0.002175854755988804,-0.010745322335434682,0.008569467579445877
2024-11-11,4.564000129699707,20426.9296875,-0.004797173164569402,-0.014533819574848672,0.00973664641027927
2024-11-12,4.368000030517578,19846.880859375,-0.042944805787072826,-0.028396280645150207,-0.01454852514192262
2024-11-13,4.374000072479248,19823.44921875,0.0013736359706386647,-0.0011806208134681473,0.002554256784106812
2024-11-14,4.234000205993652,19435.810546875,-0.0320072849030022,-0.019554552166852535,-0.012452732736149663
2024-11-15,4.242000102996826,19426.33984375,0.0018894418077375352,-0.0004872810990906862,0.0023767229068282214
2024-11-18,4.265999794006348,19576.609375,0.005657635649882753,0.007735349657148394,-0.002077714007265641
2024-11-19,4.315999984741211,19663.669921875,0.011720626617261587,0.004447171888007251,0.007273454729254336
2024-11-20,4.334000110626221,19705.009765625,0.004170557448713419,0.0021023463023051026,0.0020682111464083164
2024-11-21,4.28000020980835,19601.109375,-0.012459598393980809,-0.005272790618264578,-0.007186807775716231
2024-11-22,4.159999847412109,19229.970703125,-0.028037466475174244,-0.01893457481280958,-0.009102891662364665
2024-11-25,4.1519999504089355,19150.990234375,-0.0019230522347616352,-0.004107154918190581,0.0021841026834289456
2024-11-26,4.145999908447266,19159.19921875,-0.0014450968288376442,0.0004286454264001982,-0.0018737422552378424
2024-11-27,4.291999816894531,19603.130859375,0.03521464343252845,0.023170678249983867,0.01204396518254458
2024-11-28,4.2220001220703125,19366.9609375,-0.01630934245352944,-0.012047561359927017,-0.004261781093602424
2024-11-29,4.269999980926514,19423.609375,0.011368985662810305,0.0029250039633379465,0.008443981699472358
2024-12-02,4.331999778747559,19550.2890625,0.014519859039341831,0.006521943736319535,0.007997915303022296
2024-12-03,4.331999778747559,19746.3203125,0.0,0.010027025655391153,-0.010027025655391153
2024-12-04,4.322000026702881,19742.4609375,-0.0023083454652366164,-0.0001954478069292609,-0.0021128976583073555
2024-12-05,4.283999919891357,19560.439453125,-0.008792250480505581,-0.00921979711400911,0.0004275466335035283
2024-12-06,4.377999782562256,19865.849609375,0.021942078531430598,0.015613665377093966,0.006328413154336632
2024-12-09,4.576000213623047,20414.08984375,0.04522623136013726,0.027597119939752224,0.017629111420385035
2024-12-10,4.510000228881836,20311.279296875,-0.014423072915233814,-0.005036254256835071,-0.009386818658398743
2024-12-11,4.429999828338623,20155.05078125,-0.017738447113792577,-0.007691712242322235,-0.010046734871470342
2024-12-12,4.515999794006348,20397.05078125,0.019413085553092957,0.012006915915346195,0.007406169637746762
2024-12-13,4.377999782562256,19971.240234375,-0.030558019871313125,-0.02087608406929231,-0.009681935802020813
2024-12-16,4.334000110626221,19795.490234375,-0.010050176820768142,-0.008800154519071568,-0.001250022301696574
2024-12-17,4.311999797821045,19700.48046875,-0.0050762141771143465,-0.0047995661890714025,-0.000276647988042944
2024-12-18,4.372000217437744,19864.55078125,0.013914754737933688,0.008328239139154814,0.005586515598778874
2024-12-19,4.354000091552734,19752.509765625,-0.0041171374633551805,-0.005640249148284537,0.0015231116849293569
2024-12-20,4.355999946594238,19720.69921875,0.00045931442339286477,-0.0016104559497730486,0.0020697703731659134
2024-12-23,4.372000217437744,19883.130859375,0.003673156804332889,0.008236606563653881,-0.004563449759320992
2024-12-24,4.423999786376953,20098.2890625,0.01189377089502619,0.010821143040637082,0.0010726278543891077
2024-12-27,4.453999996185303,20090.4609375,0.006781241242535874,-0.00038949210928640454,0.007170733351822278
2024-12-30,4.415999889373779,20041.419921875,-0.008531680925924823,-0.0024410099786940087,-0.006090670947230814
2024-12-31,4.392000198364258,20059.94921875,-0.005434712774171957,0.000924550104095978,-0.006359262878267935
2025-01-02,4.265999794006348,19623.3203125,-0.0286886153613648,-0.021766201972330257,-0.006922413389034543
2025-01-03,4.317999839782715,19760.26953125,0.012189415913574697,0.0069789014585244225,0.005210514455050275
2025-01-06,4.309999942779541,19688.2890625,-0.0018526858036141958,-0.0036426865856341584,0.0017900007820199626
2025-01-07,4.27400016784668,19447.580078125,-0.008352616104594368,-0.012225998084997358,0.00387338198040299
2025-01-08,4.21999979019165,19279.83984375,-0.01263462225885581,-0.008625249707220783,-0.0040093725516350265
2025-01-09,4.21999979019165,19240.890625,0.0,-0.002020204476056664,0.002020204476056664
2025-01-10,4.177999973297119,19064.2890625,-0.009952563739967335,-0.00917845051676236,-0.0007741132232049752
2025-01-13,4.136000156402588,18874.140625,-0.010052613011719669,-0.00997406390957567,-7.85491021439988e-05
2025-01-14,4.263999938964844,19219.779296875,0.030947721886352086,0.018312816394786102,0.012634905491565984
2025-01-15,4.2820000648498535,19286.0703125,0.004221417950906359,0.003449103894537453,0.0007723140563689057
2025-01-16,4.329999923706055,19522.890625,0.01120968195451999,0.012279345074590386,-0.0010696631200703965
2025-01-17,4.377999782562256,19584.060546875,0.01108541794502349,0.0031332410271596167,0.007952176917863873
2025-01-20,4.49399995803833,19925.810546875,0.026496158345669096,0.017450415820662535,0.009045742525006562
2025-01-21,4.5980000495910645,20106.55078125,0.023141987655498575,0.009070659080583576,0.014071328574914999
2025-01-22,4.48799991607666,19778.76953125,-0.02392347375554893,-0.016302211829672286,-0.007621261925876643
2025-01-23,4.415999889373779,19700.560546875,-0.01604278699849493,-0.003954188568274231,-0.012088598430220698
2025-01-24,4.561999797821045,20066.189453125,0.03306157429908119,0.01855931486721052,0.014502259431870668
2025-01-27,4.593999862670898,20197.76953125,0.007014481864978883,0.006557302692291156,0.00045717917268772723
2025-01-28,4.627999782562256,20225.109375,0.007400940554575852,0.0013536070756574592,0.006047333478918393
2025-02-03,4.650000095367432,20217.259765625,0.004753741106054088,-0.0003881120853024278,0.005141853191356516
2025-02-04,4.869999885559082,20789.9609375,0.04731178186659091,0.028327339041700927,0.01898444282488998
2025-02-05,4.815999984741211,20597.08984375,-0.01108827558250991,-0.009277126317351891,-0.0018111492651580186
2025-02-06,4.949999809265137,20891.619140625,0.027823883917874603,0.014299558777929544,0.01352432513994506
2025-02-07,5.039999961853027,21133.5390625,0.018181849708243103,0.011579759340173412,0.006602090368069691
2025-02-10,5.184999942779541,21521.98046875,0.028769837703173762,0.018380329253005367,0.010389508450168394
2025-02-11,5.034999847412109,21294.859375,-0.02892962334094462,-0.010552982987777626,-0.018376640353166995
2025-02-12,5.170000076293945,21857.919921875,0.02681236007409682,0.026441148868821873,0.0003712112052749461
2025-02-13,5.110000133514404,21814.369140625,-0.011605404621686466,-0.0019924485681007686,-0.009612956053585697
2025-02-14,5.409999847412109,22620.330078125,0.05870835735015523,0.03694633258951585,0.021762024760639376
2025-02-17,5.389999866485596,22616.23046875,-0.003696854249650383,-0.00018123561242655573,-0.0035156186372238274
2025-02-18,5.519999980926514,22976.810546875,0.02411876023397408,0.01594342074923727,0.00817533948473681
2025-02-19,5.550000190734863,22944.240234375,0.005434820636233795,-0.0014175297495513384,0.006852350385785133
2025-02-20,5.369999885559082,22576.98046875,-0.03243248630446405,-0.016006621351304262,-0.016425864953159786
2025-02-21,5.735000133514404,23477.919921875,0.06797025246441346,0.039905223569291604,0.028065028895121857
2025-02-24,5.664999961853027,23341.609375,-0.012205783789316249,-0.005805903901563103,-0.006399879887753146
2025-02-25,5.565000057220459,23034.01953125,-0.017652233946327867,-0.013177747892544334,-0.004474486053783533
2025-02-26,5.829999923706055,23787.9296875,0.04761902313761257,0.03273029074353162,0.01488873239408095
2025-02-27,5.75,23718.2890625,-0.013722114022807652,-0.0029275614109702808,-0.010794552611837371
2025-02-28,5.425000190734863,22941.3203125,-0.05652170595915418,-0.03275821236315202,-0.02376349359600216
2025-03-03,5.40500020980835,23006.26953125,-0.0036866322992339384,0.0028311020405660248,-0.006517734339799963
2025-03-04,5.409999847412109,22941.76953125,0.0009250022959641502,-0.0028035836019563165,0.0037285858979204667
2025-03-05,5.650000095367432,23594.2109375,0.04436233913576304,0.028439018418404016,0.015923320717359024
2025-03-06,5.929999828338623,24369.7109375,0.04955747402566768,0.03286823204447331,0.01668924198119437
2025-03-07,5.900000095367432,24231.30078125,-0.005058977038722157,-0.005679597784519319,0.0006206207457971624
2025-03-10,5.764999866485596,23783.490234375,-0.022881394355880658,-0.01848066477807553,-0.004400729577805129
2025-03-11,5.84499979019165,23782.140625,0.013876830105604698,-5.6745640009125964e-05,0.013933575745613824
2025-03-12,5.724999904632568,23600.310546875,-0.02053034899341666,-0.0076456565030087464,-0.012884692490407912
2025-03-13,5.614999771118164,23462.650390625,-0.019213997440488018,-0.005832980713392666,-0.013381016727095352
2025-03-14,5.764999866485596,23959.98046875,0.0267141765773502,0.021196670872431378,0.005517505704918824
2025-03-17,5.755000114440918,24145.5703125,-0.0017345624069846632,0.007745826170102887,-0.00948038857708755
2025-03-18,5.974999904632568,24740.5703125,0.038227590932554234,0.02464220112837734,0.013585389804176895
2025-03-19,5.914999961853027,24771.140625,-0.010041831587816685,0.0012356349151965151,-0.0112774665030132
2025-03-20,5.715000152587891,24219.94921875,-0.033812309476749625,-0.022251353484050607,-0.011560955992699018
2025-03-21,5.510000228881836,23689.720703125,-0.03587050187797913,-0.021892222433502084,-0.013978279444477049
2025-03-24,5.605000019073486,23905.560546875,0.017241340516410242,0.009111118128189988,0.008130222388220254
2025-03-25,5.409999847412109,23344.25,-0.034790396252953215,-0.023480334032509265,-0.01131006222044395
2025-03-26,5.449999809265137,23483.3203125,0.007393708499300766,0.005957369052336237,0.0014363394469645296
2025-03-27,5.460000038146973,23578.80078125,0.0018349044462047104,0.004065884529079078,-0.0022309800828743676
2025-03-28,5.400000095367432,23426.599609375,-0.010989000432297447,-0.006455000544218992,-0.004533999888078455
2025-03-31,5.28000020980835,23119.580078125,-0.02222220063700142,-0.01310559519389809,-0.009116605443103332
2025-04-01,5.284999847412109,23206.83984375,0.0009469010236917708,0.0037742798671140942,-0.0028273788434223235
2025-04-02,5.309999942779541,23202.529296875,0.004730387150280402,-0.0001857446728646961,0.004916131823145098
2025-04-03,5.199999809265137,22849.810546875,-0.020715656252309533,-0.01520173708163386,-0.005513919170675674
2025-04-07,4.296000003814697,19828.30078125,-0.17384612280941458,-0.1322334712327945,-0.041612651576620086
2025-04-08,4.4720001220703125,20127.6796875,0.040968370134854215,0.015098565911058737,0.02586980422379548
2025-04-09,4.593999862670898,20264.490234375,0.02728079992629917,0.006797134543032435,0.020483665383266736
2025-04-10,4.739999771118164,20681.779296875,0.03178056439087107,0.020592132230997207,0.011188432159873862
2025-04-11,4.800000190734863,20914.689453125,0.012658316986067009,0.011261611146057948,0.0013967058400090604
2025-04-14,4.920000076293945,21417.400390625,0.02499997516473229,0.024036261146822113,0.0009637140179101777
2025-04-15,4.8979997634887695,21466.26953125,-0.004471608224394186,0.0022817494062628008,-0.0067533576306569865
2025-04-16,4.682000160217285,21056.98046875,-0.04409955363444751,-0.019066613409664313,-0.025032940224783196
2025-04-17,4.776000022888184,21395.140625,0.02007686019953825,0.0160592900179517,0.0040175701815865494
2025-04-22,4.806000232696533,21562.3203125,0.006281450934794597,0.007813909262398333,-0.0015324583276037362
2025-04-23,4.946000099182129,22072.619140625,0.02913022465815507,0.02366622982727762,0.00546399483087745
2025-04-24,4.869999885559082,21909.759765625,-0.015365995167613167,-0.007378343909366647,-0.00798765125824652
2025-04-25,4.886000156402588,21980.740234375,0.003285476636447404,0.0032396735294817347,4.580310696566947e-05
2025-04-28,4.892000198364258,21971.9609375,0.0012280069115035985,-0.0003994086086905879,0.0016274155201941864
2025-04-29,4.920000076293945,22008.109375,0.005723605231874318,0.0016452076172366326,0.0040783976146376855
2025-04-30,4.98799991607666,22119.41015625,0.013821105432570757,0.005057262273352459,0.008763843159218299
2025-05-02,5.139999866485596,22504.6796875,0.030473126095898584,0.01741771270248549,0.013055413393413096
2025-05-06,5.139999866485596,22662.7109375,0.0,0.007022150601315946,-0.007022150601315946
2025-05-07,5.090000152587891,22691.880859375,-0.009727571049898076,0.0012871329451911162,-0.011014703995089192
2025-05-08,5.119999885559082,22775.919921875,0.005893856988577584,0.0037034859746005733,0.0021903710139770105
2025-05-09,5.079999923706055,22867.740234375,-0.007812492724042275,0.00403146449473657,-0.011843957218778844
2025-05-12,5.340000152587891,23549.4609375,0.051181148186348,0.029811459118301187,0.021369689068046815
2025-05-13,5.175000190734863,23108.26953125,-0.03089886837794653,-0.018734671142618398,-0.012164197235328134
2025-05-14,5.269999980926514,23640.650390625,0.018357446703429092,0.02303854291880425,-0.004681096215375158
2025-05-15,5.184999942779541,23453.16015625,-0.016129039554954372,-0.007930840788092364,-0.008198198766862008
2025-05-16,5.170000076293945,23345.05078125,-0.0028929347446732256,-0.0046095866944902975,0.0017166519498170718
2025-05-19,5.150000095367432,23332.720703125,-0.003868468207228859,-0.0005281666868295343,-0.0033403015203993247
2025-05-20,5.210000038146973,23681.48046875,0.011650474110381559,0.014947239546663216,-0.0032967654362816567
2025-05-21,5.235000133514404,23827.779296875,0.00479848276091821,0.0061777737383461595,-0.0013792909774279494
2025-05-22,5.170000076293945,23544.310546875,-0.01241643850290075,-0.011896566040343393,-0.0005198724625573581
2025-05-23,5.135000228881836,23601.259765625,-0.006769796304761155,0.0024188102105016096,-0.009188606515262765
2025-05-26,5.050000190734863,23282.330078125,-0.016553073876976576,-0.013513248473478456,-0.00303982540349812
2025-05-27,5.09499979019165,23381.990234375,0.00891081143706618,0.004280506114104021,0.004630305322962158
2025-05-28,5.065000057220459,23258.310546875,-0.005888073445840747,-0.005289527805814043,-0.0005985456400267042
2025-05-29,5.195000171661377,23573.380859375,0.025666359915553327,0.013546569165675315,0.012119790749878012
2025-05-30,5.074999809265137,23289.76953125,-0.023099202777863148,-0.012030999279096122,-0.011068203498767026
2025-06-02,5.025000095367432,23157.970703125,-0.009852160744208027,-0.005659086834163496,-0.004193073910044531
2025-06-03,5.09499979019165,23512.490234375,0.01393028726283041,0.015308747722103222,-0.0013784604592728122
2025-06-04,5.114999771118164,23654.029296875,0.003925413493640395,0.0060197393423293555,-0.0020943258486889604
2025-06-05,5.224999904632568,23906.970703125,0.021505403408915047,0.010693375030334407,0.01081202837858064
2025-06-06,5.175000190734863,23792.5390625,-0.009569323408671226,-0.004786538706472054,-0.004782784702199172
2025-06-09,5.329999923706055,24181.4296875,0.0299516381175593,0.01634506615617748,0.01360657196138182
2025-06-10,5.289999961853027,24162.869140625,-0.007504683381911681,-0.0007675537433005086,-0.006737129638611172
2025-06-11,5.349999904632568,24366.939453125,0.01134214427451985,0.008445615928817762,0.0028965283457020874
2025-06-12,5.244999885559082,24035.380859375,-0.019626172139286746,-0.013606903500861245,-0.006019268638425501
2025-06-13,5.150000095367432,23892.560546875,-0.018112448477493936,-0.005942086515524969,-0.012170361961968967
2025-06-16,5.215000152587891,24060.990234375,0.012621370100347917,0.00704946157485109,0.005571908525496827
2025-06-17,5.195000171661377,23980.30078125,-0.0038350873137729113,-0.0033535383348322068,-0.0004815489789407046
2025-06-18,5.125,23710.689453125,-0.013474527304777828,-0.011243033629328214,-0.002231493675449614
2025-06-19,4.992000102996826,23237.740234375,-0.02595119941525348,-0.01994666665788014,-0.006004532757373338
2025-06-20,5.03000020980835,23530.48046875,0.0076122007266608005,0.012597620569919199,-0.0049854198432583985
2025-06-23,5.090000152587891,23689.130859375,0.011928417550071346,0.006742335365216956,0.00518608218485439
2025-06-24,5.199999809265137,24177.0703125,0.02161093386634172,0.020597608921219646,0.0010133249451220738
2025-06-25,5.255000114440918,24474.669921875,0.010576982152534775,0.012309167551253442,-0.0017321853987186664
2025-06-26,5.255000114440918,24325.400390625,0.0,-0.006098939504658452,0.006098939504658452
2025-06-27,5.244999885559082,24284.150390625,-0.001902993085453053,-0.0016957583159000755,-0.00020723476955297748
2025-06-30,5.210000038146973,24072.279296875,-0.0066729929791750076,-0.008724665691075328,0.002051672711900321
2025-07-02,5.179999828338623,24221.41015625,-0.005758197617791172,0.006195128327310506,-0.011953325945101678
2025-07-03,5.144999980926514,24069.939453125,-0.006756727523547945,-0.006253587307587627,-0.0005031402159603182
2025-07-04,5.130000114440918,23916.060546875,-0.002915425955530182,-0.006392990998156489,0.003477565042626307
2025-07-07,5.135000228881836,23887.830078125,0.0009746811558235535,-0.0011803979461696423,0.002155079101993196
2025-07-08,5.235000133514404,24148.0703125,0.019474177249324764,0.010894260111692367,0.008579917137632398
2025-07-09,5.150000095367432,23892.3203125,-0.01623687411253416,-0.010590908370331054,-0.005645965742203107
2025-07-10,5.125,24028.369140625,-0.004854387360093471,0.005694249296240184,-0.010548636656333654
2025-07-11,5.150000095367432,24139.5703125,0.004878067388767171,0.004627911749823799,0.00025015563894337234
2025-07-14,5.190000057220459,24203.3203125,0.007766982740254447,0.002640892077809154,0.005126090662445293
2025-07-15,5.335000038146973,24590.119140625,0.027938338984175193,0.015981229977162892,0.011957109007012301
2025-07-16,5.329999923706055,24517.759765625,-0.0009372285670413705,-0.0029426199436527467,0.0020053913766113762
2025-07-17,5.355000019073486,24498.94921875,0.004690449479415548,-0.0007672212736733464,0.005457670753088895
2025-07-18,5.440000057220459,24825.66015625,0.01587302294009696,0.013335712261893784,0.002537310678203175
2025-07-21,5.480000019073486,24994.140625,0.007352934086817919,0.006786545360308649,0.0005663887265092704
2025-07-22,5.494999885559082,25130.029296875,0.0027372019039029194,0.005436821129952252,-0.0026996192260493324
2025-07-23,5.635000228881836,25538.0703125,0.02547777001609708,0.016237188218309884,0.009240581797787195
2025-07-24,5.635000228881836,25667.1796875,0.0,0.005055565021951036,-0.005055565021951036
2025-07-25,5.570000171661377,25388.349609375,-0.011535058488073346,-0.010863292403753722,-0.0006717660843196249
2025-07-28,5.570000171661377,25562.130859375,0.0,0.006844921102544976,-0.006844921102544976
2025-07-29,5.539999961853027,25524.44921875,-0.005386033910911192,-0.001474119698091636,-0.003911914212819556
2025-07-30,5.394999980926514,25176.9296875,-0.02617328193591073,-0.013615162790455604,-0.012558119145455127
2025-07-31,5.355000019073486,24773.330078125,-0.007414265429924627,-0.01603053328521553,0.008616267855290904
2025-08-01,5.300000190734863,24507.810546875,-0.01027074288379537,-0.01071795880540316,0.0004472159216077909
2025-08-04,5.369999885559082,24733.44921875,0.013207489114168025,0.009206806599203476,0.004000682514964549
2025-08-05,5.420000076293945,24902.529296875,0.009311022681643522,0.006836089727300321,0.002474932954343201
2025-08-06,5.429999828338623,24910.630859375,0.001844972675999479,0.00032533090929920405,0.0015196417667002748
2025-08-07,5.445000171661377,25081.630859375,0.0027624942535851016,0.00686453911847229,-0.004102044864887189
2025-08-08,5.360000133514404,24858.8203125,-0.01561065848801202,-0.008883415441532927,-0.006727243046479092
2025-08-11,5.355000019073486,24906.810546875,-0.0009328571485761605,0.0019305113344767477,-0.0028633684830529083
2025-08-12,5.34499979019165,24969.6796875,-0.001867456367174003,0.0025241746833333245,-0.0043916310505073275
2025-08-13,5.525000095367432,25613.669921875,0.03367639143898393,0.025790888887428753,0.007885502551555179
2025-08-14,5.474999904632568,25519.3203125,-0.00904980812159395,-0.0036835646614787887,-0.005366243460115161
2025-08-15,5.449999809265137,25270.0703125,-0.004566227543908896,-0.009767109662317752,0.005200882118408856
2025-08-18,5.480000019073486,25176.849609375,0.005504625845554889,-0.0036889768003094403,0.00919360264586433
2025-08-19,5.445000171661377,25122.900390625,-0.0063868334471332,-0.0021428105417093946,-0.0042440229054238054
2025-08-20,5.440000057220459,25165.939453125,-0.0009182946342116693,0.0017131406736803356,-0.002631435307892005
2025-08-21,5.400000095367432,25104.609375,-0.007352934086817808,-0.002437027166787731,-0.0049159069200300776
2025-08-22,5.539999961853027,25339.140625,0.02592590074316825,0.009342158903836717,0.016583741839331534
2025-08-25,5.710000038146973,25829.91015625,0.03068593456038271,0.01936804165985806,0.011317892900524651
2025-08-26,5.675000190734863,25524.919921875,-0.0061295704340254,-0.011807638219802463,0.005678067785777063
2025-08-27,5.59499979019165,25201.759765625,-0.01409698640606627,-0.012660574733989627,-0.0014364116720766429
2025-08-28,5.545000076293945,24998.8203125,-0.008936499691270305,-0.008052590573528473,-0.0008839091177418323
2025-08-29,5.579999923706055,25077.619140625,0.0063119651813425826,0.0031521018648068555,0.003159863316535727
2025-09-01,5.684999942779541,25617.419921875,0.018817207976545847,0.021525200547269696,-0.0027079925707238495
2025-09-02,5.630000114440918,25496.55078125,-0.009674552135832126,-0.004718240205048407,-0.004956311930783719
2025-09-03,5.574999809265137,25343.4296875,-0.00976914814525598,-0.0060055611076069715,-0.0037635870376490077
2025-09-04,5.485000133514404,25058.509765625,-0.01614344014885194,-0.011242358488501192,-0.004901081660350748
2025-09-05,5.574999809265137,25417.98046875,0.016408326993616162,0.014345254625561132,0.00206307236805503
2025-09-08,5.639999866485596,25633.91015625,0.011659203487762504,0.008495155142851374,0.00316404834491113
2025-09-09,5.715000152587891,25938.130859375,0.0132979233825814,0.011867900810708987,0.0014300225718724136
2025-09-10,5.795000076293945,26200.259765625,0.013998236495204486,0.010105928899470262,0.0038923075957342235
2025-09-11,5.789999961853027,26086.3203125,-0.0008628325064864439,-0.0043487909717021545,0.0034859584652157105
2025-09-12,5.869999885559082,26388.16015625,0.013816912648208612,0.011570809532893911,0.0022461031153147015
2025-09-15,5.929999828338623,26446.560546875,0.010221455527988699,0.002213128550046628,0.00800832697794207
2025-09-16,5.960000038146973,26438.509765625,0.005059057449712467,-0.00030441694812188835,0.005363474397834356
2025-09-17,6.215000152587891,26908.390625,0.042785253826978176,0.01777259246230023,0.025012661364677946
2025-09-18,6.15500020980835,26544.849609375,-0.0096540533075542,-0.013510321768825606,0.003856268461271406
2025-09-19,6.175000190734863,26545.099609375,0.0032493875296124575,9.418022843599161e-06,0.0032399695067688583
2025-09-22,6.144999980926514,26344.140625,-0.00485833342213704,-0.007570473922954402,0.0027121405008173616
2025-09-23,6.045000076293945,26159.119140625,-0.01627337753343505,-0.007023249951809696,-0.009250127581625356
2025-09-24,6.199999809265137,26518.650390625,0.02564098114391067,0.01374401210022591,0.011896969043684757
2025-09-25,6.255000114440918,26484.6796875,0.008871017236740997,-0.0012810117643471397,0.010152029001088136
2025-09-26,6.059999942779541,26128.19921875,-0.031175086825527054,-0.013459874650409653,-0.0177152121751174
2025-09-29,6.210000038146973,26622.880859375,0.024752491218445583,0.018932863933079913,0.005819627285365669
2025-09-30,6.349999904632568,26855.560546875,0.022544261775458985,0.008739838814929124,0.01380442296052986
2025-10-02,6.559999942779541,27287.119140625,0.03307087264580422,0.01606961779839744,0.017001254847406777
2025-10-03,6.485000133514404,27140.919921875,-0.011432897853556723,-0.00535781069436303,-0.006075087159193693
2025-10-06,6.429999828338623,26957.76953125,-0.00848115713853892,-0.0067481275930292295,-0.00173302954550969
2025-10-08,6.389999866485596,26829.4609375,-0.006220834046796964,-0.004759614611337226,-0.0014612194354597374
2025-10-09,6.335000038146973,26752.58984375,-0.008607172063819224,-0.0028651747394058402,-0.005741997324413384
2025-10-10,6.150000095367432,26290.3203125,-0.029202832149256674,-0.01727943103639351,-0.011923401112863163
2025-10-13,6.005000114440918,25889.48046875,-0.023577232305368012,-0.015246670218750258,-0.008330562086617754
2025-10-14,5.804999828338623,25441.349609375,-0.033305625693716645,-0.01730938015214012,-0.015996245541576526
2025-10-15,5.960000038146973,25910.599609375,0.026701156656659286,0.018444383148096932,0.008256773508562354
2025-10-16,5.889999866485596,25888.509765625,-0.011744995170023698,-0.0008525408166165649,-0.010892454353407133
2025-10-17,5.635000228881836,25247.099609375,-0.04329365762038828,-0.024775862421469674,-0.018517795198918607
2025-10-20,5.815000057220459,25858.830078125,0.03194318030654997,0.024229732453023844,0.007713447853526123
2025-10-21,5.889999866485596,26027.55078125,0.012897645490477672,0.006524684319254126,0.006372961171223546
2025-10-22,5.809999942779541,25781.76953125,-0.013582330308911983,-0.009443118642460169,-0.004139211666451814
2025-10-23,5.829999923706055,25967.98046875,0.00344233754276857,0.007222581726762156,-0.0037802441839935863
2025-10-27,6.050000190734863,26433.69921875,0.03773589535297228,0.017934346129089507,0.019801549223882775
2025-10-28,5.960000038146973,26346.140625,-0.01487605781000123,-0.003312385187764111,-0.01156367262223712
2025-10-30,5.934999942779541,26282.689453125,-0.004194646846882311,-0.0024083668563884553,-0.0017862799904938553
2025-10-31,5.804999828338623,25906.650390625,-0.021903979055480027,-0.014307480334943001,-0.007596498720537026
2025-11-03,5.809999942779541,26158.359375,0.0008613461823907542,0.009715998810331916,-0.008854652627941162
2025-11-04,5.704999923706055,25952.400390625,-0.018072292617485552,-0.007873543650900316,-0.010198748966585236
2025-11-05,5.670000076293945,25935.41015625,-0.006134942660853349,-0.0006546690910771424,-0.005480273569776206
2025-11-06,5.824999809265137,26485.900390625,0.027336813207329502,0.02122543006100641,0.0061113831463230905
2025-11-07,5.724999904632568,26241.830078125,-0.017167366164289044,-0.009215103466385877,-0.007952262697903167
2025-11-10,5.789999961853027,26649.060546875,0.011353721974364017,0.015518371528876918,-0.0041646495545129
2025-11-11,5.800000190734863,26696.41015625,0.0017271552586739514,0.0017767834363884294,-4.962817771447803e-05
2025-11-12,5.809999942779541,26922.73046875,0.0017240951234194224,0.008477556015036525,-0.006753460891617102
2025-11-13,5.855000019073486,27073.029296875,0.007745279989179732,0.005582599740373784,0.0021626802488059482
2025-11-14,5.704999923706055,26572.4609375,-0.025619145154361256,-0.018489558515447646,-0.00712958663891361
2025-11-17,5.650000095367432,26384.279296875,-0.009640636121673096,-0.007081829608014623,-0.0025588065136584737
2025-11-18,5.53000020980835,25930.029296875,-0.021238917439571847,-0.01721669160975725,-0.004022225829814596
2025-11-19,5.494999885559082,25830.650390625,-0.0063291723185089355,-0.0038325797904893433,-0.002496592528019592
2025-11-20,5.46999979019165,25835.5703125,-0.0045496079869140615,0.0001904683699636145,-0.004740076356877676
2025-11-21,5.269999980926514,25220.01953125,-0.036563037831145784,-0.023825709043944654,-0.01273732878720113
2025-11-24,5.425000190734863,25716.5,0.029411804624162263,0.01968596686195312,0.009725837762209144
2025-11-25,5.5,25894.55078125,0.013824849148065699,0.0069236008496491586,0.00690124829841654
2025-11-26,5.505000114440918,25928.080078125,0.0009091117165305196,0.001294839874159015,-0.00038572815762849544
2025-11-27,5.485000133514404,25945.9296875,-0.0036330573134865096,0.0006884277324512578,-0.004321485045937767
2025-11-28,5.489999771118164,25858.890625,0.0009115109356536699,-0.003354632635959587,0.004266143571613257
2025-12-01,5.519999980926514,26033.259765625,0.005464519318593597,0.006743102136656409,-0.0012785828180628123
2025-12-02,5.519999980926514,26095.05078125,0.0,0.0023735412384502386,-0.0023735412384502386
2025-12-03,5.420000076293945,25760.73046875,-0.018115924814873563,-0.012811636785172276,-0.005304288029701287
2025-12-04,5.5,25935.900390625,0.01476013331733328,0.006799881784699258,0.007960251532634022
2025-12-05,5.539999961853027,26085.080078125,0.0072727203369140625,0.005751860751050941,0.0015208595858631213
2025-12-08,5.545000076293945,25765.359375,0.0009025477392323733,-0.012256841925247453,0.013159389664479826
2025-12-09,5.445000171661377,25434.23046875,-0.018034247656747437,-0.012851709205007,-0.005182538451740437
2025-12-10,5.454999923706055,25540.779296875,0.0018365016950268043,0.004189190164644918,-0.002352688469618114
2025-12-11,5.425000190734863,25530.509765625,-0.005499492830571828,-0.00040208370819982964,-0.005097409122371999
2025-12-12,5.514999866485596,25976.7890625,0.01658980139842936,0.017480234471302314,-0.0008904330728729537
2025-12-15,5.385000228881836,25628.880859375,-0.023572011015587035,-0.013393041083250679,-0.010178969932336357
2025-12-16,5.289999961853027,25235.41015625,-0.017641645866472877,-0.015352629140693352,-0.0022890167257795246
2025-12-17,5.349999904632568,25468.779296875,0.01134214427451985,0.009247685659953486,0.0020944586145663635
2025-12-18,5.309999942779541,25498.130859375,-0.007476628517019468,0.0011524526620558806,-0.008629081179075349
2025-12-19,5.360000133514404,25690.529296875,0.009416231878279557,0.007545589853668044,0.001870642024611513
2025-12-22,5.414999961853027,25801.76953125,0.010261161747874947,0.004330009440036475,0.005931152307838472
2025-12-23,5.369999885559082,25774.140625,-0.008310263455393652,-0.0010708143957544047,-0.007239449059639247
2025-12-24,5.375,25818.9296875,0.0009311200274628728,0.0017377519255310503,-0.0008066318980681775
2025-12-29,5.369999885559082,25635.23046875,-0.000930253849473095,-0.007114904489589957,0.006184650640116862
2025-12-30,5.460000038146973,25854.599609375,0.016759805308360853,0.008557330541358654,0.008202474767002199
2025-12-31,5.389999866485596,25630.5390625,-0.012820544170753068,-0.008666177402095743,-0.004154366768657325
2026-01-02,5.610000133514404,26338.470703125,0.04081637708318797,0.02762063017475791,0.013195746908430062
2026-01-05,5.619999885559082,26347.240234375,0.0017824869530642662,0.00033295521781973036,0.0014495317352445358
2026-01-06,5.699999809265137,26710.44921875,0.014234862159271389,0.013785465997350421,0.00044939616192096743
2026-01-07,5.625,26458.94921875,-0.013157861714877095,-0.009415790724457529,-0.003742070990419566
2026-01-08,5.554999828338623,26149.310546875,-0.012444474962022611,-0.011702606528893322,-0.0007418684331292891
2026-01-09,5.565000057220459,26231.7890625,0.0018002212764831604,0.003154137294639092,-0.0013539160181559318
2026-01-12,5.739999771118164,26608.48046875,0.03144648914614967,0.014360111136624942,0.017086378009524728
2026-01-13,5.739999771118164,26848.470703125,0.0,0.009019313773172888,-0.009019313773172888
2026-01-14,5.769999980926514,26999.810546875,0.005226517596621072,0.005636814305866045,-0.00041029670924497275
2026-01-15,5.704999923706055,26923.619140625,-0.01126517459884313,-0.002821923736009979,-0.008443250862833152
2026-01-16,5.699999809265137,26844.9609375,-0.0008764442607862577,-0.002921531563574664,0.0020450873027884064
2026-01-19,5.630000114440918,26563.900390625,-0.01228064862571343,-0.010469769262445916,-0.0018108793632675146
2026-01-20,5.565000057220459,26487.509765625,-0.01154530300163481,-0.002875730742724847,-0.008669572258909963
2026-01-21,5.619999885559082,26585.060546875,0.009883167614214594,0.00368289741516592,0.006200270199048674
2026-01-22,5.639999866485596,26629.9609375,0.0035587155398177917,0.0016889331715392863,0.0018697823682785053
2026-01-23,5.670000076293945,26749.509765625,0.005319186262151998,0.004489260363752745,0.000829925898399253
2026-01-26,5.605000019073486,26765.51953125,-0.01146385473471534,0.0005985068797624837,-0.012062361614477823
2026-01-27,5.630000114440918,27126.94921875,0.004460320300152976,0.013503555837129033,-0.009043235536976058
2026-01-28,5.769999980926514,27826.91015625,0.02486676085964845,0.025803157290396284,-0.0009363964307478323
2026-01-29,5.710000038146973,27968.08984375,-0.010398603635680903,0.005073494926575162,-0.015472098562256065
2026-01-30,5.605000019073486,27387.109375,-0.01838879481121003,-0.020772976345391436,0.0023841815341814065
2026-02-02,5.400000095367432,26775.5703125,-0.036574473328894186,-0.02232944901655942,-0.014245024312334764
2026-02-03,5.34499979019165,26834.76953125,-0.01018524151934086,0.002210941468625327,-0.012396182987966187
2026-02-04,5.25,26847.3203125,-0.017773581650270542,0.000467705945280672,-0.018241287595551214
2026-02-05,5.28000020980835,26885.240234375,0.0057143256777809626,0.0014124285565044747,0.004301897121276488
2026-02-06,5.230000019073486,26559.94921875,-0.00946973271743079,-0.012099241546262518,0.002629508828831728
2026-02-09,5.300000190734863,27027.16015625,0.013384353997340392,0.01759080688189618,-0.004206452884555789
2026-02-10,5.324999809265137,27183.150390625,0.004716908986904578,0.005771610242185421,-0.0010547012552808432
2026-02-11,5.380000114440918,27266.380859375,0.010328696177619445,0.0030618404251887554,0.00726685575243069
2026-02-12,5.295000076293945,27032.5390625,-0.015799263260016794,-0.008576194914940438,-0.0072230683450763555
2026-02-13,5.239999771118164,26567.119140625,-0.010387215180981957,-0.01721702577767248,0.006829810596690522
2026-02-16,5.25,26705.939453125,0.0019084407096647826,0.00522526781188426,-0.0033168271022194773
2026-02-20,5.105000019073486,26413.349609375,-0.027619043986002567,-0.010955983939960667,-0.0166630600460419
2026-02-23,5.289999961853027,27081.91015625,0.03623897004668697,0.025311463966603664,0.010927506080083305
2026-02-24,5.144999980926514,26590.3203125,-0.027410204531593596,-0.018151963466157106,-0.00925824106543649
2026-02-25,5.139999866485596,26765.720703125,-0.0009718395450833972,0.006596400064520669,-0.007568239609604066
2026-02-26,5.0,26381.01953125,-0.02723732881754304,-0.014372905409197001,-0.012864423408346037
2026-02-27,5.03000020980835,26630.5390625,0.006000041961669922,0.009458297506448776,-0.0034582555447788543
2026-03-02,4.889999866485596,26059.849609375,-0.027833069082135897,-0.021429887385517543,-0.006403181696618354
2026-03-03,4.76200008392334,25768.080078125,-0.02617582536955121,-0.011196132580329143,-0.014979692789222065
2026-03-04,4.71999979019165,25249.48046875,-0.008819885130511351,-0.020125659645681138,0.011305774515169786
2026-03-05,4.691999912261963,25321.33984375,-0.005932177791166948,0.0028459743989162067,-0.008778152190083155
2026-03-06,4.835999965667725,25757.2890625,0.03069054904059887,0.017216672634232877,0.013473876406365992
2026-03-09,4.822000026702881,25408.4609375,-0.002894941907409798,-0.013542889709921346,0.010647947802511548
2026-03-10,4.946000099182129,25959.900390625,0.025715485647567426,0.02170298525681802,0.004012500390749407
2026-03-11,4.935999870300293,25898.759765625,-0.002021882062535618,-0.002355194899826385,0.00033331283729076677
2026-03-12,4.923999786376953,25716.759765625,-0.0024311353806032443,-0.007027363535823228,0.0045962281552199835
2026-03-13,4.869999885559082,25465.599609375,-0.010966674078108363,-0.009766399754051469,-0.0012002743240568936
2026-03-16,4.998000144958496,25834.01953125,0.02628342143887319,0.014467357043474793,0.011816064395398396
2026-03-17,4.998000144958496,25868.5390625,0.0,0.0013362044264246808,-0.0013362044264246808
2026-03-18,5.0,26025.419921875,0.0004001310491199561,0.006064542686232244,-0.005664411637112288
2026-03-19,4.880000114440918,25500.580078125,-0.02399997711181645,-0.020166431332347523,-0.0038335457794689276
2026-03-20,4.769999980926514,25277.3203125,-0.022541010437457043,-0.008755085764363346,-0.013785924673093697
2026-03-23,4.605999946594238,24382.470703125,-0.03438155869770476,-0.03540128456308256,0.0010197258653777963
2026-03-24,4.7179999351501465,25063.7109375,0.02431610721982813,0.027939754041730103,-0.0036236468219019713
2026-03-25,4.820000171661377,25335.94921875,0.021619380651387132,0.010861850502859038,0.010757530148528094
2026-03-26,4.656000137329102,24856.4296875,-0.03402490217666265,-0.018926448230135007,-0.015098453946527646
2026-03-27,4.679999828338623,24951.880859375,0.005154572659288759,0.0038400998484107163,0.0013144728108780424
2026-03-30,4.590000152587891,24750.7890625,-0.01923070065211563,-0.008059183915165469,-0.01117151673695016
2026-03-31,4.550000190734863,24788.140625,-0.008714588349299945,0.001509105928125365,-0.01022369427742531
2026-04-01,4.645999908447266,25294.029296875,0.021098838173212897,0.02040849612434381,0.0006903420488690859
2026-04-02,4.570000171661377,25116.529296875,-0.01635810122331416,-0.007017466371873393,-0.009340634851440766
2026-04-08,4.829999923706055,25893.01953125,0.056892722599211076,0.03091550688381184,0.025977215715399238
2026-04-09,4.714000225067139,25752.400390625,-0.02401650113275977,-0.005430774130274263,-0.018585727002485508
2026-04-10,4.757999897003174,25893.5390625,0.009333828985001569,0.005480602574289728,0.003853226410711841
2026-04-13,4.723999977111816,25660.849609375,-0.007145842922941736,-0.008986390487733309,0.0018405475647915726
2026-04-14,4.75,25872.3203125,0.0055038152019804,0.008240986029072861,-0.002737170827092461
2026-04-15,4.814000129699707,25947.3203125,0.013473711515727738,0.002898850937763209,0.010574860577964529
2026-04-16,4.99399995803833,26394.259765625,0.03739090641650056,0.01722487901418046,0.020166027402320097
2026-04-17,4.935999870300293,26160.330078125,-0.011613954390344072,-0.008862900099386839,-0.0027510542909572333
2026-04-20,4.949999809265137,26361.0703125,0.002836292409382102,0.0076734595387562,-0.004837167129374098
2026-04-21,4.955999851226807,26487.48046875,0.0012121297359324323,0.004795334739881918,-0.0035832050039494856
2026-04-22,4.857999801635742,26163.240234375,-0.019774021899295557,-0.012241263745622732,-0.007532758153672825
2026-04-23,4.757999897003174,25915.19921875,-0.0205845839266805,-0.009480515922454691,-0.011104068004225809
2026-04-24,4.800000190734863,25978.0703125,0.008827300260797255,0.0024260316588464725,0.0064012686019507825
2026-04-27,4.829999923706055,25925.650390625,0.006249944120647832,-0.0020178527983187866,0.008267796918966619
2026-04-28,4.72599983215332,25679.779296875,-0.02153211039244385,-0.0094837001211322,-0.01204841027131165
2026-04-29,4.809999942779541,26111.83984375,0.01777404012051087,0.016824932250394387,0.0009491078701164835
2026-04-30,4.776000022888184,25776.529296875,-0.007068590498092608,-0.012841322131318833,0.005772731633226225
2026-05-04,4.874000072479248,26095.880859375,0.020519273266627946,0.012389238241578004,0.008130035025049942
2026-05-05,4.817999839782715,25898.609375,-0.011489583886700183,-0.007559487469997794,-0.003930096416702389
2026-05-06,4.869999885559082,26213.779296875,0.010792869967947594,0.012169376251500053,-0.0013765062835524589
2026-05-07,5.010000228881836,26626.279296875,0.02874750443791463,0.015735998816819752,0.013011505621094877
2026-05-08,4.998000144958496,26393.7109375,-0.0023952262225780396,-0.008734542170985793,0.006339315948407753
2026-05-11,4.998000144958496,26406.83984375,0.0,0.0004974255526661864,-0.0004974255526661864
2026-05-12,4.9679999351501465,26347.91015625,-0.006002442764754812,-0.002231606956708543,-0.003770835808046269
2026-05-13,4.98799991607666,26388.439453125,0.004025761108611858,0.0015382357323465712,0.002487525376265287
2026-05-14,4.960000038146973,26389.0390625,-0.005613447955249984,2.2722426465060508e-05,-0.005636170381715044
2026-05-15,4.829999923706055,25962.73046875,-0.026209700290543814,-0.016154760040345773,-0.010054940250198041
2026-05-19,4.714000225067139,25711.44921875,-0.02401650113275977,-0.009678537097723816,-0.014337964035035955
