date,year,tnx_yield,qqq_price,tnx_change_bp,tnx_change_pct,qqq_return
2006-01-03,2006,4.369999885559082,35.3125114440918,,,
2006-01-04,2006,4.355999946594238,35.68009948730469,-1.399993896484375,-0.01399993896484375,0.010409569531605545
2006-01-05,2006,4.355999946594238,35.8339729309082,0.0,0.0,0.004312584488680216
2006-01-06,2006,4.379000186920166,36.48362731933594,2.3000240325927734,0.023000240325927734,0.01812956631072815
2006-01-09,2006,4.379000186920166,36.62894058227539,0.0,0.0,0.003982971914156197
2006-01-10,2006,4.427999973297119,36.65459442138672,4.8999786376953125,0.048999786376953125,0.0007003707643060686
2006-01-11,2006,4.458000183105469,36.93667984008789,3.000020980834961,0.03000020980834961,0.007695772471474571
2006-01-12,2006,4.409999847412109,36.75715637207031,-4.8000335693359375,-0.048000335693359375,-0.004860303329774052
2006-01-13,2006,4.349999904632568,36.74006271362305,-5.999994277954102,-0.059999942779541016,-0.00046504300480254557
2006-01-17,2006,4.331999778747559,36.50072479248047,-1.8000125885009766,-0.018000125885009766,-0.006514357991387776
2006-01-18,2006,4.340000152587891,36.08186340332031,0.8000373840332031,0.008000373840332031,-0.01147542662622536
2006-01-19,2006,4.379000186920166,36.34684753417969,3.900003433227539,0.03900003433227539,0.00734397023505684
2006-01-20,2006,4.361000061035156,35.2612419128418,-1.8000125885009766,-0.018000125885009766,-0.0298679444019736
2006-01-23,2006,4.35699987411499,35.269771575927734,-0.40001869201660156,-0.004000186920166016,0.00024189911141014875
2006-01-24,2006,4.389999866485596,35.42365264892578,3.299999237060547,0.03299999237060547,0.004362973337288967
2006-01-25,2006,4.479000091552734,35.269771575927734,8.900022506713867,0.08900022506713867,-0.004344020491707012
2006-01-26,2006,4.5229997634887695,35.51767349243164,4.399967193603516,0.043999671936035156,0.007028736094029764
2006-01-27,2006,4.502999782562256,35.996402740478516,-1.9999980926513672,-0.019999980926513672,0.013478620668915253
2006-01-30,2006,4.534999847412109,36.06477355957031,3.2000064849853516,0.032000064849853516,0.0018993792125487907
2006-01-31,2006,4.5269999504089355,35.9023551940918,-0.7999897003173828,-0.007999897003173828,-0.004503518238101245
2006-02-01,2006,4.560999870300293,36.030574798583984,3.399991989135742,0.03399991989135742,0.003571342431409219
2006-02-02,2006,4.560999870300293,35.41508483886719,0.0,0.0,-0.017082435213911284
2006-02-03,2006,4.5329999923706055,34.979148864746094,-2.79998779296875,-0.0279998779296875,-0.012309330221981107
2006-02-06,2006,4.545000076293945,34.88512420654297,1.2000083923339844,0.012000083923339844,-0.0026880201850162377
2006-02-07,2006,4.566999912261963,34.73126220703125,2.199983596801758,0.021999835968017578,-0.0044105332290277355
2006-02-08,2006,4.59499979019165,35.13302230834961,2.79998779296875,0.0279998779296875,0.011567679254600227
2006-02-09,2006,4.540999889373779,34.799644470214844,-5.399990081787109,-0.053999900817871094,-0.009489016777686543
2006-02-10,2006,4.580999851226807,35.01333999633789,3.9999961853027344,0.039999961853027344,0.006140738774097265
2006-02-13,2006,4.583000183105469,34.61159896850586,0.20003318786621094,0.0020003318786621094,-0.011473941871128268
2006-02-14,2006,4.613999843597412,34.962066650390625,3.099966049194336,0.03099966049194336,0.010125729302586262
2006-02-15,2006,4.605999946594238,35.1843147277832,-0.7999897003173828,-0.007999897003173828,0.006356834669271283
2006-02-16,2006,4.5960001945495605,35.5091438293457,-0.9999752044677734,-0.009999752044677734,0.009232213390417465
2006-02-17,2006,4.540999889373779,35.227054595947266,-5.500030517578125,-0.05500030517578125,-0.0079441293981668
2006-02-21,2006,4.563000202178955,34.833839416503906,2.200031280517578,0.02200031280517578,-0.011162306470226313
2006-02-22,2006,4.531000137329102,35.269771575927734,-3.2000064849853516,-0.032000064849853516,0.012514617013974272
2006-02-23,2006,4.566999912261963,35.17576599121094,3.599977493286133,0.03599977493286133,-0.002665330125952936
2006-02-24,2006,4.566999912261963,35.269771575927734,0.0,0.0,0.002672453095698968
2006-02-27,2006,4.590000152587891,35.66300582885742,2.3000240325927734,0.023000240325927734,0.01114932803245261
2006-02-28,2006,4.546999931335449,35.13302230834961,-4.300022125244141,-0.043000221252441406,-0.014860876367268072
2006-03-01,2006,4.589000225067139,35.61171340942383,4.200029373168945,0.04200029373168945,0.013625104520553988
2006-03-02,2006,4.638000011444092,35.63734817504883,4.8999786376953125,0.048999786376953125,0.0007198408380488797
2006-03-03,2006,4.684000015258789,35.43218994140625,4.600000381469727,0.046000003814697266,-0.00575683220409251
2006-03-06,2006,4.73799991607666,35.12445831298828,5.399990081787109,0.053999900817871094,-0.008685086327626435
2006-03-07,2006,4.736000061035156,34.91929626464844,-0.19998550415039062,-0.0019998550415039062,-0.005841002486406399
2006-03-08,2006,4.734000205993652,34.93641662597656,-0.19998550415039062,-0.0019998550415039062,0.000490283687230475
2006-03-09,2006,4.730000019073486,34.637203216552734,-0.40001869201660156,-0.004000186920166016,-0.00856451343098974
2006-03-10,2006,4.755000114440918,34.671390533447266,2.500009536743164,0.02500009536743164,0.0009870114708971922
2006-03-13,2006,4.775000095367432,34.773983001708984,1.9999980926513672,0.019999980926513672,0.0029589949143444816
2006-03-14,2006,4.696000099182129,35.36381530761719,-7.899999618530273,-0.07899999618530273,0.01696188515072361
2006-03-15,2006,4.730999946594238,35.66300582885742,3.4999847412109375,0.034999847412109375,0.008460357533192742
2006-03-16,2006,4.645999908447266,35.36381530761719,-8.500003814697266,-0.08500003814697266,-0.008389380375732003
2006-03-17,2006,4.673999786376953,35.45705032348633,2.79998779296875,0.0279998779296875,0.0026364524036255332
2006-03-20,2006,4.656000137329102,35.54259490966797,-1.7999649047851562,-0.017999649047851562,0.0024126255681504727
2006-03-21,2006,4.7170000076293945,35.16621017456055,6.099987030029297,0.06099987030029297,-0.010589680805917823
2006-03-22,2006,4.703000068664551,35.25175094604492,-1.399993896484375,-0.01399993896484375,0.0024324705750140563
2006-03-23,2006,4.738999843597412,35.149105072021484,3.599977493286133,0.03599977493286133,-0.0029117950532597803
2006-03-24,2006,4.675000190734863,35.328739166259766,-6.399965286254883,-0.06399965286254883,0.0051106306652817235
2006-03-27,2006,4.701000213623047,35.337303161621094,2.6000022888183594,0.026000022888183594,0.0002424087460644042
2006-03-28,2006,4.7779998779296875,35.19187545776367,7.6999664306640625,0.07699966430664062,-0.004115416029126018
2006-03-29,2006,4.809999942779541,35.859100341796875,3.2000064849853516,0.032000064849853516,0.018959628475441415
2006-03-30,2006,4.855000019073486,35.97031021118164,4.500007629394531,0.04500007629394531,0.003101301157161007
2006-03-31,2006,4.853000164031982,35.86764144897461,-0.19998550415039062,-0.0019998550415039062,-0.002854264019527819
2006-04-03,2006,4.874000072479248,35.91042709350586,2.0999908447265625,0.020999908447265625,0.001192875884858946
2006-04-04,2006,4.872000217437744,36.1071662902832,-0.19998550415039062,-0.0019998550415039062,0.005478609214673469
2006-04-05,2006,4.839000225067139,36.44933319091797,-3.299999237060547,-0.03299999237060547,0.009476426310608854
2006-04-06,2006,4.89300012588501,36.551998138427734,5.399990081787109,0.053999900817871094,0.0028166481667035725
2006-04-07,2006,4.9629998207092285,36.201271057128906,6.999969482421875,0.06999969482421875,-0.00959529161635908
2006-04-10,2006,4.9629998207092285,36.149959564208984,0.0,0.0,-0.0014173947881263027
2006-04-11,2006,4.932000160217285,35.859100341796875,-3.099966049194336,-0.03099966049194336,-0.00804590726845733
2006-04-12,2006,4.97599983215332,35.86764144897461,4.399967193603516,0.043999671936035156,0.00023818520532659093
2006-04-13,2006,5.035999774932861,36.013065338134766,5.999994277954102,0.059999942779541016,0.004054459208505223
2006-04-17,2006,5.006999969482422,35.63671112060547,-2.8999805450439453,-0.028999805450439453,-0.010450491064718403
2006-04-18,2006,4.973999977111816,36.321022033691406,-3.299999237060547,-0.03299999237060547,0.01920241491337471
2006-04-19,2006,5.0279998779296875,36.48356246948242,5.399990081787109,0.053999900817871094,0.004475106334844936
2006-04-20,2006,5.039000034332275,36.35525894165039,1.100015640258789,0.01100015640258789,-0.003516748890390109
2006-04-21,2006,5.01200008392334,35.927528381347656,-2.6999950408935547,-0.026999950408935547,-0.011765300887809249
2006-04-24,2006,4.985000133514404,35.89332580566406,-2.6999950408935547,-0.026999950408935547,-0.0009519879942910814
2006-04-25,2006,5.071000099182129,35.816341400146484,8.599996566772461,0.08599996566772461,-0.002144811153315551
2006-04-26,2006,5.105000019073486,35.807777404785156,3.399991989135742,0.03399991989135742,-0.0002391086031275913
2006-04-27,2006,5.084000110626221,36.149959564208984,-2.0999908447265625,-0.020999908447265625,0.009556084857087477
2006-04-28,2006,5.068999767303467,35.7992057800293,-1.5000343322753906,-0.015000343322753906,-0.009702743472138176
2006-05-01,2006,5.13100004196167,35.4484977722168,6.2000274658203125,0.062000274658203125,-0.009796530402586323
2006-05-02,2006,5.110000133514404,35.54259490966797,-2.0999908447265625,-0.020999908447265625,0.002654474614292912
2006-05-03,2006,5.144000053405762,35.49127960205078,3.399991989135742,0.03399991989135742,-0.001443769306872622
2006-05-04,2006,5.150000095367432,35.78211975097656,0.6000041961669922,0.006000041961669922,0.00819469323695432
2006-05-05,2006,5.107999801635742,36.06440353393555,-4.200029373168945,-0.04200029373168945,0.007888961998996136
2006-05-08,2006,5.11899995803833,36.09861373901367,1.100015640258789,0.01100015640258789,0.0009485864654861231
2006-05-09,2006,5.125,35.96177673339844,0.6000041961669922,0.006000041961669922,-0.0037906443334511097
2006-05-10,2006,5.125,35.6452522277832,0.0,0.0,-0.008801692640543868
2006-05-11,2006,5.15500020980835,34.84971237182617,3.000020980834961,0.03000020980834961,-0.022318255763020156
2006-05-12,2006,5.185999870300293,34.37923049926758,3.099966049194336,0.03099966049194336,-0.013500308626333113
2006-05-15,2006,5.1529998779296875,34.353580474853516,-3.299999237060547,-0.03299999237060547,-0.0007460907077198042
2006-05-16,2006,5.105000019073486,34.0969352722168,-4.799985885620117,-0.04799985885620117,-0.007470697350588584
2006-05-17,2006,5.1529998779296875,33.635013580322266,4.799985885620117,0.04799985885620117,-0.0135473082318609
2006-05-18,2006,5.072999954223633,33.40404510498047,-7.999992370605469,-0.07999992370605469,-0.006866905963639147
2006-05-19,2006,5.053999900817871,33.66068649291992,-1.9000053405761719,-0.01900005340576172,0.00768294340200093
2006-05-22,2006,5.035999774932861,33.335628509521484,-1.8000125885009766,-0.018000125885009766,-0.009656902970972103
2006-05-23,2006,5.065999984741211,33.01057052612305,3.000020980834961,0.03000020980834961,-0.009751068089374537
2006-05-24,2006,5.033999919891357,33.23297882080078,-3.2000064849853516,-0.032000064849853516,0.006737487148297916
2006-05-25,2006,5.073999881744385,33.66923141479492,3.9999961853027344,0.039999961853027344,0.01312709872763751
2006-05-26,2006,5.052000045776367,33.780452728271484,-2.199983596801758,-0.021999835968017578,0.003303351719151193
2006-05-30,2006,5.085999965667725,33.053340911865234,3.399991989135742,0.03399991989135742,-0.021524632078057326
2006-05-31,2006,5.11299991607666,33.20730209350586,2.6999950408935547,0.026999950408935547,0.004657961264828092
2006-06-01,2006,5.107999801635742,33.99429702758789,-0.5000114440917969,-0.005000114440917969,0.023699454170230227
2006-06-02,2006,4.99399995803833,33.908748626708984,-11.399984359741211,-0.11399984359741211,-0.0025165515500873425
2006-06-05,2006,5.026000022888184,33.17308807373047,3.2000064849853516,0.032000064849853516,-0.02169530232675876
2006-06-06,2006,5.00600004196167,33.147422790527344,-1.9999980926513672,-0.019999980926513672,-0.000773677842294318
2006-06-07,2006,5.026000022888184,32.89936447143555,1.9999980926513672,0.019999980926513672,-0.007483487348605711
2006-06-08,2006,4.992000102996826,32.84803009033203,-3.399991989135742,-0.03399991989135742,-0.0015603456762237622
2006-06-09,2006,4.980999946594238,32.634178161621094,-1.100015640258789,-0.01100015640258789,-0.006510342572228711
2006-06-12,2006,4.986999988555908,31.99260902404785,0.6000041961669922,0.006000041961669922,-0.019659423761060113
2006-06-13,2006,4.960999965667725,31.864315032958984,-2.6000022888183594,-0.026000022888183594,-0.00401011342939972
2006-06-14,2006,5.050000190734863,32.189361572265625,8.900022506713867,0.08900022506713867,0.010200957998639737
2006-06-15,2006,5.0980000495910645,33.0619010925293,4.799985885620117,0.04799985885620117,0.027106456221718034
2006-06-16,2006,5.127999782562256,32.818782806396484,2.9999732971191406,0.029999732971191406,-0.00735342730148536
2006-06-19,2006,5.144999980926514,32.55341339111328,1.7000198364257812,0.017000198364257812,-0.00808590059078862
2006-06-20,2006,5.1570000648498535,32.59621810913086,1.2000083923339844,0.012000083923339844,0.0013149072112130789
2006-06-21,2006,5.15500020980835,33.10981750488281,-0.19998550415039062,-0.0019998550415039062,0.015756410575989088
2006-06-22,2006,5.197999954223633,32.690399169921875,4.29997444152832,0.0429997444152832,-0.012667491595176661
2006-06-23,2006,5.228000164031982,32.65614318847656,3.000020980834961,0.03000020980834961,-0.001047891194819961
2006-06-26,2006,5.238999843597412,32.74174499511719,1.0999679565429688,0.010999679565429688,0.0026213079158359243
2006-06-27,2006,5.210000038146973,32.12542724609375,-2.8999805450439453,-0.028999805450439453,-0.018823607266972187
2006-06-28,2006,5.244999885559082,32.365116119384766,3.4999847412109375,0.034999847412109375,0.007461033014593221
2006-06-29,2006,5.199999809265137,33.349491119384766,-4.500007629394531,-0.04500007629394531,0.030414690816153778
2006-06-30,2006,5.138000011444092,33.1868782043457,-6.199979782104492,-0.06199979782104492,-0.00487602387865349
2006-07-03,2006,5.151000022888184,33.383750915527344,1.3000011444091797,0.013000011444091797,0.00593224556914973
2006-07-05,2006,5.2270002365112305,32.65614318847656,7.6000213623046875,0.07600021362304688,-0.0217952658732653
2006-07-06,2006,5.184999942779541,32.621910095214844,-4.200029373168945,-0.04200029373168945,-0.0010482895381779267
2006-07-07,2006,5.131999969482422,32.262393951416016,-5.299997329711914,-0.05299997329711914,-0.011020695684265447
2006-07-10,2006,5.130000114440918,31.979909896850586,-0.19998550415039062,-0.0019998550415039062,-0.008755830549674104
2006-07-11,2006,5.099999904632568,32.21958923339844,-3.000020980834961,-0.03000020980834961,0.007494684547921571
2006-07-12,2006,5.099999904632568,31.61183738708496,0.0,0.0,-0.018862805540782235
2006-07-13,2006,5.071000099182129,31.08112335205078,-2.8999805450439453,-0.028999805450439453,-0.016788458972998632
2006-07-14,2006,5.059000015258789,30.764402389526367,-1.2000083923339844,-0.012000083923339844,-0.010190138848489072
2006-07-17,2006,5.068999767303467,30.84143829345703,0.9999752044677734,0.009999752044677734,0.0025040598206740317
2006-07-18,2006,5.130000114440918,30.94416618347168,6.100034713745117,0.06100034713745117,0.0033308397953815128
2006-07-19,2006,5.059000015258789,31.34646987915039,-7.100009918212891,-0.0710000991821289,0.013000954470493875
2006-07-20,2006,5.0279998779296875,30.884239196777344,-3.1000137329101562,-0.031000137329101562,-0.014745860830743585
2006-07-21,2006,5.045000076293945,30.5589599609375,1.7000198364257812,0.017000198364257812,-0.010532208152104539
2006-07-24,2006,5.044000148773193,31.166719436645508,-0.09999275207519531,-0.0009999275207519531,0.01988809424420479
2006-07-25,2006,5.065000057220459,31.34646987915039,2.0999908447265625,0.020999908447265625,0.0057673841120902125
2006-07-26,2006,5.035999774932861,31.320802688598633,-2.9000282287597656,-0.029000282287597656,-0.0008188223634340019
2006-07-27,2006,5.039999961853027,31.115345001220703,0.40001869201660156,0.004000186920166016,-0.006559783586029266
2006-07-28,2006,4.989999771118164,31.76591682434082,-5.000019073486328,-0.05000019073486328,0.02090839176279724
2006-07-31,2006,4.98799991607666,31.757366180419922,-0.19998550415039062,-0.0019998550415039062,-0.0002691766766305115
2006-08-01,2006,4.982999801635742,31.226640701293945,-0.5000114440917969,-0.005000114440917969,-0.016711885869590715
2006-08-02,2006,4.960999965667725,31.57759666442871,-2.199983596801758,-0.021999835968017578,0.011238991939348297
2006-08-03,2006,4.951000213623047,31.77445411682129,-0.9999752044677734,-0.009999752044677734,0.006234085971917214
2006-08-04,2006,4.901000022888184,31.628950119018555,-5.000019073486328,-0.05000019073486328,-0.00457927608347819
2006-08-07,2006,4.921000003814697,31.423511505126953,1.9999980926513672,0.019999980926513672,-0.00649527136115946
2006-08-08,2006,4.922999858856201,31.226640701293945,0.19998550415039062,0.0019998550415039062,-0.0062650796936201125
2006-08-09,2006,4.936999797821045,31.269447326660156,1.399993896484375,0.01399993896484375,0.0013708367088118845
2006-08-10,2006,4.927000045776367,31.49200439453125,-0.9999752044677734,-0.009999752044677734,0.00711739691290747
2006-08-11,2006,4.9670000076293945,31.269447326660156,3.9999961853027344,0.039999961853027344,-0.0070670975744479
2006-08-14,2006,5.000999927520752,31.474868774414062,3.399991989135742,0.03399991989135742,0.006569398096741175
2006-08-15,2006,4.931000232696533,32.27094268798828,-6.999969482421875,-0.06999969482421875,0.025292366404442213
2006-08-16,2006,4.870999813079834,33.03278350830078,-6.000041961669922,-0.06000041961669922,0.023607640708806166
2006-08-17,2006,4.867000102996826,33.15260696411133,-0.39997100830078125,-0.0039997100830078125,0.003627410199338321
2006-08-18,2006,4.835000038146973,33.2039794921875,-3.2000064849853516,-0.032000064849853516,0.0015495773268081603
2006-08-21,2006,4.818999767303467,32.88725662231445,-1.600027084350586,-0.01600027084350586,-0.00953870212898933
2006-08-22,2006,4.810999870300293,32.89583206176758,-0.7999897003173828,-0.007999897003173828,0.0002607526541849037
2006-08-23,2006,4.818999767303467,32.647586822509766,0.7999897003173828,0.007999897003173828,-0.007546404018347608
2006-08-24,2006,4.802999973297119,32.74174499511719,-1.5999794006347656,-0.015999794006347656,0.0028840775619747294
2006-08-25,2006,4.790999889373779,32.801658630371094,-1.2000083923339844,-0.012000083923339844,0.0018298852203155747
2006-08-28,2006,4.796999931335449,33.04991149902344,0.6000041961669922,0.006000041961669922,0.007568302305984265
2006-08-29,2006,4.7829999923706055,33.15260696411133,-1.399993896484375,-0.01399993896484375,0.0031072841175663335
2006-08-30,2006,4.763000011444092,33.306697845458984,-1.9999980926513672,-0.019999980926513672,0.004647926526998747
2006-08-31,2006,4.73199987411499,33.27246856689453,-3.1000137329101562,-0.031000137329101562,-0.0010276995553049062
2006-09-01,2006,4.72599983215332,33.45222091674805,-0.6000041961669922,-0.006000041961669922,0.00540243503400184
2006-09-05,2006,4.781000137329102,33.77750778198242,5.500030517578125,0.05500030517578125,0.009723924341044743
2006-09-06,2006,4.801000118255615,33.10125732421875,1.9999980926513672,0.019999980926513672,-0.02002073279439509
2006-09-07,2006,4.795000076293945,32.947166442871094,-0.6000041961669922,-0.006000041961669922,-0.004655136807595328
2006-09-08,2006,4.770999908447266,33.14406967163086,-2.4000167846679688,-0.024000167846679688,0.005976332717448907
2006-09-11,2006,4.798999786376953,33.349491119384766,2.79998779296875,0.0279998779296875,0.006197834176342454
2006-09-12,2006,4.7729997634887695,33.96582794189453,-2.6000022888183594,-0.026000022888183594,0.018481146243083613
2006-09-13,2006,4.764999866485596,34.196922302246094,-0.7999897003173828,-0.007999897003173828,0.00680373111313215
2006-09-14,2006,4.793000221252441,34.23118209838867,2.8000354766845703,0.028000354766845703,0.0010018385818399977
2006-09-15,2006,4.797999858856201,34.35366439819336,0.49996376037597656,0.004999637603759766,0.003578091444597087
2006-09-18,2006,4.809999942779541,34.36221694946289,1.2000083923339844,0.012000083923339844,0.00024895601151597724
2006-09-19,2006,4.736999988555908,34.13097381591797,-7.299995422363281,-0.07299995422363281,-0.00672957550687181
2006-09-20,2006,4.729000091552734,34.62773132324219,-0.7999897003173828,-0.007999897003173828,0.01455444869529443
2006-09-21,2006,4.6479997634887695,34.413612365722656,-8.100032806396484,-0.08100032806396484,-0.006183453242165293
2006-09-22,2006,4.5970001220703125,34.14808654785156,-5.099964141845703,-0.05099964141845703,-0.007715720600594889
2006-09-25,2006,4.554999828338623,34.74764633178711,-4.200029373168945,-0.04200029373168945,0.01755763922805409
2006-09-26,2006,4.585000038146973,34.91893005371094,3.000020980834961,0.03000020980834961,0.004929361841902402
2006-09-27,2006,4.593999862670898,34.87612533569336,0.8999824523925781,0.008999824523925781,-0.0012258313170460111
2006-09-28,2006,4.625999927520752,34.9703254699707,3.2000064849853516,0.032000064849853516,0.0027009919642919655
2006-09-29,2006,4.632999897003174,34.816158294677734,0.6999969482421875,0.006999969482421875,-0.004408514167972277
2006-10-02,2006,4.618000030517578,34.37934494018555,-1.4999866485595703,-0.014999866485595703,-0.01254628241275435
2006-10-03,2006,4.616000175476074,34.52497863769531,-0.19998550415039062,-0.0019998550415039062,0.0042360812215340715
2006-10-04,2006,4.565000057220459,35.372859954833984,-5.100011825561523,-0.051000118255615234,0.0245584892618278
2006-10-05,2006,4.607999801635742,35.54417419433594,4.29997444152832,0.0429997444152832,0.004843098344909036
2006-10-06,2006,4.696000099182129,35.467071533203125,8.800029754638672,0.08800029754638672,-0.0021692067091292344
2006-10-10,2006,4.748000144958496,35.64694595336914,5.200004577636719,0.05200004577636719,0.005071589290861711
2006-10-11,2006,4.783999919891357,35.57841873168945,3.599977493286133,0.03599977493286133,-0.0019223868930968724
2006-10-12,2006,4.7779998779296875,36.14371109008789,-0.6000041961669922,-0.006000041961669922,0.015888630764102407
2006-10-13,2006,4.806000232696533,36.34070587158203,2.8000354766845703,0.028000354766845703,0.005450319725142094
2006-10-16,2006,4.788000106811523,36.374961853027344,-1.8000125885009766,-0.018000125885009766,0.0009426339038751674
2006-10-17,2006,4.7779998779296875,35.97240447998047,-1.0000228881835938,-0.010000228881835938,-0.011066880968106707
2006-10-18,2006,4.763999938964844,35.801124572753906,-1.399993896484375,-0.01399993896484375,-0.004761425034066957
2006-10-19,2006,4.785999774932861,35.886756896972656,2.199983596801758,0.021999835968017578,0.002391889228080757
2006-10-20,2006,4.783999919891357,35.97240447998047,-0.19998550415039062,-0.0019998550415039062,0.0023866069384228528
2006-10-23,2006,4.826000213623047,36.34070587158203,4.200029373168945,0.04200029373168945,0.010238442409556736
2006-10-24,2006,4.823999881744385,36.09232711791992,-0.20003318786621094,-0.0020003318786621094,-0.006834725625303184
2006-10-25,2006,4.7729997634887695,36.34070587158203,-5.100011825561523,-0.051000118255615234,0.006881760570622397
2006-10-26,2006,4.7210001945495605,36.67473602294922,-5.199956893920898,-0.051999568939208984,0.009191625296095074
2006-10-27,2006,4.675000190734863,36.15227127075195,-4.600000381469727,-0.046000003814697266,-0.014245903552525419
2006-10-30,2006,4.672999858856201,36.38351821899414,-0.20003318786621094,-0.0020003318786621094,0.006396470819504785
2006-10-31,2006,4.605999946594238,36.46918487548828,-6.699991226196289,-0.06699991226196289,0.0023545457033185
2006-11-01,2006,4.560999870300293,35.97240447998047,-4.500007629394531,-0.04500007629394531,-0.013621922102287187
2006-11-02,2006,4.5960001945495605,36.00668716430664,3.500032424926758,0.03500032424926758,0.0009530273225202279
2006-11-03,2006,4.715000152587891,35.91245651245117,11.899995803833008,0.11899995803833008,-0.0026170319814614595
2006-11-06,2006,4.709000110626221,36.43492126464844,-0.6000041961669922,-0.006000041961669922,0.014548287779091895
2006-11-07,2006,4.658999919891357,36.68328857421875,-5.000019073486328,-0.05000019073486328,0.006816737924758343
2006-11-08,2006,4.632999897003174,36.85459518432617,-2.6000022888183594,-0.026000022888183594,0.004669881484612004
2006-11-09,2006,4.632999897003174,36.68328857421875,0.0,0.0,-0.004648175057971549
2006-11-10,2006,4.585999965667725,36.85459518432617,-4.699993133544922,-0.04699993133544922,0.004669881484612004
2006-11-13,2006,4.605000019073486,37.23146057128906,1.9000053405761719,0.01900005340576172,0.01022573671147442
2006-11-14,2006,4.567999839782715,37.625431060791016,-3.7000179290771484,-0.037000179290771484,0.01058165549932144
2006-11-15,2006,4.614999771118164,37.77959442138672,4.699993133544922,0.04699993133544922,0.0040973181236547696
2006-11-16,2006,4.65500020980835,37.942344665527344,4.000043869018555,0.04000043869018555,0.004307887541759703
2006-11-17,2006,4.60699987411499,37.942344665527344,-4.8000335693359375,-0.048000335693359375,0.0
2006-11-20,2006,4.59499979019165,38.0193977355957,-1.2000083923339844,-0.012000083923339844,0.0020307935829375623
2006-11-21,2006,4.578000068664551,38.070796966552734,-1.699972152709961,-0.01699972152709961,0.0013519212301700279
2006-11-22,2006,4.567999839782715,38.31060791015625,-1.0000228881835938,-0.010000228881835938,0.0062990786301164725
2006-11-24,2006,4.547999858856201,38.24208450317383,-1.9999980926513672,-0.019999980926513672,-0.0017886275034612042
2006-11-27,2006,4.538000106811523,37.377052307128906,-0.9999752044677734,-0.009999752044677734,-0.022619901798844988
2006-11-28,2006,4.508999824523926,37.4883918762207,-2.9000282287597656,-0.029000282287597656,0.0029788215554538144
2006-11-29,2006,4.520999908447266,37.745330810546875,1.2000083923339844,0.012000083923339844,0.006853826517139838
2006-11-30,2006,4.458000183105469,37.71965026855469,-6.2999725341796875,-0.06299972534179688,-0.0006803634102741096
2006-12-01,2006,4.425000190734863,37.394187927246094,-3.299999237060547,-0.03299999237060547,-0.008628455963705428
2006-12-04,2006,4.433000087738037,37.9080810546875,0.7999897003173828,0.007999897003173828,0.013742593593454533
2006-12-05,2006,4.441999912261963,38.045108795166016,0.8999824523925781,0.008999824523925781,0.0036147369285413067
2006-12-06,2006,4.480999946594238,37.9080810546875,3.900003433227539,0.03900003433227539,-0.003601717666685378
2006-12-07,2006,4.482999801635742,37.428428649902344,0.19998550415039062,0.0019998550415039062,-0.012653038387598459
2006-12-08,2006,4.552000045776367,37.599735260009766,6.9000244140625,0.069000244140625,0.00457691162270768
2006-12-11,2006,4.519999980926514,37.73677444458008,-3.2000064849853516,-0.032000064849853516,0.0036446848261739717
2006-12-12,2006,4.491000175476074,37.51408004760742,-2.8999805450439453,-0.028999805450439453,-0.0059012568045450076
2006-12-13,2006,4.577000141143799,37.58261489868164,8.599996566772461,0.08599996566772461,0.0018269100824874762
2006-12-14,2006,4.59499979019165,38.00229263305664,1.7999649047851562,0.017999649047851562,0.011166805064160679
2006-12-15,2006,4.5970001220703125,38.10004425048828,0.20003318786621094,0.0020003318786621094,0.002572255794552003
2006-12-18,2006,4.586999893188477,37.72272491455078,-1.0000228881835938,-0.010000228881835938,-0.009903383141941169
2006-12-19,2006,4.598999977111816,37.602684020996094,1.2000083923339844,0.012000083923339844,-0.0031821904124530453
2006-12-20,2006,4.59499979019165,37.465476989746094,-0.40001869201660156,-0.004000186920166016,-0.00364886270281628
2006-12-21,2006,4.548999786376953,37.19964599609375,-4.600000381469727,-0.046000003814697266,-0.0070953585810504816
2006-12-22,2006,4.624000072479248,36.813743591308594,7.500028610229492,0.07500028610229492,-0.010373819278432839
2006-12-26,2006,4.603000164031982,36.96809387207031,-2.0999908447265625,-0.020999908447265625,0.004192735258746083
2006-12-27,2006,4.6539998054504395,37.15677261352539,5.099964141845703,0.05099964141845703,0.005103826616216889
2006-12-28,2006,4.690000057220459,36.9766845703125,3.600025177001953,0.03600025177001953,-0.004846708434180225
2006-12-29,2006,4.710000038146973,37.0109748840332,1.9999980926513672,0.019999980926513672,0.0009273496020310024
2007-01-03,2007,4.664000034332275,37.0795783996582,-4.600000381469727,-0.046000003814697266,0.0018535992591375283
2007-01-04,2007,4.618000030517578,37.78275680541992,-4.600000381469727,-0.046000003814697266,0.018964034547064967
2007-01-05,2007,4.645999908447266,37.602684020996094,2.79998779296875,0.0279998779296875,-0.004766004380019062
2007-01-08,2007,4.659999847412109,37.62841033935547,1.399993896484375,0.01399993896484375,0.0006841617567781011
2007-01-09,2007,4.656000137329102,37.81705856323242,-0.39997100830078125,-0.0039997100830078125,0.0050134518619204815
2007-01-10,2007,4.682000160217285,38.262969970703125,2.6000022888183594,0.026000022888183594,0.011791276857905597
2007-01-11,2007,4.736999988555908,38.65742874145508,5.499982833862305,0.05499982833862305,0.010309151930808724
2007-01-12,2007,4.770999908447266,38.854671478271484,3.399991989135742,0.03399991989135742,0.005102324268269065
2007-01-16,2007,4.750999927520752,38.82893753051758,-1.9999980926513672,-0.019999980926513672,-0.0006623128384523058
2007-01-17,2007,4.7870001792907715,38.51165771484375,3.600025177001953,0.03600025177001953,-0.008171220637300802
2007-01-18,2007,4.750999927520752,37.799922943115234,-3.600025177001953,-0.03600025177001953,-0.01848102143508068
2007-01-19,2007,4.7729997634887695,37.877079010009766,2.199983596801758,0.021999835968017578,0.0020411699518712023
2007-01-22,2007,4.758999824523926,37.465476989746094,-1.399993896484375,-0.01399993896484375,-0.01086678358051052
2007-01-23,2007,4.803999900817871,37.37114715576172,4.500007629394531,0.04500007629394531,-0.0025177801422411328
2007-01-24,2007,4.809999942779541,37.98857116699219,0.6000041961669922,0.006000041961669922,0.016521409114284458
2007-01-25,2007,4.867000102996826,37.49978256225586,5.700016021728516,0.057000160217285156,-0.012866727800518896
2007-01-26,2007,4.879000186920166,37.36257553100586,1.2000083923339844,0.012000083923339844,-0.0036588753820695485
2007-01-29,2007,4.892000198364258,37.39689254760742,1.3000011444091797,0.013000011444091797,0.0009184863761086959
2007-01-30,2007,4.875,37.41401672363281,-1.7000198364257812,-0.017000198364257812,0.0004579037149567977
2007-01-31,2007,4.826000213623047,37.79132843017578,-4.8999786376953125,-0.048999786376953125,0.010084768746699169
2007-02-01,2007,4.836999893188477,37.731300354003906,1.0999679565429688,0.010999679565429688,-0.0015884087346329512
2007-02-02,2007,4.827000141143799,37.868499755859375,-0.9999752044677734,-0.009999752044677734,0.003636222461675942
2007-02-05,2007,4.808000087738037,37.834205627441406,-1.9000053405761719,-0.01900005340576172,-0.0009056109600080742
2007-02-06,2007,4.764999866485596,37.78275680541992,-4.300022125244141,-0.043000221252441406,-0.001359849405273894
2007-02-07,2007,4.744999885559082,38.125762939453125,-1.9999980926513672,-0.019999980926513672,0.009078377626060341
2007-02-08,2007,4.730000019073486,38.117191314697266,-1.4999866485595703,-0.014999866485595703,-0.00022482500270148975
2007-02-09,2007,4.783999919891357,37.62841033935547,5.399990081787109,0.053999900817871094,-0.012823111002759902
2007-02-12,2007,4.803999900817871,37.48261642456055,1.9999980926513672,0.019999980926513672,-0.0038745701314529812
2007-02-13,2007,4.814000129699707,37.611244201660156,1.0000228881835938,0.010000228881835938,0.0034316648454488785
2007-02-14,2007,4.730000019073486,38.24581527709961,-8.40001106262207,-0.0840001106262207,0.016871844814201786
2007-02-15,2007,4.705999851226807,38.468780517578125,-2.4000167846679688,-0.024000167846679688,0.005829794419679235
2007-02-16,2007,4.690000057220459,38.34016418457031,-1.5999794006347656,-0.015999794006347656,-0.003343395118778014
2007-02-20,2007,4.679999828338623,38.631710052490234,-1.0000228881835938,-0.010000228881835938,0.007604189343488832
2007-02-21,2007,4.691999912261963,38.751766204833984,1.2000083923339844,0.012000083923339844,0.0031077100180298967
2007-02-22,2007,4.730000019073486,38.94899368286133,3.8000106811523438,0.03800010681152344,0.005089509391258185
2007-02-23,2007,4.677999973297119,38.811798095703125,-5.200004577636719,-0.05200004577636719,-0.0035224424095602336
2007-02-26,2007,4.63100004196167,38.62314987182617,-4.699993133544922,-0.04699993133544922,-0.004860589643689739
2007-02-27,2007,4.513000011444092,37.03670883178711,-11.800003051757812,-0.11800003051757812,-0.04107487466205595
2007-02-28,2007,4.550000190734863,37.15677261352539,3.7000179290771484,0.037000179290771484,0.003241750833844037
2007-03-01,2007,4.556000232696533,36.9852409362793,0.6000041961669922,0.006000041961669922,-0.004616431007887223
2007-03-02,2007,4.514999866485596,36.427852630615234,-4.10003662109375,-0.0410003662109375,-0.015070560352016371
2007-03-05,2007,4.51800012588501,36.14488220214844,0.30002593994140625,0.0030002593994140625,-0.007767968958702132
2007-03-06,2007,4.5279998779296875,36.74514389038086,0.9999752044677734,0.009999752044677734,0.01660710041535962
2007-03-07,2007,4.497000217437744,36.599342346191406,-3.099966049194336,-0.03099966049194336,-0.0039679132737761025
2007-03-08,2007,4.508999824523926,36.84804153442383,1.199960708618164,0.01199960708618164,0.006795181888242352
2007-03-09,2007,4.589000225067139,36.813743591308594,8.000040054321289,0.08000040054321289,-0.0009307941938567765
2007-03-12,2007,4.552999973297119,37.05385208129883,-3.600025177001953,-0.03600025177001953,0.0065222513813270044
2007-03-13,2007,4.494999885559082,36.333518981933594,-5.800008773803711,-0.05800008773803711,-0.019440167726280433
2007-03-14,2007,4.521999835968018,36.86518859863281,2.6999950408935547,0.026999950408935547,0.014633033947622387
2007-03-15,2007,4.535999774932861,36.77943801879883,1.399993896484375,0.01399993896484375,-0.0023260583518937006
2007-03-16,2007,4.545000076293945,36.751121520996094,0.9000301361083984,0.009000301361083984,-0.0007699002303477309
2007-03-19,2007,4.571000099182129,37.128684997558594,2.6000022888183594,0.026000022888183594,0.01027352257391101
2007-03-20,2007,4.546999931335449,37.39468765258789,-2.4000167846679688,-0.024000167846679688,0.007164343553960784
2007-03-21,2007,4.51800012588501,38.11545944213867,-2.8999805450439453,-0.028999805450439453,0.019274710789057847
2007-03-22,2007,4.589000225067139,37.97818374633789,7.100009918212891,0.0710000991821289,-0.003601575261323431
2007-03-23,2007,4.61299991607666,37.8580436706543,2.3999691009521484,0.023999691009521484,-0.0031633970830734492
2007-03-26,2007,4.586999893188477,38.01250457763672,-2.6000022888183594,-0.026000022888183594,0.004080002345766998
2007-03-27,2007,4.611999988555908,37.74648666381836,2.500009536743164,0.02500009536743164,-0.006998168544118055
2007-03-28,2007,4.619999885559082,37.343204498291016,0.7999897003173828,0.007999897003173828,-0.0106839656129879
2007-03-29,2007,4.631999969482422,37.386112213134766,1.2000083923339844,0.012000083923339844,0.0011490099850888225
2007-03-30,2007,4.6479997634887695,37.351776123046875,1.5999794006347656,0.015999794006347656,-0.0009184183124509859
2007-04-02,2007,4.642000198364258,37.403263092041016,-0.5999565124511719,-0.005999565124511719,0.0013784342898321977
2007-04-03,2007,4.664000034332275,37.892372131347656,2.199983596801758,0.021999835968017578,0.013076640882990764
2007-04-04,2007,4.6519999504089355,38.046810150146484,-1.2000083923339844,-0.012000083923339844,0.004075702050626351
2007-04-05,2007,4.673999786376953,38.23557662963867,2.199983596801758,0.021999835968017578,0.004961427219450032
2007-04-09,2007,4.744999885559082,38.141197204589844,7.100009918212891,0.0710000991821289,-0.002468366724608706
2007-04-10,2007,4.723999977111816,38.33855056762695,-2.0999908447265625,-0.020999908447265625,0.005174283386504719
2007-04-11,2007,4.738999843597412,37.935272216796875,1.4999866485595703,0.014999866485595703,-0.010518873167067677
2007-04-12,2007,4.736999988555908,38.23557662963867,-0.19998550415039062,-0.0019998550415039062,0.007916231920666927
2007-04-13,2007,4.761000156402588,38.31282043457031,2.4000167846679688,0.024000167846679688,0.0020202076636595123
2007-04-16,2007,4.735000133514404,38.664642333984375,-2.6000022888183594,-0.026000022888183594,0.009182876526015571
2007-04-17,2007,4.688000202178955,38.750450134277344,-4.699993133544922,-0.04699993133544922,0.0022192834360592606
2007-04-18,2007,4.6539998054504395,38.62171936035156,-3.4000396728515625,-0.034000396728515625,-0.0033220458982980983
2007-04-19,2007,4.670000076293945,38.74186325073242,1.600027084350586,0.01600027084350586,0.003110785650423331
2007-04-20,2007,4.671999931335449,38.95636749267578,0.19998550415039062,0.0019998550415039062,0.005536755951956129
2007-04-23,2007,4.650000095367432,39.016441345214844,-2.199983596801758,-0.021999835968017578,0.0015420804455230641
2007-04-24,2007,4.622000217437744,39.21379089355469,-2.79998779296875,-0.0279998779296875,0.0050581124658117815
2007-04-25,2007,4.645999908447266,39.73720932006836,2.3999691009521484,0.023999691009521484,0.013347815005554597
2007-04-26,2007,4.684000015258789,39.94314956665039,3.8000106811523438,0.03800010681152344,0.005182554339014045
2007-04-27,2007,4.697999954223633,39.96030807495117,1.399993896484375,0.01399993896484375,0.0004295732431451871
2007-04-30,2007,4.630000114440918,39.436885833740234,-6.799983978271484,-0.06799983978271484,-0.013098553700566673
2007-05-01,2007,4.642000198364258,39.402565002441406,1.2000083923339844,0.012000083923339844,-0.0008702723496860632
2007-05-02,2007,4.645999908447266,39.83161926269531,0.39997100830078125,0.0039997100830078125,0.010888993146190407
2007-05-03,2007,4.673999786376953,39.977474212646484,2.79998779296875,0.0279998779296875,0.0036617881133387264
2007-05-04,2007,4.639999866485596,40.011802673339844,-3.399991989135742,-0.03399991989135742,0.0008586950869071686
2007-05-07,2007,4.636000156402588,40.011802673339844,-0.39997100830078125,-0.0039997100830078125,0.0
2007-05-08,2007,4.633999824523926,40.09758758544922,-0.20003318786621094,-0.0020003318786621094,0.0021439901823401275
2007-05-09,2007,4.668000221252441,40.18342971801758,3.4000396728515625,0.034000396728515625,0.0021408303525849437
2007-05-10,2007,4.6479997634887695,39.634246826171875,-2.0000457763671875,-0.020000457763671875,-0.013666899408525612
2007-05-11,2007,4.670000076293945,40.1405143737793,2.200031280517578,0.02200031280517578,0.012773487278005202
2007-05-14,2007,4.690000057220459,39.86591339111328,1.9999980926513672,0.019999980926513672,-0.0068409931200431595
2007-05-15,2007,4.711999893188477,39.55701446533203,2.199983596801758,0.021999835968017578,-0.00774844721982737
2007-05-16,2007,4.708000183105469,39.94314956665039,-0.39997100830078125,-0.0039997100830078125,0.009761482420691081
2007-05-17,2007,4.75600004196167,39.75437927246094,4.799985885620117,0.04799985885620117,-0.0047259741967634605
2007-05-18,2007,4.803999900817871,40.0804557800293,4.799985885620117,0.04799985885620117,0.008202278932178952
2007-05-21,2007,4.788000106811523,40.33787155151367,-1.5999794006347656,-0.015999794006347656,0.006422476153892243
2007-05-22,2007,4.830999851226807,40.37218475341797,4.29997444152832,0.0429997444152832,0.0008506448303915448
2007-05-23,2007,4.859000205993652,40.18342971801758,2.8000354766845703,0.028000354766845703,-0.0046753733183688695
2007-05-24,2007,4.85699987411499,39.608497619628906,-0.20003318786621094,-0.0020003318786621094,-0.01430769106627261
2007-05-25,2007,4.861000061035156,39.85734176635742,0.40001869201660156,0.004000186920166016,0.006282594940061337
2007-05-29,2007,4.881999969482422,40.166255950927734,2.0999908447265625,0.020999908447265625,0.0077504964174770485
2007-05-30,2007,4.877999782562256,40.492313385009766,-0.40001869201660156,-0.004000186920166016,0.008117695472547481
2007-05-31,2007,4.889999866485596,40.68108367919922,1.2000083923339844,0.012000083923339844,0.004661879710220251
2007-06-01,2007,4.955999851226807,40.70684051513672,6.599998474121094,0.06599998474121094,0.0006331403593033968
2007-06-04,2007,4.928999900817871,40.826961517333984,-2.6999950408935547,-0.026999950408935547,0.002950880016163282
2007-06-05,2007,4.97599983215332,40.826961517333984,4.699993133544922,0.04699993133544922,0.0
2007-06-06,2007,4.96999979019165,40.389339447021484,-0.6000041961669922,-0.006000041961669922,-0.010718947823895708
2007-06-07,2007,5.098999977111816,39.76295852661133,12.900018692016602,0.12900018692016602,-0.01550857055317223
2007-06-08,2007,5.118000030517578,40.25205612182617,1.9000053405761719,0.01900005340576172,0.012300332101483846
2007-06-11,2007,5.13700008392334,40.17482376098633,1.9000053405761719,0.01900005340576172,-0.0019187184030076132
2007-06-12,2007,5.248000144958496,39.934566497802734,11.100006103515625,0.11100006103515625,-0.005980294141748166
2007-06-13,2007,5.199999809265137,40.37218475341797,-4.8000335693359375,-0.048000335693359375,0.010958382524055121
2007-06-14,2007,5.2170000076293945,40.63820266723633,1.7000198364257812,0.017000198364257812,0.00658913842397002
2007-06-15,2007,5.171000003814697,41.01346206665039,-4.600000381469727,-0.046000003814697266,0.009234153451294524
2007-06-18,2007,5.142000198364258,41.022037506103516,-2.8999805450439453,-0.028999805450439453,0.00020908840709887855
2007-06-19,2007,5.085999965667725,41.01346206665039,-5.60002326965332,-0.0560002326965332,-0.00020904469827587313
2007-06-20,2007,5.123000144958496,40.62702560424805,3.7000179290771484,0.037000179290771484,-0.009422185861177712
2007-06-21,2007,5.163000106811523,40.99627685546875,3.9999961853027344,0.039999961853027344,0.00908880839118309
2007-06-22,2007,5.138000011444092,40.60984420776367,-2.500009536743164,-0.02500009536743164,-0.009426042493259512
2007-06-25,2007,5.078000068664551,40.43809509277344,-5.999994277954102,-0.059999942779541016,-0.00422924831012772
2007-06-26,2007,5.10099983215332,40.20623779296875,2.299976348876953,0.02299976348876953,-0.005733635555106087
2007-06-27,2007,5.070000171661377,40.82453918457031,-3.099966049194336,-0.03099966049194336,0.015378245405236468
2007-06-28,2007,5.118000030517578,40.80735397338867,4.799985885620117,0.04799985885620117,-0.00042095297399302734
2007-06-29,2007,5.0329999923706055,40.87606430053711,-8.500003814697266,-0.08500003814697266,0.0016837731550358725
2007-07-02,2007,4.998000144958496,41.24531173706055,-3.4999847412109375,-0.034999847412109375,0.009033341219168767
2007-07-03,2007,5.050000190734863,41.485748291015625,5.200004577636719,0.05200004577636719,0.005829427487125338
2007-07-05,2007,5.144000053405762,41.78632354736328,9.399986267089844,0.09399986267089844,0.0072452653918442245
2007-07-06,2007,5.195000171661377,41.95808410644531,5.100011825561523,0.051000118255615234,0.004110449173336583
2007-07-09,2007,5.158999919891357,41.983848571777344,-3.600025177001953,-0.03600025177001953,0.0006140524735749331
2007-07-10,2007,5.038000106811523,41.631744384765625,-12.099981307983398,-0.12099981307983398,-0.008386658179031503
2007-07-11,2007,5.079999923706055,41.9151496887207,4.199981689453125,0.04199981689453125,0.006807432841050565
2007-07-12,2007,5.116000175476074,42.5592155456543,3.600025177001953,0.03600025177001953,0.015365944335561155
2007-07-13,2007,5.10699987411499,42.85116958618164,-0.9000301361083984,-0.009000301361083984,0.006859948821522854
2007-07-16,2007,5.040999889373779,42.808231353759766,-6.599998474121094,-0.06599998474121094,-0.001002031749343879
2007-07-17,2007,5.078000068664551,43.134552001953125,3.7000179290771484,0.037000179290771484,0.00762284817367731
2007-07-18,2007,5.010000228881836,43.0830192565918,-6.799983978271484,-0.06799983978271484,-0.0011946975909010726
2007-07-19,2007,5.0279998779296875,43.21182632446289,1.7999649047851562,0.017999649047851562,0.0029897409720509582
2007-07-20,2007,4.955999851226807,42.979976654052734,-7.200002670288086,-0.07200002670288086,-0.005365421694266681
2007-07-23,2007,4.964000225067139,42.99714279174805,0.8000373840332031,0.008000373840332031,0.0003993984881258683
2007-07-24,2007,4.943999767303467,42.361690521240234,-2.0000457763671875,-0.020000457763671875,-0.014778941791215194
2007-07-25,2007,4.9039998054504395,42.42177963256836,-3.9999961853027344,-0.039999961853027344,0.0014184776525383302
2007-07-26,2007,4.7769999504089355,42.061119079589844,-12.69998550415039,-0.1269998550415039,-0.008501778004184168
2007-07-27,2007,4.788000106811523,41.21097183227539,1.100015640258789,0.01100015640258789,-0.02021218802347524
2007-07-30,2007,4.803999900817871,41.691864013671875,1.5999794006347656,0.015999794006347656,0.011669032784610511
2007-07-31,2007,4.770999908447266,40.81593704223633,-3.299999237060547,-0.03299999237060547,-0.02100954208111938
2007-08-01,2007,4.758999824523926,41.1336784362793,-1.2000083923339844,-0.012000083923339844,0.007784738439648553
2007-08-02,2007,4.752999782562256,41.511512756347656,-0.6000041961669922,-0.006000041961669922,0.009185522288109205
2007-08-03,2007,4.699999809265137,40.72150421142578,-5.299997329711914,-0.05299997329711914,-0.019031070959972918
2007-08-06,2007,4.730999946594238,41.193790435791016,3.1000137329101562,0.031000137329101562,0.011597956252134667
2007-08-07,2007,4.743000030517578,41.485748291015625,1.2000083923339844,0.012000083923339844,0.007087423908700208
2007-08-08,2007,4.860000133514404,41.940895080566406,11.700010299682617,0.11700010299682617,0.01097116017669486
2007-08-09,2007,4.789999961853027,40.970516204833984,-7.000017166137695,-0.07000017166137695,-0.023136818464850828
2007-08-10,2007,4.776000022888184,40.60126876831055,-1.399993896484375,-0.01399993896484375,-0.009012516090287193
2007-08-13,2007,4.7779998779296875,40.87606430053711,0.19998550415039062,0.0019998550415039062,0.00676815135494091
2007-08-14,2007,4.73199987411499,40.18046188354492,-4.600000381469727,-0.046000003814697266,-0.017017353037656502
2007-08-15,2007,4.705999851226807,39.41621017456055,-2.6000022888183594,-0.026000022888183594,-0.019020480929248795
2007-08-16,2007,4.599999904632568,39.02976608276367,-10.599994659423828,-0.10599994659423828,-0.009804191983081356
2007-08-17,2007,4.672999858856201,39.76827621459961,7.299995422363281,0.07299995422363281,0.018921715550892726
2007-08-20,2007,4.633999824523926,39.95719909667969,-3.900003433227539,-0.03900003433227539,0.004750592684998445
2007-08-21,2007,4.590000152587891,40.37797927856445,-4.399967193603516,-0.043999671936035156,0.01053077271173719
2007-08-22,2007,4.619999885559082,40.9276008605957,2.9999732971191406,0.029999732971191406,0.01361191401480144
2007-08-23,2007,4.618000030517578,40.81593704223633,-0.19998550415039062,-0.0019998550415039062,-0.002728325531215825
2007-08-24,2007,4.632999897003174,41.391292572021484,1.4999866485595703,0.014999866485595703,0.014096344993618004
2007-08-27,2007,4.5960001945495605,41.116512298583984,-3.699970245361328,-0.03699970245361328,-0.006638600931811345
2007-08-28,2007,4.53000020980835,40.13752746582031,-6.599998474121094,-0.06599998474121094,-0.023810016415166335
2007-08-29,2007,4.552999973297119,41.28828430175781,2.299976348876953,0.02299976348876953,0.028670346894622334
2007-08-30,2007,4.501999855041504,41.502933502197266,-5.100011825561523,-0.051000118255615234,0.005198791959255988
2007-08-31,2007,4.5370001792907715,41.96665573120117,3.500032424926758,0.03500032424926758,0.011173239813984548
2007-09-04,2007,4.558000087738037,42.66223907470703,2.0999908447265625,0.020999908447265625,0.01657466699184007
2007-09-05,2007,4.4730000495910645,42.23286056518555,-8.500003814697266,-0.08500003814697266,-0.01006460323776226
2007-09-06,2007,4.5,42.19851303100586,2.6999950408935547,0.026999950408935547,-0.0008132893135825991
2007-09-07,2007,4.368000030517578,41.41706466674805,-13.199996948242188,-0.13199996948242188,-0.01851838626834157
2007-09-10,2007,4.323999881744385,41.391292572021484,-4.400014877319336,-0.04400014877319336,-0.0006222578768904086
2007-09-11,2007,4.363999843597412,42.01817321777344,3.9999961853027344,0.039999961853027344,0.015145229993993814
2007-09-12,2007,4.4079999923706055,42.026763916015625,4.400014877319336,0.04400014877319336,0.00020445196885798822
2007-09-13,2007,4.48199987411499,42.23286056518555,7.399988174438477,0.07399988174438477,0.004903938109100503
2007-09-14,2007,4.461999893188477,42.267208099365234,-1.9999980926513672,-0.019999980926513672,0.0008132893135825991
2007-09-17,2007,4.46999979019165,41.9151496887207,0.7999897003173828,0.007999897003173828,-0.008329350966756133
2007-09-18,2007,4.480000019073486,42.97138595581055,1.0000228881835938,0.010000228881835938,0.02519939150722106
2007-09-19,2007,4.52400016784668,43.0830192565918,4.400014877319336,0.04400014877319336,0.0025978519961178392
2007-09-20,2007,4.671999931335449,42.96281051635742,14.799976348876953,0.14799976348876953,-0.0027901651812850536
2007-09-21,2007,4.631999969482422,43.26865768432617,-3.9999961853027344,-0.039999961853027344,0.007118881755938666
2007-09-24,2007,4.624000072479248,43.466278076171875,-0.7999897003173828,-0.007999897003173828,0.004567287325793146
2007-09-25,2007,4.613999843597412,43.878684997558594,-1.0000228881835938,-0.010000228881835938,0.009487974117866838
2007-09-26,2007,4.619999885559082,44.09349060058594,0.6000041961669922,0.006000041961669922,0.0048954430388989945
2007-09-27,2007,4.572999954223633,44.3168830871582,-4.699993133544922,-0.04699993133544922,0.005066337083535322
2007-09-28,2007,4.578999996185303,44.170806884765625,0.6000041961669922,0.006000041961669922,-0.003296175006380464
2007-10-01,2007,4.557000160217285,44.677730560302734,-2.199983596801758,-0.021999835968017578,0.01147644137132442
2007-10-02,2007,4.5289998054504395,44.686317443847656,-2.8000354766845703,-0.028000354766845703,0.0001921960546615864
2007-10-03,2007,4.543000221252441,44.37703323364258,1.4000415802001953,0.014000415802001953,-0.006921228418379277
2007-10-04,2007,4.5229997634887695,44.4801139831543,-2.0000457763671875,-0.020000457763671875,0.0023228400368497937
2007-10-05,2007,4.639999866485596,45.38227081298828,11.700010299682617,0.11700010299682617,0.020282250854295247
2007-10-08,2007,4.638000011444092,45.66579818725586,-0.19998550415039062,-0.0019998550415039062,0.006247536079363236
2007-10-09,2007,4.651000022888184,45.86342239379883,1.3000011444091797,0.013000011444091797,0.00432761967134776
2007-10-10,2007,4.646999835968018,45.9751091003418,-0.40001869201660156,-0.004000186920166016,0.0024352021875730934
2007-10-11,2007,4.658999919891357,45.24479675292969,1.2000083923339844,0.012000083923339844,-0.01588495082889707
2007-10-12,2007,4.686999797821045,45.992305755615234,2.79998779296875,0.0279998779296875,0.01652143575243592
2007-10-15,2007,4.672999858856201,45.6400146484375,-1.399993896484375,-0.01399993896484375,-0.0076597835527026925
2007-10-16,2007,4.65500020980835,45.425228118896484,-1.7999649047851562,-0.017999649047851562,-0.004706101240227523
2007-10-17,2007,4.546000003814697,46.00947189331055,-10.900020599365234,-0.10900020599365234,0.012861658567456358
2007-10-18,2007,4.502999782562256,46.207096099853516,-4.300022125244141,-0.043000221252441406,0.0042952939560190195
2007-10-19,2007,4.401000022888184,45.0557746887207,-10.199975967407227,-0.10199975967407227,-0.024916549801026422
2007-10-22,2007,4.39300012588501,45.5970573425293,-0.7999897003173828,-0.007999897003173828,0.012013613294814762
2007-10-23,2007,4.40500020980835,46.55075454711914,1.2000083923339844,0.012000083923339844,0.020915762116523906
2007-10-24,2007,4.330999851226807,46.19850540161133,-7.400035858154297,-0.07400035858154297,-0.007566991103253984
2007-10-25,2007,4.3520002365112305,45.57987976074219,2.100038528442383,0.021000385284423828,-0.013390598580870217
2007-10-26,2007,4.388999938964844,46.335968017578125,3.699970245361328,0.03699970245361328,0.016588202092783
2007-10-29,2007,4.382999897003174,46.52498245239258,-0.6000041961669922,-0.006000041961669922,0.004079216274121
2007-10-30,2007,4.382999897003174,46.6194953918457,0.0,0.0,0.0020314449242369026
2007-10-31,2007,4.474999904632568,47.28107452392578,9.200000762939453,0.09200000762939453,0.014191040175775882
2007-11-01,2007,4.361000061035156,46.396114349365234,-11.399984359741211,-0.11399984359741211,-0.018717006402058978
2007-11-02,2007,4.290999889373779,46.75697326660156,-7.000017166137695,-0.07000017166137695,0.007777783167767893
2007-11-05,2007,4.317999839782715,46.45625686645508,2.6999950408935547,0.026999950408935547,-0.006431477042618705
2007-11-06,2007,4.35699987411499,46.98036193847656,3.900003433227539,0.03900003433227539,0.011281689644693005
2007-11-07,2007,4.334000110626221,45.83762741088867,-2.299976348876953,-0.02299976348876953,-0.02432366377007411
2007-11-08,2007,4.2729997634887695,44.44575881958008,-6.100034713745117,-0.06100034713745117,-0.0303651971083031
2007-11-09,2007,4.224999904632568,42.95937728881836,-4.799985885620117,-0.04799985885620117,-0.033442595429530875
2007-11-12,2007,4.210999965667725,41.86819839477539,-1.399993896484375,-0.01399993896484375,-0.02540024932640228
2007-11-13,2007,4.25600004196167,43.59516525268555,4.500007629394531,0.04500007629394531,0.04124769930691974
2007-11-14,2007,4.269000053405762,43.03668212890625,1.3000011444091797,0.013000011444091797,-0.012810666516395286
2007-11-15,2007,4.158999919891357,42.80470657348633,-11.00001335144043,-0.1100001335144043,-0.005390182141018496
2007-11-16,2007,4.150000095367432,43.199928283691406,-0.8999824523925781,-0.008999824523925781,0.009233136770288697
2007-11-19,2007,4.078999996185303,42.70161056518555,-7.100009918212891,-0.0710000991821289,-0.011535151522322762
2007-11-20,2007,4.053999900817871,42.87344741821289,-2.500009536743164,-0.02500009536743164,0.0040241304895287655
2007-11-21,2007,4.02400016784668,42.36652374267578,-2.9999732971191406,-0.029999732971191406,-0.011823720882351174
2007-11-23,2007,4.01200008392334,42.82189178466797,-1.2000083923339844,-0.012000083923339844,0.010748298462200712
2007-11-26,2007,3.8469998836517334,42.08300018310547,-16.500020027160645,-0.16500020027160645,-0.017254996703042758
2007-11-27,2007,3.944000005722046,42.924983978271484,9.70001220703125,0.0970001220703125,0.020007694116448427
2007-11-28,2007,4.025000095367432,44.23097229003906,8.100008964538574,0.08100008964538574,0.03042489922485858
2007-11-29,2007,3.940000057220459,44.41998291015625,-8.500003814697266,-0.08500003814697266,0.004273263967108143
2007-11-30,2007,3.9719998836517334,44.08490753173828,3.1999826431274414,0.031999826431274414,-0.007543347756249541
2007-12-03,2007,3.8949999809265137,43.715450286865234,-7.699990272521973,-0.07699990272521973,-0.008380583414109744
2007-12-04,2007,3.8889999389648438,43.53501510620117,-0.6000041961669922,-0.006000041961669922,-0.004127492213394368
2007-12-05,2007,3.9110000133514404,44.3168830871582,2.200007438659668,0.02200007438659668,0.017959520148315367
2007-12-06,2007,3.997999906539917,44.95267868041992,8.699989318847656,0.08699989318847656,0.014346577398308913
2007-12-07,2007,4.119999885559082,44.961273193359375,12.199997901916504,0.12199997901916504,0.00019119022918645534
2007-12-10,2007,4.14900016784668,45.14168930053711,2.9000282287597656,0.029000282287597656,0.004012700138669167
2007-12-11,2007,3.990000009536743,44.09349060058594,-15.900015830993652,-0.15900015830993652,-0.023220192159239872
2007-12-12,2007,4.076000213623047,44.48871994018555,8.600020408630371,0.08600020408630371,0.008963439596554768
2007-12-13,2007,4.170000076293945,44.248138427734375,9.399986267089844,0.09399986267089844,-0.005407696889787594
2007-12-14,2007,4.23199987411499,43.79277420043945,6.199979782104492,0.06199979782104492,-0.010291149943824629
2007-12-17,2007,4.192999839782715,42.72738265991211,-3.900003433227539,-0.03900003433227539,-0.024328021231334818
2007-12-18,2007,4.119999885559082,42.86484146118164,-7.299995422363281,-0.07299995422363281,0.003217112603494332
2007-12-19,2007,4.070000171661377,42.85626220703125,-4.999971389770508,-0.04999971389770508,-0.00020014664368139812
2007-12-20,2007,4.026000022888184,43.73263931274414,-4.400014877319336,-0.04400014877319336,0.02044921933413746
2007-12-21,2007,4.168000221252441,44.59528732299805,14.200019836425781,0.1420001983642578,0.019725496192554814
2007-12-24,2007,4.211999893188477,44.93073654174805,4.399967193603516,0.043999671936035156,0.00752207775499647
2007-12-26,2007,4.281000137329102,45.154354095458984,6.9000244140625,0.069000244140625,0.0049769394165875
2007-12-27,2007,4.198999881744385,44.61249923706055,-8.20002555847168,-0.0820002555847168,-0.012000057785189977
2007-12-28,2007,4.0960001945495605,44.56949234008789,-10.299968719482422,-0.10299968719482422,-0.0009640100354864067
2007-12-31,2007,4.034999847412109,44.053443908691406,-6.100034713745117,-0.06100034713745117,-0.01157851266195209
2008-01-02,2008,3.9010000228881836,43.35678482055664,-13.399982452392578,-0.13399982452392578,-0.01581395292451404
2008-01-03,2008,3.9010000228881836,43.53739547729492,0.0,0.0,0.00416568381363569
2008-01-04,2008,3.8540000915527344,41.62800979614258,-4.699993133544922,-0.04699993133544922,-0.043856221995367206
2008-01-07,2008,3.8389999866485596,41.430179595947266,-1.5000104904174805,-0.015000104904174805,-0.0047523338531942905
2008-01-08,2008,3.8399999141693115,40.355064392089844,0.09999275207519531,0.0009999275207519531,-0.025950049320147994
2008-01-09,2008,3.7909998893737793,41.21515655517578,-4.900002479553223,-0.04900002479553223,0.021313115863954124
2008-01-10,2008,3.88700008392334,41.275386810302734,9.600019454956055,0.09600019454956055,0.0014613617940846257
2008-01-11,2008,3.809999942779541,40.466915130615234,-7.700014114379883,-0.07700014114379883,-0.019587258707063127
2008-01-14,2008,3.7929999828338623,41.17216491699219,-1.699995994567871,-0.01699995994567871,0.017427811932306136
2008-01-15,2008,3.7009999752044678,40.03684616088867,-9.200000762939453,-0.09200000762939453,-0.027574910340334213
2008-01-16,2008,3.7119998931884766,39.60681915283203,1.099991798400879,0.010999917984008789,-0.010740781287531309
2008-01-17,2008,3.640000104904175,39.05636978149414,-7.199978828430176,-0.07199978828430176,-0.013897843429785506
2008-01-18,2008,3.6480000019073486,39.00474548339844,0.7999897003173828,0.007999897003173828,-0.0013217894644208528
2008-01-22,2008,3.4839999675750732,37.99846267700195,-16.40000343322754,-0.1640000343322754,-0.025798984044769324
2008-01-23,2008,3.4260001182556152,37.852230072021484,-5.799984931945801,-0.05799984931945801,-0.0038483821364956317
2008-01-24,2008,3.640000104904175,38.626319885253906,21.399998664855957,0.21399998664855957,0.020450309314921755
2008-01-25,2008,3.5840001106262207,37.83504104614258,-5.59999942779541,-0.0559999942779541,-0.020485483511293756
2008-01-28,2008,3.5859999656677246,38.127471923828125,0.19998550415039062,0.0019998550415039062,0.0077291016369958054
2008-01-29,2008,3.6579999923706055,38.19628143310547,7.200002670288086,0.07200002670288086,0.0018047225741799622
2008-01-30,2008,3.7330000400543213,38.161869049072266,7.500004768371582,0.07500004768371582,-0.0009009354508362488
2008-01-31,2008,3.6389999389648438,38.815547943115234,-9.400010108947754,-0.09400010108947754,0.01712911108212234
2008-02-01,2008,3.5999999046325684,39.211181640625,-3.900003433227539,-0.03900003433227539,0.010192660376444396
2008-02-04,2008,3.6429998874664307,38.66072463989258,4.2999982833862305,0.042999982833862305,-0.01403826606852665
2008-02-05,2008,3.5869998931884766,37.559818267822266,-5.59999942779541,-0.0559999942779541,-0.02847609252865191
2008-02-06,2008,3.614000082015991,36.82016372680664,2.700018882751465,0.02700018882751465,-0.019692708195270803
2008-02-07,2008,3.7360000610351562,37.07817077636719,12.199997901916504,0.12199997901916504,0.007007221680894071
2008-02-08,2008,3.6540000438690186,37.49961853027344,-8.20000171661377,-0.0820000171661377,0.011366465634137235
2008-02-11,2008,3.618000030517578,37.90385437011719,-3.600001335144043,-0.03600001335144043,0.010779732052938362
2008-02-12,2008,3.678999900817871,37.688846588134766,6.099987030029297,0.06099987030029297,-0.005672451668976675
2008-02-13,2008,3.694000005722046,38.514495849609375,1.5000104904174805,0.015000104904174805,0.021906992020672256
2008-02-14,2008,3.818000078201294,37.817848205566406,12.400007247924805,0.12400007247924805,-0.018087933612404683
2008-02-15,2008,3.7799999713897705,37.688846588134766,-3.8000106811523438,-0.03800010681152344,-0.003411130552178121
2008-02-19,2008,3.875,37.620018005371094,9.50000286102295,0.09500002861022949,-0.0018262321348231358
2008-02-20,2008,3.9170000553131104,37.792030334472656,4.200005531311035,0.04200005531311035,0.004572361689912041
2008-02-21,2008,3.7839999198913574,37.430824279785156,-13.300013542175293,-0.13300013542175293,-0.009557730862584046
2008-02-22,2008,3.7899999618530273,37.568416595458984,0.6000041961669922,0.006000041961669922,0.003675909315952186
2008-02-25,2008,3.9019999504089355,37.75762939453125,11.19999885559082,0.1119999885559082,0.005036485862838669
2008-02-26,2008,3.859999895095825,37.90385437011719,-4.200005531311035,-0.04200005531311035,0.003872726596736875
2008-02-27,2008,3.8499999046325684,38.09306716918945,-0.9999990463256836,-0.009999990463256836,0.004991914469295811
2008-02-28,2008,3.7149999141693115,37.946861267089844,-13.499999046325684,-0.13499999046325684,-0.003838123652533443
2008-02-29,2008,3.5339999198913574,36.94055938720703,-18.09999942779541,-0.1809999942779541,-0.026518711858668165
2008-03-03,2008,3.5339999198913574,36.69972229003906,0.0,0.0,-0.006519584466589734
2008-03-04,2008,3.5789999961853027,36.906158447265625,4.500007629394531,0.04500007629394531,0.005625005976750641
2008-03-05,2008,3.693000078201294,37.08677291870117,11.400008201599121,0.11400008201599121,0.004893884355198441
2008-03-06,2008,3.621999979019165,36.26968765258789,-7.100009918212891,-0.0710000991821289,-0.02203171648027813
2008-03-07,2008,3.5409998893737793,36.183685302734375,-8.100008964538574,-0.08100008964538574,-0.002371190804765
2008-03-10,2008,3.437999963760376,35.48701477050781,-10.299992561340332,-0.10299992561340332,-0.01925371963628908
2008-03-11,2008,3.5959999561309814,36.83734130859375,15.799999237060547,0.15799999237060547,0.0380512857116444
2008-03-12,2008,3.4830000400543213,36.73414611816406,-11.299991607666016,-0.11299991607666016,-0.0028013745499492204
2008-03-13,2008,3.5339999198913574,37.017967224121094,5.099987983703613,0.05099987983703613,0.00772635642717967
2008-03-14,2008,3.4210000038146973,36.33848190307617,-11.299991607666016,-0.11299991607666016,-0.018355554667036533
2008-03-17,2008,3.313999891281128,35.67622375488281,-10.700011253356934,-0.10700011253356934,-0.018224705973126976
2008-03-18,2008,3.4509999752044678,37.26739501953125,13.700008392333984,0.13700008392333984,0.04460032753412313
2008-03-19,2008,3.361999988555908,36.347110748291016,-8.899998664855957,-0.08899998664855957,-0.024694086365787737
2008-03-20,2008,3.328000068664551,37.08991622924805,-3.399991989135742,-0.03399991989135742,0.020436438156008263
2008-03-24,2008,3.5220000743865967,38.372459411621094,19.40000057220459,0.1940000057220459,0.03457929574296714
2008-03-25,2008,3.492000102996826,38.587650299072266,-2.999997138977051,-0.029999971389770508,0.005607951399278832
2008-03-26,2008,3.49399995803833,38.475746154785156,0.19998550415039062,0.0019998550415039062,-0.002899998922447966
2008-03-27,2008,3.5339999198913574,37.62360763549805,3.9999961853027344,0.039999961853027344,-0.02214742024388605
2008-03-28,2008,3.4660000801086426,37.43424606323242,-6.799983978271484,-0.06799983978271484,-0.005033051963016955
2008-03-31,2008,3.431999921798706,37.632205963134766,-3.4000158309936523,-0.03400015830993652,0.0052882032021683845
2008-04-01,2008,3.5450000762939453,39.241817474365234,11.300015449523926,0.11300015449523926,0.04277218063717214
2008-04-02,2008,3.5829999446868896,39.1557502746582,3.7999868392944336,0.037999868392944336,-0.002193252128631751
2008-04-03,2008,3.5910000801086426,39.241817474365234,0.800013542175293,0.00800013542175293,0.002198073057043004
2008-04-04,2008,3.4809999465942383,39.47422790527344,-11.00001335144043,-0.1100001335144043,0.0059225195433423306
2008-04-07,2008,3.555999994277954,39.388153076171875,7.500004768371582,0.07500004768371582,-0.0021805323034592705
2008-04-08,2008,3.558000087738037,39.08689880371094,0.20000934600830078,0.002000093460083008,-0.007648347255032495
2008-04-09,2008,3.4660000801086426,38.647891998291016,-9.200000762939453,-0.09200000762939453,-0.011231558881776627
2008-04-10,2008,3.5320000648498535,39.198760986328125,6.599998474121094,0.06599998474121094,0.014253532587533257
2008-04-11,2008,3.4709999561309814,38.114227294921875,-6.100010871887207,-0.06100010871887207,-0.027667550303044464
2008-04-14,2008,3.503000020980835,37.942073822021484,3.2000064849853516,0.032000064849853516,-0.00451677720154986
2008-04-15,2008,3.569999933242798,37.99372482299805,6.699991226196289,0.06699991226196289,0.0013613120152273783
2008-04-16,2008,3.696000099182129,39.05246353149414,12.600016593933105,0.12600016593933105,0.027866146671021497
2008-04-17,2008,3.7290000915527344,38.96638107299805,3.299999237060547,0.03299999237060547,-0.0022042772903858587
2008-04-18,2008,3.743000030517578,40.20586013793945,1.399993896484375,0.01399993896484375,0.031808934543329004
2008-04-21,2008,3.7119998931884766,40.489898681640625,-3.1000137329101562,-0.031000137329101562,0.007064605575572314
2008-04-22,2008,3.7200000286102295,39.88739013671875,0.800013542175293,0.00800013542175293,-0.014880465610922156
2008-04-23,2008,3.7300000190734863,40.326358795166016,0.9999990463256836,0.009999990463256836,0.011005198809514782
2008-04-24,2008,3.8269999027252197,40.6878776550293,9.69998836517334,0.0969998836517334,0.008964827737103276
2008-04-25,2008,3.865999937057495,40.58462142944336,3.900003433227539,0.03900003433227539,-0.002537763863266429
2008-04-28,2008,3.8350000381469727,40.66206359863281,-3.099989891052246,-0.03099989891052246,0.0019081653705723678
2008-04-29,2008,3.825000047683716,40.9719352722168,-0.9999990463256836,-0.009999990463256836,0.007620657835831102
2008-04-30,2008,3.759000062942505,40.63624572753906,-6.599998474121094,-0.06599998474121094,-0.008193158132448919
2008-05-01,2008,3.749000072479248,41.91878128051758,-0.9999990463256836,-0.009999990463256836,0.03156136916726404
2008-05-02,2008,3.8450000286102295,41.97901916503906,9.599995613098145,0.09599995613098145,0.0014370142137094533
2008-05-05,2008,3.8450000286102295,41.8585090637207,0.0,0.0,-0.002870722177775953
2008-05-06,2008,3.8929998874664307,42.11671829223633,4.799985885620117,0.04799985885620117,0.006168619816882437
2008-05-07,2008,3.867000102996826,41.35066223144531,-2.599978446960449,-0.025999784469604492,-0.018188882986455934
2008-05-08,2008,3.805000066757202,41.66054153442383,-6.200003623962402,-0.06200003623962402,0.007493938095696651
2008-05-09,2008,3.7669999599456787,41.49699020385742,-3.8000106811523438,-0.03800010681152344,-0.00392580903998252
2008-05-12,2008,3.7750000953674316,42.25445556640625,0.800013542175293,0.00800013542175293,0.018253501249794635
2008-05-13,2008,3.9089999198913574,42.36635208129883,13.399982452392578,0.13399982452392578,0.002648158954899449
2008-05-14,2008,3.937999963760376,42.271663665771484,2.9000043869018555,0.029000043869018555,-0.0022349909981780325
2008-05-15,2008,3.8429999351501465,43.01193618774414,-9.50000286102295,-0.09500002861022949,0.017512263719397403
2008-05-16,2008,3.8499999046325684,43.04635238647461,0.6999969482421875,0.006999969482421875,0.0008001546031373152
2008-05-19,2008,3.8389999866485596,42.736488342285156,-1.099991798400879,-0.010999917984008789,-0.007198380977962104
2008-05-20,2008,3.7760000228881836,42.409385681152344,-6.299996376037598,-0.06299996376037598,-0.007653943358962523
2008-05-21,2008,3.822000026702881,41.47116470336914,4.600000381469727,0.046000003814697266,-0.02212295610309134
2008-05-22,2008,3.9210000038146973,41.61749267578125,9.89999771118164,0.0989999771118164,0.003528426883082414
2008-05-23,2008,3.8310000896453857,41.48837661743164,-8.999991416931152,-0.08999991416931152,-0.0031024468330055344
2008-05-27,2008,3.9210000038146973,42.22002029418945,8.999991416931152,0.08999991416931152,0.01763490732607753
2008-05-28,2008,4.008999824523926,42.392173767089844,8.799982070922852,0.08799982070922852,0.004077531742069818
2008-05-29,2008,4.078999996185303,42.770904541015625,7.000017166137695,0.07000017166137695,0.008933978616114224
2008-05-30,2008,4.046000003814697,43.04635238647461,-3.299999237060547,-0.03299999237060547,0.006440075289846581
2008-06-02,2008,3.9709999561309814,42.52128982543945,-7.500004768371582,-0.07500004768371582,-0.012197608668931825
2008-06-03,2008,3.8980000019073486,42.28889846801758,-7.299995422363281,-0.07299995422363281,-0.005465294170894142
2008-06-04,2008,3.940000057220459,42.83116149902344,4.200005531311035,0.04200005531311035,0.012822822316262528
2008-06-05,2008,4.025000095367432,43.51116180419922,8.500003814697266,0.08500003814697266,0.01587629850269834
2008-06-06,2008,3.937999963760376,42.20281219482422,-8.700013160705566,-0.08700013160705566,-0.030069286939810702
2008-06-09,2008,3.992000102996826,41.97901916503906,5.4000139236450195,0.054000139236450195,-0.005302798987708246
2008-06-10,2008,4.098999977111816,41.78105163574219,10.699987411499023,0.10699987411499023,-0.004715868384598809
2008-06-11,2008,4.072999954223633,40.77395248413086,-2.6000022888183594,-0.026000022888183594,-0.024104207821082912
2008-06-12,2008,4.204999923706055,40.8170051574707,13.199996948242188,0.13199996948242188,0.0010558866805125966
2008-06-13,2008,4.261000156402588,41.634700775146484,5.60002326965332,0.0560002326965332,0.020033209553742104
2008-06-16,2008,4.244999885559082,42.00484085083008,-1.600027084350586,-0.01600027084350586,0.008890182198800556
2008-06-17,2008,4.224999904632568,41.78105163574219,-1.9999980926513672,-0.019999980926513672,-0.005327700582954842
2008-06-18,2008,4.1539998054504395,41.33346176147461,-7.100009918212891,-0.0710000991821289,-0.01071274792625565
2008-06-19,2008,4.198999881744385,41.97901916503906,4.500007629394531,0.04500007629394531,0.015618275751733801
2008-06-20,2008,4.13700008392334,40.84548568725586,-6.199979782104492,-0.06199979782104492,-0.02700238119730136
2008-06-23,2008,4.168000221252441,40.52678680419922,3.1000137329101562,0.031000137329101562,-0.007802548499406758
2008-06-24,2008,4.105000019073486,40.320064544677734,-6.300020217895508,-0.06300020217895508,-0.005100879586635854
2008-06-25,2008,4.114999771118164,40.97469711303711,0.9999752044677734,0.009999752044677734,0.016235900804027592
2008-06-26,2008,4.0329999923706055,39.32088088989258,-8.19997787475586,-0.0819997787475586,-0.04036189013385849
2008-06-27,2008,3.990000009536743,39.32088088989258,-4.2999982833862305,-0.042999982833862305,0.0
2008-06-30,2008,3.9790000915527344,38.90742874145508,-1.099991798400879,-0.010999917984008789,-0.010514824161626968
2008-07-01,2008,3.992000102996826,39.45869445800781,1.3000011444091797,0.013000011444091797,0.014168649391250288
2008-07-02,2008,3.9590001106262207,38.51121520996094,-3.299999237060547,-0.03299999237060547,-0.024011925915470633
2008-07-03,2008,3.9730000495910645,38.44229507446289,1.399993896484375,0.01399993896484375,-0.0017896120681286654
2008-07-07,2008,3.930000066757202,38.67485427856445,-4.2999982833862305,-0.042999982833862305,0.006049566074322499
2008-07-08,2008,3.880000114440918,39.59651184082031,-4.999995231628418,-0.04999995231628418,0.02383092527298003
2008-07-09,2008,3.8340001106262207,38.545654296875,-4.600000381469727,-0.046000003814697266,-0.026539144361245937
2008-07-10,2008,3.811000108718872,39.00217056274414,-2.3000001907348633,-0.023000001907348633,0.011843520993393808
2008-07-11,2008,3.940000057220459,38.38200378417969,12.899994850158691,0.12899994850158691,-0.01590082730310538
2008-07-14,2008,3.880000114440918,38.09776306152344,-5.999994277954102,-0.059999942779541016,-0.007405572784957348
2008-07-15,2008,3.8440001010894775,38.10634994506836,-3.600001335144043,-0.03600001335144043,0.00022539075407279618
2008-07-16,2008,3.934000015258789,39.05384826660156,8.999991416931152,0.08999991416931152,0.024864578289420347
2008-07-17,2008,4.038000106811523,39.312255859375,10.400009155273438,0.10400009155273438,0.006616699870635401
2008-07-18,2008,4.080999851226807,38.40785598754883,4.29997444152832,0.0429997444152832,-0.023005545015308382
2008-07-21,2008,4.066999912261963,38.57148742675781,-1.399993896484375,-0.01399993896484375,0.004260363798021638
2008-07-22,2008,4.0970001220703125,38.57148742675781,3.000020980834961,0.03000020980834961,0.0
2008-07-23,2008,4.1479997634887695,39.079715728759766,5.099964141845703,0.05099964141845703,0.013176269205770419
2008-07-24,2008,4.015999794006348,38.493988037109375,-13.199996948242188,-0.13199996948242188,-0.014988023344789547
2008-07-25,2008,4.111000061035156,38.99356460571289,9.50002670288086,0.0950002670288086,0.012978041353416181
2008-07-28,2008,4.01800012588501,38.26139831542969,-9.299993515014648,-0.09299993515014648,-0.018776592950312976
2008-07-29,2008,4.044000148773193,39.05384826660156,2.6000022888183594,0.026000022888183594,0.02071147386300054
2008-07-30,2008,4.047999858856201,39.251976013183594,0.39997100830078125,0.0039997100830078125,0.00507319394569028
2008-07-31,2008,3.9790000915527344,39.15721893310547,-6.89997673034668,-0.0689997673034668,-0.0024140715883016473
2008-08-01,2008,3.947999954223633,38.65763473510742,-3.1000137329101562,-0.031000137329101562,-0.012758418795050686
2008-08-04,2008,3.9719998836517334,38.27001190185547,2.3999929428100586,0.023999929428100586,-0.010027070613814026
2008-08-05,2008,4.006999969482422,39.56205749511719,3.5000085830688477,0.03500008583068848,0.033761306282715786
2008-08-06,2008,4.047999858856201,40.165000915527344,4.09998893737793,0.0409998893737793,0.015240446493071547
2008-08-07,2008,3.934999942779541,39.85492706298828,-11.299991607666016,-0.11299991607666016,-0.0077200011321097994
2008-08-08,2008,3.950000047683716,40.75934982299805,1.5000104904174805,0.015000104904174805,0.022692872040146472
2008-08-11,2008,4.001999855041504,41.129722595214844,5.199980735778809,0.051999807357788086,0.009086817474399878
2008-08-12,2008,3.9179999828338623,41.17278289794922,-8.39998722076416,-0.0839998722076416,0.0010469388076881359
2008-08-13,2008,3.947000026702881,41.08665466308594,2.9000043869018555,0.029000043869018555,-0.002091873048192028
2008-08-14,2008,3.8919999599456787,41.5604133605957,-5.500006675720215,-0.05500006675720215,0.011530719680018509
2008-08-15,2008,3.8519999980926514,41.482872009277344,-3.9999961853027344,-0.039999961853027344,-0.0018657502427990025
2008-08-18,2008,3.815999984741211,41.00051498413086,-3.600001335144043,-0.03600001335144043,-0.011627859928276196
2008-08-19,2008,3.8420000076293945,40.49231719970703,2.6000022888183594,0.026000022888183594,-0.01239491222538358
2008-08-20,2008,3.7990000247955322,40.56122589111328,-4.2999982833862305,-0.042999982833862305,0.0017017719945833232
2008-08-21,2008,3.8380000591278076,40.371734619140625,3.900003433227539,0.03900003433227539,-0.004671734342579947
2008-08-22,2008,3.867000102996826,40.9057731628418,2.9000043869018555,0.029000043869018555,0.01322803066896161
2008-08-25,2008,3.7909998893737793,40.0444221496582,-7.6000213623046875,-0.07600021362304688,-0.021056954717727505
2008-08-26,2008,3.7839999198913574,39.99272537231445,-0.6999969482421875,-0.006999969482421875,-0.0012909857245672063
2008-08-27,2008,3.7720000743865967,40.251136779785156,-1.1999845504760742,-0.011999845504760742,0.00646146030471817
2008-08-28,2008,3.7950000762939453,40.57845687866211,2.3000001907348633,0.023000001907348633,0.008131946699238002
2008-08-29,2008,3.812999963760376,39.725704193115234,1.7999887466430664,0.017999887466430664,-0.021014911633943645
2008-09-02,2008,3.746000051498413,39.2347412109375,-6.699991226196289,-0.06699991226196289,-0.01235882389374543
2008-09-03,2008,3.697000026702881,38.86433792114258,-4.900002479553223,-0.04900002479553223,-0.009440696646972224
2008-09-04,2008,3.6429998874664307,37.606781005859375,-5.4000139236450195,-0.054000139236450195,-0.032357605520897836
2008-09-05,2008,3.6600000858306885,37.42589569091797,1.7000198364257812,0.017000198364257812,-0.004809912204749023
2008-09-08,2008,3.6649999618530273,37.35698699951172,0.4999876022338867,0.004999876022338867,-0.0018412035339202548
2008-09-09,2008,3.5959999561309814,36.564544677734375,-6.90000057220459,-0.0690000057220459,-0.021212693673279936
2008-09-10,2008,3.6410000324249268,36.86601257324219,4.500007629394531,0.04500007629394531,0.008244814701368064
2008-09-11,2008,3.621999979019165,37.55510711669922,-1.9000053405761719,-0.01900005340576172,0.018691865362113536
2008-09-12,2008,3.7300000190734863,37.408653259277344,10.800004005432129,0.10800004005432129,-0.0038997054905683948
2008-09-15,2008,3.4830000400543213,36.24584197998047,-24.699997901916504,-0.24699997901916504,-0.031084018749284903
2008-09-16,2008,3.490999937057495,36.530094146728516,0.7999897003173828,0.007999897003173828,0.007842338630319245
2008-09-17,2008,3.4100000858306885,34.635101318359375,-8.099985122680664,-0.08099985122680664,-0.05187484107644569
2008-09-18,2008,3.437000036239624,35.80656051635742,2.6999950408935547,0.026999950408935547,0.03382288930614674
2008-09-19,2008,3.7690000534057617,36.97705078125,33.20000171661377,0.3320000171661377,0.0326892683355573
2008-09-22,2008,3.8259999752044678,35.235939025878906,5.6999921798706055,0.056999921798706055,-0.047086279694700806
2008-09-23,2008,3.8410000801086426,34.968746185302734,1.5000104904174805,0.015000104904174805,-0.007582963529932707
2008-09-24,2008,3.7709999084472656,35.21007537841797,-7.000017166137695,-0.07000017166137695,0.0069012824147713925
2008-09-25,2008,3.861999988555908,35.77034378051758,9.100008010864258,0.09100008010864258,0.015912161393526247
2008-09-26,2008,3.8269999027252197,35.4083366394043,-3.5000085830688477,-0.03500008583068848,-0.010120314843338196
2008-09-29,2008,3.631999969482422,32.598419189453125,-19.499993324279785,-0.19499993324279785,-0.07935751059325802
2008-09-30,2008,3.8269999027252197,33.53792190551758,19.499993324279785,0.19499993324279785,0.028820499258087384
2008-10-01,2008,3.7679998874664307,33.184532165527344,-5.900001525878906,-0.05900001525878906,-0.010537019585942109
2008-10-02,2008,3.6459999084472656,31.676143646240234,-12.199997901916504,-0.12199997901916504,-0.045454566355286774
2008-10-03,2008,3.6440000534057617,31.18485450744629,-0.19998550415039062,-0.0019998550415039062,-0.015509752205971505
2008-10-06,2008,3.4260001182556152,30.047094345092773,-21.79999351501465,-0.21799993515014648,-0.03648438257365738
2008-10-07,2008,3.50600004196167,28.14221954345703,7.999992370605469,0.07999992370605469,-0.06339630647004113
2008-10-08,2008,3.7149999141693115,27.918107986450195,20.89998722076416,0.2089998722076416,-0.007963535237892838
2008-10-09,2008,3.8340001106262207,27.1682186126709,11.900019645690918,0.11900019645690918,-0.02686032213011169
2008-10-10,2008,3.8610000610351562,26.995834350585938,2.6999950408935547,0.026999950408935547,-0.006345070486313165
2008-10-13,2008,3.8610000610351562,30.279813766479492,0.0,0.0,0.12164763545536705
2008-10-14,2008,4.0229997634887695,28.969669342041016,16.199970245361328,0.16199970245361328,-0.04326791553417142
2008-10-15,2008,4.011000156402588,26.375242233276367,-1.199960708618164,-0.01199960708618164,-0.08955666970625709
2008-10-16,2008,3.936000108718872,27.80605697631836,-7.500004768371582,-0.07500004768371582,0.05424840198194669
2008-10-17,2008,3.937999963760376,27.840532302856445,0.19998550415039062,0.0019998550415039062,0.001239849525139336
2008-10-20,2008,3.885999917984009,28.616275787353516,-5.200004577636719,-0.05200004577636719,0.027863816541233266
2008-10-21,2008,3.703000068664551,27.133750915527344,-18.2999849319458,-0.182999849319458,-0.05180705144312836
2008-10-22,2008,3.618000030517578,26.383867263793945,-8.500003814697266,-0.08500003814697266,-0.02763656429470196
2008-10-23,2008,3.5339999198913574,26.280427932739258,-8.40001106262207,-0.0840001106262207,-0.0039205522837296725
2008-10-24,2008,3.697000026702881,25.43572235107422,16.300010681152344,0.16300010681152344,-0.0321420025513639
2008-10-27,2008,3.7290000915527344,24.728944778442383,3.2000064849853516,0.032000064849853516,-0.027786809545905733
2008-10-28,2008,3.819999933242798,27.461284637451172,9.099984169006348,0.09099984169006348,0.11049156700736873
2008-10-29,2008,3.874000072479248,27.392332077026367,5.4000139236450195,0.054000139236450195,-0.0025109007584724896
2008-10-30,2008,3.938999891281128,28.30598258972168,6.499981880187988,0.06499981880187988,0.03335424344762461
2008-10-31,2008,3.9700000286102295,28.34907341003418,3.1000137329101562,0.031000137329101562,0.0015223220100526458
2008-11-03,2008,3.9040000438690186,28.28875160217285,-6.599998474121094,-0.06599998474121094,-0.002127822909371635
2008-11-04,2008,3.765000104904175,29.090343475341797,-13.899993896484375,-0.13899993896484375,0.028336063904190745
2008-11-05,2008,3.694000005722046,27.573331832885742,-7.100009918212891,-0.0710000991821289,-0.052148289130444225
2008-11-06,2008,3.7070000171661377,26.340761184692383,1.3000011444091797,0.013000011444091797,-0.04470154915131863
2008-11-07,2008,3.7799999713897705,26.883787155151367,7.299995422363281,0.07299995422363281,0.02061542438547903
2008-11-10,2008,3.759999990463257,26.521774291992188,-1.9999980926513672,-0.019999980926513672,-0.01346584322625144
2008-11-11,2008,3.755000114440918,25.944278717041016,-0.4999876022338867,-0.004999876022338867,-0.02177439445013063
2008-11-12,2008,3.6649999618530273,24.746179580688477,-9.000015258789062,-0.09000015258789062,-0.04617970495227486
2008-11-13,2008,3.818000078201294,26.254568099975586,15.30001163482666,0.1530001163482666,0.060954399622325184
2008-11-14,2008,3.75,24.978906631469727,-6.8000078201293945,-0.06800007820129395,-0.04858817191919629
2008-11-17,2008,3.684000015258789,24.4531307220459,-6.599998474121094,-0.06599998474121094,-0.021048795977379853
2008-11-18,2008,3.5350000858306885,24.427268981933594,-14.899992942810059,-0.14899992942810059,-0.0010576044599879264
2008-11-19,2008,3.3910000324249268,23.151607513427734,-14.400005340576172,-0.14400005340576172,-0.05222284445507763
2008-11-20,2008,3.1440000534057617,22.031084060668945,-24.699997901916504,-0.24699997901916504,-0.04839938013413947
2008-11-21,2008,3.1670000553131104,22.987838745117188,2.3000001907348633,0.023000001907348633,0.04342749007781643
2008-11-24,2008,3.3399999141693115,24.39278793334961,17.299985885620117,0.17299985885620117,0.06111706297447572
2008-11-25,2008,3.0920000076293945,24.280738830566406,-24.7999906539917,-0.247999906539917,-0.004593534084310624
2008-11-26,2008,3.000999927520752,25.297822952270508,-9.100008010864258,-0.09100008010864258,0.04188851619390266
2008-11-28,2008,2.9570000171661377,25.099580764770508,-4.399991035461426,-0.04399991035461426,-0.007836333896162673
2008-12-01,2008,2.7190001010894775,23.21194076538086,-23.799991607666016,-0.23799991607666016,-0.0752060369884392
2008-12-02,2008,2.693000078201294,23.98767852783203,-2.6000022888183594,-0.026000022888183594,0.03341977175851385
2008-12-03,2008,2.6760001182556152,24.668611526489258,-1.699995994567871,-0.01699995994567871,0.028386781900014313
2008-12-04,2008,2.569999933242798,23.970436096191406,-10.600018501281738,-0.10600018501281738,-0.028302177832268627
2008-12-05,2008,2.6570000648498535,24.944421768188477,8.700013160705566,0.08700013160705566,0.04063278899426548
2008-12-08,2008,2.7339999675750732,25.927038192749023,7.699990272521973,0.07699990272521973,0.039392231004274914
2008-12-09,2008,2.6689999103546143,25.866701126098633,-6.500005722045898,-0.06500005722045898,-0.0023271870161886143
2008-12-10,2008,2.684000015258789,25.7805118560791,1.5000104904174805,0.015000104904174805,-0.0033320549690261103
2008-12-11,2008,2.6480000019073486,25.073720932006836,-3.600001335144043,-0.03600001335144043,-0.027415705631368303
2008-12-12,2008,2.5889999866485596,25.582263946533203,-5.900001525878906,-0.05900001525878906,0.02028191252129674
2008-12-15,2008,2.5329999923706055,25.134052276611328,-5.59999942779541,-0.0559999942779541,-0.017520406749716666
2008-12-16,2008,2.36299991607666,26.340761184692383,-17.00000762939453,-0.1700000762939453,0.04801091741199115
2008-12-17,2008,2.190000057220459,26.0218505859375,-17.299985885620117,-0.17299985885620117,-0.012107114009302533
2008-12-18,2008,2.0739998817443848,25.565019607543945,-11.600017547607422,-0.11600017547607422,-0.017555668336687424
2008-12-19,2008,2.13100004196167,25.7747859954834,5.700016021728516,0.057000160217285156,0.008205211306685278
2008-12-22,2008,2.1410000324249268,25.213703155517578,0.9999990463256836,0.009999990463256836,-0.021768671137139206
2008-12-23,2008,2.1630001068115234,25.08421516418457,2.200007438659668,0.02200007438659668,-0.005135619727666629
2008-12-24,2008,2.178999900817871,25.153278350830078,1.5999794006347656,0.015999794006347656,0.0027532528402209877
2008-12-26,2008,2.13700008392334,25.14464569091797,-4.199981689453125,-0.04199981689453125,-0.0003432021779310457
2008-12-29,2008,2.0959999561309814,24.93748664855957,-4.10001277923584,-0.0410001277923584,-0.008238694030722526
2008-12-30,2008,2.0869998931884766,25.455387115478516,-0.9000062942504883,-0.009000062942504883,0.0207679496421449
2008-12-31,2008,2.24399995803833,25.671192169189453,15.700006484985352,0.15700006484985352,0.008477775361731332
2009-01-02,2009,2.4159998893737793,26.78470802307129,17.199993133544922,0.17199993133544922,0.04337608656984293
2009-01-05,2009,2.48799991607666,26.776077270507812,7.200002670288086,0.07200002670288086,-0.00032222686751115504
2009-01-06,2009,2.505000114440918,27.04366111755371,1.7000198364257812,0.017000198364257812,0.009993392398095047
2009-01-07,2009,2.49399995803833,26.275423049926758,-1.100015640258789,-0.01100015640258789,-0.02840732489168407
2009-01-08,2009,2.444999933242798,26.551647186279297,-4.900002479553223,-0.04900002479553223,0.01051264277753683
2009-01-09,2009,2.4070000648498535,25.956052780151367,-3.7999868392944336,-0.037999868392944336,-0.022431542644017477
2009-01-12,2009,2.309000015258789,25.48129653930664,-9.800004959106445,-0.09800004959106445,-0.018290771900717262
2009-01-13,2009,2.296999931335449,25.48992347717285,-1.2000083923339844,-0.012000083923339844,0.0003385596118667955
2009-01-14,2009,2.2130000591278076,24.713058471679688,-8.39998722076416,-0.0839998722076416,-0.030477337689494233
2009-01-15,2009,2.2009999752044678,25.118759155273438,-1.2000083923339844,-0.012000083923339844,0.016416449791460286
2009-01-16,2009,2.303999900817871,25.394975662231445,10.299992561340332,0.10299992561340332,0.010996423240915432
2009-01-20,2009,2.3450000286102295,24.134729385375977,4.10001277923584,0.0410001277923584,-0.049625811562787336
2009-01-21,2009,2.5260000228881836,25.16191864013672,18.09999942779541,0.1809999942779541,0.04256062864260457
2009-01-22,2009,2.5940001010894775,24.82526969909668,6.8000078201293945,0.06800007820129395,-0.01337930329776349
2009-01-23,2009,2.621999979019165,24.946115493774414,2.79998779296875,0.0279998779296875,0.004867854252642134
2009-01-26,2009,2.6429998874664307,25.127384185791016,2.0999908447265625,0.020999908447265625,0.007266409556303088
2009-01-27,2009,2.5190000534057617,25.30865478515625,-12.399983406066895,-0.12399983406066895,0.007214065659398861
2009-01-28,2009,2.6559998989105225,26.197736740112305,13.699984550476074,0.13699984550476074,0.03512956190297034
2009-01-29,2009,2.815000057220459,25.53308868408203,15.900015830993652,0.15900015830993652,-0.025370438012403018
2009-01-30,2009,2.8440001010894775,25.08421516418457,2.9000043869018555,0.029000043869018555,-0.017580071312614076
2009-02-02,2009,2.7190001010894775,25.3863468170166,-12.5,-0.125,0.012044692283752045
2009-02-03,2009,2.8420000076293945,25.78340721130371,12.2999906539917,0.12299990653991699,0.01564070628787584
2009-02-04,2009,2.9140000343322754,25.817941665649414,7.200002670288086,0.07200002670288086,0.0013394061561640136
2009-02-05,2009,2.9000000953674316,26.387636184692383,-1.399993896484375,-0.01399993896484375,0.02206583802925488
2009-02-06,2009,2.9790000915527344,27.078189849853516,7.899999618530273,0.07899999618530273,0.026169591710595297
2009-02-09,2009,3.0269999504089355,27.190404891967773,4.799985885620117,0.04799985885620117,0.004144111653566318
2009-02-10,2009,2.8469998836517334,26.18910789489746,-18.000006675720215,-0.18000006675720215,-0.03682538016806447
2009-02-11,2009,2.76200008392334,26.068262100219727,-8.499979972839355,-0.08499979972839355,-0.0046143532327529435
2009-02-12,2009,2.7269999980926514,26.387636184692383,-3.5000085830688477,-0.03500008583068848,0.012251452868043966
2009-02-13,2009,2.881999969482422,26.26679801940918,15.49999713897705,0.1549999713897705,-0.004579347859635208
2009-02-17,2009,2.6619999408721924,25.222339630126953,-22.00000286102295,-0.2200000286102295,-0.03976344541540433
2009-02-18,2009,2.7279999256134033,25.239601135253906,6.599998474121094,0.06599998474121094,0.0006843736695358871
2009-02-19,2009,2.8570001125335693,24.851171493530273,12.900018692016602,0.12900018692016602,-0.015389690179417492
2009-02-20,2009,2.7720000743865967,24.920215606689453,-8.500003814697266,-0.08500003814697266,0.0027783041607174486
2009-02-23,2009,2.7769999504089355,24.04840660095215,0.4999876022338867,0.004999876022338867,-0.03498400734154483
2009-02-24,2009,2.7990000247955322,24.8425350189209,2.200007438659668,0.02200007438659668,0.033022080470699766
2009-02-25,2009,2.944999933242798,24.678524017333984,14.599990844726562,0.14599990844726562,-0.0066020235641007785
2009-02-26,2009,2.9779999256134033,23.98797607421875,3.299999237060547,0.03299999237060547,-0.027981735967280708
2009-02-27,2009,3.0409998893737793,23.763547897338867,6.299996376037598,0.06299996376037598,-0.00935586129423771
2009-03-02,2009,2.9189999103546143,22.995315551757812,-12.199997901916504,-0.12199997901916504,-0.03232818385957781
2009-03-03,2009,2.937999963760376,22.97805404663086,1.9000053405761719,0.01900005340576172,-0.0007506531096779234
2009-03-04,2009,3.010999917984009,23.59090805053711,7.299995422363281,0.07299995422363281,0.026671275237778902
2009-03-05,2009,2.819000005722046,22.883100509643555,-19.19999122619629,-0.1919999122619629,-0.030003403827324915
2009-03-06,2009,2.828000068664551,22.701818466186523,0.9000062942504883,0.009000062942504883,-0.007922092698086747
2009-03-09,2009,2.885999917984009,22.21845054626465,5.799984931945801,0.05799984931945801,-0.021292035289676603
2009-03-10,2009,2.9820001125335693,23.59090805053711,9.600019454956055,0.09600019454956055,0.061771071813250256
2009-03-11,2009,2.9159998893737793,23.953453063964844,-6.600022315979004,-0.06600022315979004,0.015367997393363586
2009-03-12,2009,2.8919999599456787,24.747583389282227,-2.3999929428100586,-0.023999929428100586,0.03315306244977512
2009-03-13,2009,2.884999990463257,24.80801010131836,-0.6999969482421875,-0.006999969482421875,0.0024417217263446034
2009-03-16,2009,2.9509999752044678,24.39366912841797,6.599998474121094,0.06599998474121094,-0.01670190278092365
2009-03-17,2009,3.003000020980835,25.31728744506836,5.200004577636719,0.05200004577636719,0.03786303371535027
2009-03-18,2009,2.5329999923706055,25.636659622192383,-47.00000286102295,-0.4700000286102295,0.012614786549189905
2009-03-19,2009,2.5969998836517334,25.619403839111328,6.399989128112793,0.06399989128112793,-0.0006730901504078401
2009-03-20,2009,2.625,25.229461669921875,2.80001163482666,0.0280001163482666,-0.015220579356111208
2009-03-23,2009,2.6600000858306885,26.716598510742188,3.5000085830688477,0.03500008583068848,0.058944453919651085
2009-03-24,2009,2.6540000438690186,26.223773956298828,-0.6000041961669922,-0.006000041961669922,-0.01844638097343132
2009-03-25,2009,2.7720000743865967,26.344812393188477,11.800003051757812,0.11800003051757812,0.004615599459153241
2009-03-26,2009,2.7330000400543213,27.157556533813477,-3.900003433227539,-0.03900003433227539,0.030850253495642077
2009-03-27,2009,2.760999917984009,26.647430419921875,2.79998779296875,0.0279998779296875,-0.018783947416493474
2009-03-30,2009,2.7139999866485596,25.990320205688477,-4.699993133544922,-0.04699993133544922,-0.024659421335504694
2009-03-31,2009,2.684999942779541,26.215126037597656,-2.9000043869018555,-0.029000043869018555,0.008649598393942748
2009-04-01,2009,2.6579999923706055,26.604202270507812,-2.6999950408935547,-0.026999950408935547,0.014841669361121745
2009-04-02,2009,2.752000093460083,27.460166931152344,9.400010108947754,0.09400010108947754,0.03217403972279276
2009-04-03,2009,2.9070000648498535,27.970285415649414,15.49999713897705,0.1549999713897705,0.018576670920319893
2009-04-06,2009,2.938999891281128,27.901126861572266,3.1999826431274414,0.031999826431274414,-0.0024725723405901734
2009-04-07,2009,2.9089999198913574,27.166196823120117,-2.999997138977051,-0.029999971389770508,-0.02634051456410369
2009-04-08,2009,2.8469998836517334,27.624435424804688,-6.200003623962402,-0.06200003623962402,0.016867970318708014
2009-04-09,2009,2.9260001182556152,28.48040771484375,7.900023460388184,0.07900023460388184,0.030986055529318213
2009-04-13,2009,2.8450000286102295,28.437183380126953,-8.100008964538574,-0.08100008964538574,-0.0015176866549655443
2009-04-14,2009,2.7860000133514404,28.091344833374023,-5.900001525878906,-0.05900001525878906,-0.012161490894861848
2009-04-15,2009,2.759000062942505,28.013519287109375,-2.6999950408935547,-0.026999950408935547,-0.002770445727190207
2009-04-16,2009,2.8299999237060547,28.739797592163086,7.0999860763549805,0.0709998607635498,0.025925993003953485
2009-04-17,2009,2.930000066757202,28.800323486328125,10.000014305114746,0.10000014305114746,0.0021059958397737777
2009-04-20,2009,2.8429999351501465,27.875181198120117,-8.700013160705566,-0.08700013160705566,-0.032122635311620185
2009-04-21,2009,2.9019999504089355,28.264257431030273,5.900001525878906,0.05900001525878906,0.013957801032568495
2009-04-22,2009,2.9639999866485596,28.35072135925293,6.200003623962402,0.06200003623962402,0.0030591261218746446
2009-04-23,2009,2.927000045776367,28.627397537231445,-3.6999940872192383,-0.03699994087219238,0.00975905249367548
2009-04-24,2009,2.996000051498413,29.128868103027344,6.90000057220459,0.0690000057220459,0.017517155205732937
2009-04-27,2009,2.9210000038146973,29.1634521484375,-7.500004768371582,-0.07500004768371582,0.0011872773527565883
2009-04-28,2009,3.002000093460083,28.947298049926758,8.100008964538574,0.08100008964538574,-0.007411814534525996
2009-04-29,2009,3.0959999561309814,29.345033645629883,9.399986267089844,0.09399986267089844,0.013739990344422859
2009-04-30,2009,3.124000072479248,29.638999938964844,2.80001163482666,0.0280001163482666,0.0100175824258677
2009-05-01,2009,3.1740000247955322,29.71681022644043,4.999995231628418,0.04999995231628418,0.0026252669670305817
2009-05-04,2009,3.1570000648498535,30.30473518371582,-1.699995994567871,-0.01699995994567871,0.019784255200858913
2009-05-05,2009,3.1570000648498535,30.27880859375,0.0,0.0,-0.00085552933588251
2009-05-06,2009,3.1519999504089355,30.287456512451172,-0.5000114440917969,-0.005000114440917969,0.00028560960958534665
2009-05-07,2009,3.2950000762939453,29.578479766845703,14.300012588500977,0.14300012588500977,-0.023408262932676727
2009-05-08,2009,3.2929999828338623,29.595760345458984,-0.20000934600830078,-0.002000093460083008,0.0005842280857399906
2009-05-11,2009,3.180000066757202,29.69951629638672,-11.299991607666016,-0.11299991607666016,0.0035057707494801083
2009-05-12,2009,3.174999952316284,29.33637809753418,-0.5000114440917969,-0.005000114440917969,-0.012227074516251268
2009-05-13,2009,3.1050000190734863,28.54958724975586,-6.999993324279785,-0.06999993324279785,-0.026819631420159973
2009-05-14,2009,3.1070001125335693,28.869487762451172,0.20000934600830078,0.002000093460083008,0.011205083628592405
2009-05-15,2009,3.122999906539917,28.852197647094727,1.5999794006347656,0.015999794006347656,-0.0005989062050117955
2009-05-18,2009,3.2109999656677246,29.604406356811523,8.800005912780762,0.08800005912780762,0.026071106226202456
2009-05-19,2009,3.243000030517578,29.74275016784668,3.2000064849853516,0.032000064849853516,0.004673081748971741
2009-05-20,2009,3.2019999027252197,29.638999938964844,-4.10001277923584,-0.0410001277923584,-0.003488252710201478
2009-05-21,2009,3.3529999256134033,29.094287872314453,15.10000228881836,0.1510000228881836,-0.018378220175178206
2009-05-22,2009,3.447999954223633,28.999187469482422,9.50000286102295,0.09500002861022949,-0.0032686967025760127
2009-05-26,2009,3.493000030517578,30.079952239990234,4.500007629394531,0.04500007629394531,0.03726879491520818
2009-05-27,2009,3.694999933242798,29.872440338134766,20.199990272521973,0.20199990272521973,-0.00689867790347054
2009-05-28,2009,3.671999931335449,30.218280792236328,-2.3000001907348633,-0.023000001907348633,0.011577241436819152
2009-05-29,2009,3.4649999141693115,30.590078353881836,-20.70000171661377,-0.2070000171661377,0.012303729791968587
2009-06-01,2009,3.7149999141693115,31.46333885192871,25.0,0.25,0.028547180819367135
2009-06-02,2009,3.6440000534057617,31.50656509399414,-7.0999860763549805,-0.0709998607635498,0.0013738606150115462
2009-06-03,2009,3.5510001182556152,31.41144371032715,-9.299993515014648,-0.09299993515014648,-0.003019097238407764
2009-06-04,2009,3.7160000801086426,31.765947341918945,16.499996185302734,0.16499996185302734,0.011285811466069218
2009-06-05,2009,3.861999988555908,31.800533294677734,14.599990844726562,0.14599990844726562,0.00108877447873712
2009-06-08,2009,3.8889999389648438,31.705432891845703,2.6999950408935547,0.026999950408935547,-0.00299052855342985
2009-06-09,2009,3.8580000400543213,31.947511672973633,-3.099989891052246,-0.03099989891052246,0.007635246046118205
2009-06-10,2009,3.936000108718872,31.83510971069336,7.800006866455078,0.07800006866455078,-0.0035183323017723422
2009-06-11,2009,3.861999988555908,31.83510971069336,-7.400012016296387,-0.07400012016296387,0.0
2009-06-12,2009,3.7880001068115234,31.688127517700195,-7.399988174438477,-0.07399988174438477,-0.004616984025778037
2009-06-15,2009,3.7130000591278076,31.039669036865234,-7.500004768371582,-0.07500004768371582,-0.020463767714666847
2009-06-16,2009,3.6740000247955322,30.73705291748047,-3.900003433227539,-0.03900003433227539,-0.009749334602290882
2009-06-17,2009,3.6470000743865967,31.031042098999023,-2.6999950408935547,-0.026999950408935547,0.00956465092173353
2009-06-18,2009,3.8340001106262207,30.970502853393555,18.700003623962402,0.18700003623962402,-0.0019509253157637962
2009-06-19,2009,3.7890000343322754,31.30292510986328,-4.500007629394531,-0.04500007629394531,0.010733511756116032
2009-06-22,2009,3.693000078201294,30.36799430847168,-9.599995613098145,-0.09599995613098145,-0.0298672024454677
2009-06-23,2009,3.640000104904175,30.298744201660156,-5.299997329711914,-0.05299997329711914,-0.002280364850839156
2009-06-24,2009,3.684999942779541,30.809484481811523,4.499983787536621,0.04499983787536621,0.016856813495371936
2009-06-25,2009,3.5460000038146973,31.415470123291016,-13.899993896484375,-0.13899993896484375,0.019668801723613294
2009-06-26,2009,3.50600004196167,31.484716415405273,-3.9999961853027344,-0.039999961853027344,0.0022042099590582342
2009-06-29,2009,3.492000102996826,31.5539608001709,-1.399993896484375,-0.01399993896484375,0.0021993015230634683
2009-06-30,2009,3.5230000019073486,31.49336051940918,3.099989891052246,0.03099989891052246,-0.001920528492302287
2009-07-01,2009,3.5439999103546143,31.51069450378418,2.0999908447265625,0.020999908447265625,0.0005504012302630645
2009-07-02,2009,3.494999885559082,30.81814193725586,-4.900002479553223,-0.04900002479553223,-0.021978333941359174
2009-07-06,2009,3.50600004196167,30.653661727905273,1.100015640258789,0.01100015640258789,-0.005337122844247366
2009-07-07,2009,3.4600000381469727,29.89185333251953,-4.600000381469727,-0.046000003814697266,-0.02485211724941283
2009-07-08,2009,3.2890000343322754,30.04768180847168,-17.100000381469727,-0.17100000381469727,0.005213075088342567
2009-07-09,2009,3.4130001068115234,30.099634170532227,12.400007247924805,0.12400007247924805,0.001728997344677019
2009-07-10,2009,3.2950000762939453,30.229482650756836,-11.800003051757812,-0.11800003051757812,0.0043139554284594706
2009-07-13,2009,3.3459999561309814,30.809484481811523,5.099987983703613,0.05099987983703613,0.019186627761893504
2009-07-14,2009,3.447000026702881,30.922027587890625,10.100007057189941,0.10100007057189941,0.0036528720935120607
2009-07-15,2009,3.5959999561309814,31.960824966430664,14.899992942810059,0.14899992942810059,0.0335940900249001
2009-07-16,2009,3.556999921798706,32.34174728393555,-3.900003433227539,-0.03900003433227539,0.011918413179415
2009-07-17,2009,3.6510000228881836,32.514896392822266,9.400010108947754,0.09400010108947754,0.005353733902086377
2009-07-20,2009,3.5850000381469727,32.82652282714844,-6.599998474121094,-0.06599998474121094,0.009584112788222354
2009-07-21,2009,3.4769999980926514,33.05158996582031,-10.800004005432129,-0.10800004005432129,0.006856258881179356
2009-07-22,2009,3.553999900817871,33.32859802246094,7.699990272521973,0.07699990272521973,0.008381081119761102
2009-07-23,2009,3.7090001106262207,34.06442642211914,15.500020980834961,0.1550002098083496,0.02207798837389774
2009-07-24,2009,3.6700000762939453,33.80473709106445,-3.900003433227539,-0.03900003433227539,-0.007623475817166936
2009-07-27,2009,3.7130000591278076,34.06442642211914,4.2999982833862305,0.042999982833862305,0.0076820396607470975
2009-07-28,2009,3.687999963760376,33.83072280883789,-2.500009536743164,-0.02500009536743164,-0.006860635502422552
2009-07-29,2009,3.6640000343322754,34.0557746887207,-2.3999929428100586,-0.023999929428100586,0.00665229298098291
2009-07-30,2009,3.6410000324249268,34.254886627197266,-2.3000001907348633,-0.023000001907348633,0.005846642465088481
2009-07-31,2009,3.500999927520752,34.15102005004883,-14.00001049041748,-0.1400001049041748,-0.0030321681773125553
2009-08-03,2009,3.6389999389648438,34.66176986694336,13.80000114440918,0.1380000114440918,0.01495562405298645
2009-08-04,2009,3.678999900817871,34.66176986694336,3.9999961853027344,0.039999961853027344,0.0
2009-08-05,2009,3.7639999389648438,34.393402099609375,8.500003814697266,0.08500003814697266,-0.007742471557689368
2009-08-06,2009,3.746000051498413,34.09040069580078,-1.7999887466430664,-0.017999887466430664,-0.008809870071330828
2009-08-07,2009,3.8540000915527344,34.52325439453125,10.800004005432129,0.10800004005432129,0.012697231182260182
2009-08-10,2009,3.7709999084472656,34.28084945678711,-8.300018310546875,-0.08300018310546875,-0.007021497306538338
2009-08-11,2009,3.693000078201294,33.98652648925781,-7.799983024597168,-0.07799983024597168,-0.008585638109706362
2009-08-12,2009,3.7009999752044678,34.51457977294922,0.7999897003173828,0.007999897003173828,0.015537135984117434
2009-08-13,2009,3.5910000801086426,34.705039978027344,-10.99998950958252,-0.1099998950958252,0.005518253628786773
2009-08-14,2009,3.558000087738037,34.30681228637695,-3.299999237060547,-0.03299999237060547,-0.011474635727332982
2009-08-17,2009,3.490999937057495,33.31129837036133,-6.700015068054199,-0.06700015068054199,-0.029017966102637183
2009-08-18,2009,3.5260000228881836,33.78742218017578,3.5000085830688477,0.03500008583068848,0.014293162773807877
2009-08-19,2009,3.4630000591278076,34.02115249633789,-6.299996376037598,-0.06299996376037598,0.006917672349068704
2009-08-20,2009,3.434999942779541,34.41935729980469,-2.80001163482666,-0.0280001163482666,0.011704624160209232
2009-08-21,2009,3.555999994277954,34.878170013427734,12.100005149841309,0.12100005149841309,0.01333007788688878
2009-08-24,2009,3.49399995803833,34.84354019165039,-6.200003623962402,-0.06200003623962402,-0.000992879550848369
2009-08-25,2009,3.450000047683716,34.94742202758789,-4.399991035461426,-0.04399991035461426,0.0029813800597218165
2009-08-26,2009,3.437999963760376,34.88682174682617,-1.2000083923339844,-0.012000083923339844,-0.0017340415185382874
2009-08-27,2009,3.4619998931884766,34.9734001159668,2.3999929428100586,0.023999929428100586,0.002481692650850409
2009-08-28,2009,3.4509999752044678,35.008026123046875,-1.099991798400879,-0.010999917984008789,0.0009900669355928926
2009-08-31,2009,3.4010000228881836,34.65310287475586,-4.999995231628418,-0.04999995231628418,-0.010138339335200586
2009-09-01,2009,3.375,34.00383758544922,-2.6000022888183594,-0.026000022888183594,-0.018736137183825385
2009-09-02,2009,3.2950000762939453,33.97786331176758,-7.999992370605469,-0.07999992370605469,-0.0007638630085904374
2009-09-03,2009,3.328000068664551,34.202938079833984,3.299999237060547,0.03299999237060547,0.006624158970833793
2009-09-04,2009,3.441999912261963,34.93879318237305,11.399984359741211,0.11399984359741211,0.021514382794293407
2009-09-08,2009,3.4690001010894775,35.26774978637695,2.700018882751465,0.02700018882751465,0.009415225142059835
2009-09-09,2009,3.4790000915527344,35.57072448730469,0.9999990463256836,0.009999990463256836,0.008590701214648222
2009-09-10,2009,3.3420000076293945,35.908329010009766,-13.700008392333984,-0.13700008392333984,0.00949107805846272
2009-09-11,2009,3.3429999351501465,35.942962646484375,0.09999275207519531,0.0009999275207519531,0.0009645014800034879
2009-09-14,2009,3.4059998989105225,36.08147430419922,6.299996376037598,0.06299996376037598,0.003853651661304802
2009-09-15,2009,3.4519999027252197,36.19400405883789,4.600000381469727,0.046000003814697266,0.0031187681991580174
2009-09-16,2009,3.4709999561309814,36.72206497192383,1.9000053405761719,0.01900005340576172,0.014589734593263293
2009-09-17,2009,3.3980000019073486,36.71342086791992,-7.299995422363281,-0.07299995422363281,-0.00023539264500826995
2009-09-18,2009,3.4739999771118164,36.77495193481445,7.599997520446777,0.07599997520446777,0.0016759829359376255
2009-09-21,2009,3.486999988555908,36.88758087158203,1.3000011444091797,0.013000011444091797,0.003062653541117344
2009-09-22,2009,3.4560000896453857,36.95691680908203,-3.099989891052246,-0.03099989891052246,0.0018796553165516539
2009-09-23,2009,3.4179999828338623,36.78360366821289,-3.8000106811523438,-0.03800010681152344,-0.004689599561686131
2009-09-24,2009,3.38100004196167,36.45431900024414,-3.6999940872192383,-0.03699994087219238,-0.00895194149379408
2009-09-25,2009,3.3289999961853027,36.13370895385742,-5.200004577636719,-0.05200004577636719,-0.008794843935627239
2009-09-28,2009,3.302000045776367,36.74894332885742,-2.6999950408935547,-0.026999950408935547,0.01702660459754224
2009-09-29,2009,3.2920000553131104,36.584293365478516,-0.9999990463256836,-0.009999990463256836,-0.004480399937094592
2009-09-30,2009,3.306999921798706,36.610294342041016,1.4999866485595703,0.014999866485595703,0.0007107141937319206
2009-10-01,2009,3.194000005722046,35.527156829833984,-11.299991607666016,-0.11299991607666016,-0.02958559967006935
2009-10-02,2009,3.2209999561309814,35.42316818237305,2.6999950408935547,0.026999950408935547,-0.0029270185610128507
2009-10-05,2009,3.2239999771118164,35.709129333496094,0.3000020980834961,0.003000020980834961,0.008072715282009923
2009-10-06,2009,3.247999906539917,36.341678619384766,2.3999929428100586,0.023999929428100586,0.01771393751948258
2009-10-07,2009,3.174999952316284,36.4456672668457,-7.299995422363281,-0.07299995422363281,0.00286141563657627
2009-10-08,2009,3.255000114440918,36.60162353515625,8.000016212463379,0.08000016212463379,0.004279144271627011
2009-10-09,2009,3.384000062942505,36.809593200683594,12.899994850158691,0.12899994850158691,0.005681979252302405
2009-10-12,2009,3.380000114440918,36.88758087158203,-0.3999948501586914,-0.003999948501586914,0.0021186778803354844
2009-10-13,2009,3.312000036239624,36.896244049072266,-6.8000078201293945,-0.06800007820129395,0.00023485350043395137
2009-10-14,2009,3.4230000972747803,37.398834228515625,11.100006103515625,0.11100006103515625,0.013621716583804844
2009-10-15,2009,3.4700000286102295,37.31217956542969,4.699993133544922,0.04699993133544922,-0.002317041824257293
2009-10-16,2009,3.4170000553131104,37.069549560546875,-5.299997329711914,-0.05299997329711914,-0.00650270254133356
2009-10-19,2009,3.3949999809265137,37.44214630126953,-2.200007438659668,-0.02200007438659668,0.010051288595079422
2009-10-20,2009,3.3369998931884766,37.45079803466797,-5.800008773803711,-0.05800008773803711,0.0002310693764406846
2009-10-21,2009,3.4110000133514404,37.38151550292969,7.400012016296387,0.07400012016296387,-0.0018499614260327757
2009-10-22,2009,3.4210000038146973,37.5287971496582,0.9999990463256836,0.009999990463256836,0.003939959221743505
2009-10-23,2009,3.4749999046325684,37.372833251953125,5.399990081787109,0.053999900817871094,-0.004155845898367594
2009-10-26,2009,3.553999900817871,37.251529693603516,7.899999618530273,0.07899999618530273,-0.0032457683240612045
2009-10-27,2009,3.4619998931884766,36.68827438354492,-9.200000762939453,-0.09200000762939453,-0.015120326995734401
2009-10-28,2009,3.4110000133514404,35.8651008605957,-5.099987983703613,-0.05099987983703613,-0.02243696485540947
2009-10-29,2009,3.500999927520752,36.47166061401367,8.999991416931152,0.08999991416931152,0.016912255615162186
2009-10-30,2009,3.3919999599456787,35.492488861083984,-10.899996757507324,-0.10899996757507324,-0.02684746832047058
2009-11-02,2009,3.421999931335449,35.63979721069336,2.999997138977051,0.029999971389770508,0.004150409124193288
2009-11-03,2009,3.4730000495910645,35.7524528503418,5.100011825561523,0.051000118255615234,0.003160950635674009
2009-11-04,2009,3.5460000038146973,35.813106536865234,7.299995422363281,0.07299995422363281,0.0016964902178133734
2009-11-05,2009,3.5329999923706055,36.69695281982422,-1.3000011444091797,-0.013000011444091797,0.02467940841851224
2009-11-06,2009,3.503000020980835,36.91355895996094,-2.999997138977051,-0.029999971389770508,0.005902564749727723
2009-11-09,2009,3.4860000610351562,37.70210647583008,-1.699995994567871,-0.01699995994567871,0.021362001879159154
2009-11-10,2009,3.4820001125335693,37.79741668701172,-0.3999948501586914,-0.003999948501586914,0.0025279810623510812
2009-11-11,2009,3.4739999771118164,38.04004669189453,-0.800013542175293,-0.00800013542175293,0.006419221897939531
2009-11-12,2009,3.446000099182129,37.82341766357422,-2.79998779296875,-0.0279998779296875,-0.005694762419060639
2009-11-13,2009,3.428999900817871,38.1353645324707,-1.7000198364257812,-0.017000198364257812,0.00824745324896714
2009-11-16,2009,3.3310000896453857,38.5252799987793,-9.799981117248535,-0.09799981117248535,0.010224511318794205
2009-11-17,2009,3.319000005722046,38.6466064453125,-1.2000083923339844,-0.012000083923339844,0.003149268390445048
2009-11-18,2009,3.365999937057495,38.42997741699219,4.699993133544922,0.04699993133544922,-0.0056053829364515195
2009-11-19,2009,3.3489999771118164,37.83208084106445,-1.699995994567871,-0.01699995994567871,-0.015558077732915065
2009-11-20,2009,3.3559999465942383,37.64143371582031,0.6999969482421875,0.006999969482421875,-0.005039297892311612
2009-11-23,2009,3.364000082015991,38.24802017211914,0.800013542175293,0.00800013542175293,0.01611486057832834
2009-11-24,2009,3.316999912261963,38.11804962158203,-4.700016975402832,-0.04700016975402832,-0.0033980987761518255
2009-11-25,2009,3.2790000438690186,38.28267288208008,-3.7999868392944336,-0.037999868392944336,0.004318774494821875
2009-11-27,2009,3.2309999465942383,37.70210647583008,-4.800009727478027,-0.04800009727478027,-0.01516525264675972
2009-11-30,2009,3.2009999752044678,37.74543380737305,-2.999997138977051,-0.029999971389770508,0.0011492018773737733
2009-12-01,2009,3.2750000953674316,38.1353645324707,7.400012016296387,0.07400012016296387,0.010330540300254487
2009-12-02,2009,3.322999954223633,38.18736267089844,4.799985885620117,0.04799985885620117,0.001363514917589459
2009-12-03,2009,3.380000114440918,38.03137969970703,5.700016021728516,0.057000160217285156,-0.004084675145955452
2009-12-04,2009,3.4830000400543213,38.230682373046875,10.299992561340332,0.10299992561340332,0.005240479701591694
2009-12-07,2009,3.447999954223633,38.0486946105957,-3.5000085830688477,-0.03500008583068848,-0.0047602540984064134
2009-12-08,2009,3.3919999599456787,37.814762115478516,-5.59999942779541,-0.0559999942779541,-0.006148239709964809
2009-12-09,2009,3.4230000972747803,38.19601821899414,3.1000137329101562,0.031000137329101562,0.01008220288022299
2009-12-10,2009,3.4820001125335693,38.38665771484375,5.900001525878906,0.05900001525878906,0.004991082964632465
2009-12-11,2009,3.5399999618530273,38.23933410644531,5.799984931945801,0.05799984931945801,-0.003837885795966778
2009-12-14,2009,3.5460000038146973,38.60328674316406,0.6000041961669922,0.006000041961669922,0.009517755610116696
2009-12-15,2009,3.6029999256134033,38.38665771484375,5.6999921798706055,0.056999921798706055,-0.0056116731655931895
2009-12-16,2009,3.5959999561309814,38.43863296508789,-0.6999969482421875,-0.006999969482421875,0.0013539925937351427
2009-12-17,2009,3.486999988555908,37.97073745727539,-10.899996757507324,-0.10899996757507324,-0.012172532468505581
2009-12-18,2009,3.5460000038146973,38.58959197998047,5.900001525878906,0.05900001525878906,0.01629819603586613
2009-12-21,2009,3.681999921798706,39.02356719970703,13.599991798400879,0.1359999179840088,0.011245913663759488
2009-12-22,2009,3.74399995803833,39.25790786743164,6.200003623962402,0.06200003623962402,0.006005106261181892
2009-12-23,2009,3.747999906539917,39.54433822631836,0.3999948501586914,0.003999948501586914,0.007296118780806049
2009-12-24,2009,3.806999921798706,39.90888977050781,5.900001525878906,0.05900001525878906,0.00921880503102801
2009-12-28,2009,3.8420000076293945,40.117191314697266,3.5000085830688477,0.03500008583068848,0.0052194271849523854
2009-12-29,2009,3.809000015258789,39.9522819519043,-3.299999237060547,-0.03299999237060547,-0.004110690638817305
2009-12-30,2009,3.7839999198913574,40.07379913330078,-2.500009536743164,-0.02500009536743164,0.0030415579651437152
2009-12-31,2009,3.8429999351501465,39.70925521850586,5.900001525878906,0.05900001525878906,-0.009096814444328305
2010-01-04,2010,3.8410000801086426,40.290775299072266,-0.19998550415039062,-0.0019998550415039062,0.014644446927208898
2010-01-05,2010,3.755000114440918,40.290775299072266,-8.599996566772461,-0.08599996566772461,0.0
2010-01-06,2010,3.808000087738037,40.047767639160156,5.299997329711914,0.05299997329711914,-0.006031347327230652
2010-01-07,2010,3.822000026702881,40.07379913330078,1.399993896484375,0.01399993896484375,0.0006500111161045208
2010-01-08,2010,3.808000087738037,40.40362548828125,-1.399993896484375,-0.01399993896484375,0.008230473828631624
2010-01-11,2010,3.818000078201294,40.238712310791016,0.9999990463256836,0.009999990463256836,-0.004081643057949447
2010-01-12,2010,3.7190001010894775,39.735294342041016,-9.89999771118164,-0.0989999771118164,-0.012510787245420762
2010-01-13,2010,3.7829999923706055,40.23003005981445,6.399989128112793,0.06399989128112793,0.012450787793711893
2010-01-14,2010,3.7339999675750732,40.264766693115234,-4.900002479553223,-0.04900002479553223,0.000863450344161576
2010-01-15,2010,3.6760001182556152,39.79606628417969,-5.799984931945801,-0.05799984931945801,-0.011640460070409087
2010-01-19,2010,3.7070000171661377,40.43834686279297,3.099989891052246,0.03099989891052246,0.016139298141349512
2010-01-20,2010,3.6589999198913574,39.85680389404297,-4.800009727478027,-0.04800009727478027,-0.014380977806119799
2010-01-21,2010,3.6110000610351562,39.48358154296875,-4.799985885620117,-0.04799985885620117,-0.009364081276221015
2010-01-22,2010,3.5980000495910645,38.32920455932617,-1.3000011444091797,-0.013000011444091797,-0.029236886283639296
2010-01-25,2010,3.630000114440918,38.459381103515625,3.2000064849853516,0.032000064849853516,0.003396275651584846
2010-01-26,2010,3.630000114440918,38.494110107421875,0.0,0.0,0.0009030047522806672
2010-01-27,2010,3.6440000534057617,38.79789352416992,1.399993896484375,0.01399993896484375,0.007891685660489589
2010-01-28,2010,3.6579999923706055,37.799747467041016,1.399993896484375,0.01399993896484375,-0.02572681056787507
2010-01-29,2010,3.6089999675750732,37.14007568359375,-4.900002479553223,-0.04900002479553223,-0.017451751073799038
2010-02-01,2010,3.6540000438690186,37.54802322387695,4.500007629394531,0.04500007629394531,0.010984025551229903
2010-02-02,2010,3.634999990463257,37.88652420043945,-1.9000053405761719,-0.01900005340576172,0.009015147736119555
2010-02-03,2010,3.703000068664551,38.0948486328125,6.8000078201293945,0.06800007820129395,0.005498641978105567
2010-02-04,2010,3.609999895095825,36.992523193359375,-9.300017356872559,-0.09300017356872559,-0.02893633861308087
2010-02-05,2010,3.5460000038146973,37.30500411987305,-6.399989128112793,-0.06399989128112793,0.008447137408830852
2010-02-08,2010,3.5920000076293945,37.03593063354492,4.600000381469727,0.046000003814697266,-0.0072127987297228024
2010-02-09,2010,3.632999897003174,37.417842864990234,4.09998893737793,0.0409998893737793,0.010311938296466039
2010-02-10,2010,3.694000005722046,37.33970260620117,6.100010871887207,0.06100010871887207,-0.0020883154347246524
2010-02-11,2010,3.7330000400543213,37.903900146484375,3.900003433227539,0.03900003433227539,0.015109856289790224
2010-02-12,2010,3.693000078201294,37.981998443603516,-3.9999961853027344,-0.039999961853027344,0.002060429053931667
2010-02-16,2010,3.6640000343322754,38.46807861328125,-2.9000043869018555,-0.029000043869018555,0.012797645979567784
2010-02-17,2010,3.742000102996826,38.68505859375,7.800006866455078,0.07800006866455078,0.005640520355852496
2010-02-18,2010,3.802999973297119,38.92809295654297,6.099987030029297,0.06099987030029297,0.006282383215318044
2010-02-19,2010,3.7820000648498535,38.91072463989258,-2.0999908447265625,-0.020999908447265625,-0.00044616407666775437
2010-02-22,2010,3.7990000247955322,38.832618713378906,1.699995994567871,0.01699995994567871,-0.002007311023799252
2010-02-23,2010,3.690999984741211,38.32920455932617,-10.800004005432129,-0.10800004005432129,-0.012963693171671009
2010-02-24,2010,3.694999933242798,38.71979522705078,0.3999948501586914,0.003999948501586914,0.010190419347734014
2010-02-25,2010,3.6419999599456787,38.71110153198242,-5.299997329711914,-0.05299997329711914,-0.00022452843609788165
2010-02-26,2010,3.5950000286102295,38.849945068359375,-4.699993133544922,-0.04699993133544922,0.0035866594047251343
2010-03-01,2010,3.6059999465942383,39.41415786743164,1.099991798400879,0.010999917984008789,0.014522872505469131
2010-03-02,2010,3.614000082015991,39.53567123413086,0.800013542175293,0.00800013542175293,0.0030829877707376774
2010-03-03,2010,3.625,39.57904815673828,1.099991798400879,0.010999917984008789,0.0010971591287913807
2010-03-04,2010,3.6059999465942383,39.70925521850586,-1.9000053405761719,-0.01900005340576172,0.003289797704379982
2010-03-05,2010,3.681999921798706,40.308135986328125,7.599997520446777,0.07599997520446777,0.015081641912618071
2010-03-08,2010,3.7079999446868896,40.38625717163086,2.6000022888183594,0.026000022888183594,0.0019380996761853009
2010-03-09,2010,3.7009999752044678,40.6119384765625,-0.6999969482421875,-0.006999969482421875,0.005588071803052985
2010-03-10,2010,3.7200000286102295,40.94178771972656,1.9000053405761719,0.01900005340576172,0.008121977318428675
2010-03-11,2010,3.7200000286102295,41.097999572753906,0.0,0.0,0.0038154624340469567
2010-03-12,2010,3.7100000381469727,41.106685638427734,-0.9999990463256836,-0.009999990463256836,0.00021135008428951885
2010-03-15,2010,3.7039999961853027,41.00251007080078,-0.6000041961669922,-0.006000041961669922,-0.0025342730995944196
2010-03-16,2010,3.6530001163482666,41.26291275024414,-5.099987983703613,-0.05099987983703613,0.006350896054746702
2010-03-17,2010,3.6419999599456787,41.37575149536133,-1.100015640258789,-0.01100015640258789,0.0027346286918759066
2010-03-18,2010,3.671999931335449,41.514617919921875,2.999997138977051,0.029999971389770508,0.0033562272476457267
2010-03-19,2010,3.687000036239624,41.26350402832031,1.5000104904174805,0.015000104904174805,-0.006048806521258165
2010-03-22,2010,3.6630001068115234,41.63711166381836,-2.3999929428100586,-0.023999929428100586,0.009054190726062172
2010-03-23,2010,3.680000066757202,41.923866271972656,1.699995994567871,0.01699995994567871,0.006886995679949548
2010-03-24,2010,3.8289999961853027,41.7240104675293,14.899992942810059,0.14899992942810059,-0.004767112917182681
2010-03-25,2010,3.9010000228881836,41.663185119628906,7.200002670288086,0.07200002670288086,-0.0014578020477615805
2010-03-26,2010,3.8550000190734863,41.70663833618164,-4.600000381469727,-0.046000003814697266,0.0010429643443718994
2010-03-29,2010,3.864000082015991,41.906490325927734,0.9000062942504883,0.009000062942504883,0.004791850835235367
2010-03-30,2010,3.868000030517578,42.045509338378906,0.3999948501586914,0.003999948501586914,0.003317362331465956
2010-03-31,2010,3.8329999446868896,41.84566116333008,-3.5000085830688477,-0.03500008583068848,-0.00475313959073409
2010-04-01,2010,3.8589999675750732,41.84566116333008,2.6000022888183594,0.026000022888183594,0.0
2010-04-05,2010,3.99399995803833,42.23665237426758,13.499999046325684,0.13499999046325684,0.009343649976311763
2010-04-06,2010,3.9679999351501465,42.3582878112793,-2.6000022888183594,-0.026000022888183594,0.002879855058916192
2010-04-07,2010,3.86299991607666,42.254024505615234,-10.500001907348633,-0.10500001907348633,-0.0024614617599415523
2010-04-08,2010,3.8959999084472656,42.349613189697266,3.299999237060547,0.03299999237060547,0.0022622385725490357
2010-04-09,2010,3.888000011444092,42.60158920288086,-0.7999897003173828,-0.007999897003173828,0.005949901172766614
2010-04-12,2010,3.8459999561309814,42.6363410949707,-4.200005531311035,-0.04200005531311035,0.0008157416833523001
2010-04-13,2010,3.811000108718872,42.85356903076172,-3.4999847412109375,-0.034999847412109375,0.00509490097443277
2010-04-14,2010,3.8550000190734863,43.3662109375,4.399991035461426,0.04399991035461426,0.011962642046693617
2010-04-15,2010,3.8480000495910645,43.557373046875,-0.6999969482421875,-0.006999969482421875,0.004408088814826572
2010-04-16,2010,3.7699999809265137,43.03602981567383,-7.800006866455078,-0.07800006866455078,-0.011969115553413179
2010-04-19,2010,3.806999921798706,43.00996017456055,3.6999940872192383,0.03699994087219238,-0.0006057631529892138
2010-04-20,2010,3.805000066757202,43.22718811035156,-0.19998550415039062,-0.0019998550415039062,0.005050642569985442
2010-04-21,2010,3.73799991607666,43.470489501953125,-6.700015068054199,-0.06700015068054199,0.005628434377467517
2010-04-22,2010,3.7720000743865967,43.713783264160156,3.4000158309936523,0.03400015830993652,0.005596756903234246
2010-04-23,2010,3.816999912261963,43.89624786376953,4.499983787536621,0.04499983787536621,0.004174074765086022
2010-04-26,2010,3.815000057220459,43.8006591796875,-0.19998550415039062,-0.0019998550415039062,-0.002177604891850593
2010-04-27,2010,3.690000057220459,42.87095642089844,-12.5,-0.125,-0.021225770940456745
2010-04-28,2010,3.7730000019073486,42.896995544433594,8.299994468688965,0.08299994468688965,0.0006073837793472148
2010-04-29,2010,3.7279999256134033,43.644256591796875,-4.500007629394531,-0.04500007629394531,0.017419892416224103
2010-04-30,2010,3.6630001068115234,42.784080505371094,-6.499981880187988,-0.06499981880187988,-0.0197088037143347
2010-05-03,2010,3.7049999237060547,43.38359832763672,4.199981689453125,0.04199981689453125,0.014012637765824287
2010-05-04,2010,3.61299991607666,42.08024978637695,-9.200000762939453,-0.09200000762939453,-0.03004242597436857
2010-05-05,2010,3.549999952316284,41.863040924072266,-6.299996376037598,-0.06299996376037598,-0.005161776924028749
2010-05-06,2010,3.3980000019073486,40.464134216308594,-15.199995040893555,-0.15199995040893555,-0.03341627069808173
2010-05-07,2010,3.428999900817871,39.45622634887695,3.099989891052246,0.03099989891052246,-0.024908672505969842
2010-05-10,2010,3.5390000343322754,41.50678253173828,11.00001335144043,0.1100001335144043,0.051970408034718085
2010-05-11,2010,3.5350000858306885,41.46335983276367,-0.3999948501586914,-0.003999948501586914,-0.0010461591172817863
2010-05-12,2010,3.566999912261963,42.2453498840332,3.1999826431274414,0.031999826431274414,0.018859784986638095
2010-05-13,2010,3.563999891281128,41.57631301879883,-0.3000020980834961,-0.003000020980834961,-0.015836935119982076
2010-05-14,2010,3.441999912261963,40.77692794799805,-12.199997901916504,-0.12199997901916504,-0.019226935068516915
2010-05-17,2010,3.4719998836517334,40.907249450683594,2.999997138977051,0.029999971389770508,0.0031959617667065565
2010-05-18,2010,3.375999927520752,40.342464447021484,-9.599995613098145,-0.09599995613098145,-0.013806477121933947
2010-05-19,2010,3.3589999675750732,40.02100372314453,-1.699995994567871,-0.01699995994567871,-0.007968296639366268
2010-05-20,2010,3.2639999389648438,38.535186767578125,-9.50000286102295,-0.09500002861022949,-0.03712592932063685
2010-05-21,2010,3.200000047683716,38.960941314697266,-6.399989128112793,-0.06399989128112793,0.011048462011798321
2010-05-24,2010,3.2269999980926514,38.80455017089844,2.6999950408935547,0.026999950408935547,-0.004014049417739085
2010-05-25,2010,3.1579999923706055,38.83931350708008,-6.90000057220459,-0.0690000057220459,0.000895857213356166
2010-05-26,2010,3.2179999351501465,38.404876708984375,5.999994277954102,0.059999942779541016,-0.011185491165195516
2010-05-27,2010,3.3380000591278076,39.85590744018555,12.000012397766113,0.12000012397766113,0.03778246034211907
2010-05-28,2010,3.3010001182556152,39.621299743652344,-3.6999940872192383,-0.03699994087219238,-0.005886397063855409
2010-06-01,2010,3.2960000038146973,39.256378173828125,-0.5000114440917969,-0.005000114440917969,-0.009210237225564022
2010-06-02,2010,3.3340001106262207,40.18608474731445,3.8000106811523438,0.03800010681152344,0.02368294317345243
2010-06-03,2010,3.378999948501587,40.56839370727539,4.499983787536621,0.04499983787536621,0.009513466225059108
2010-06-04,2010,3.194999933242798,39.17817306518555,-18.400001525878906,-0.18400001525878906,-0.03426856513277543
2010-06-07,2010,3.184000015258789,38.46569061279297,-1.099991798400879,-0.010999917984008789,-0.018185698736057243
2010-06-08,2010,3.1679999828338623,38.39616775512695,-1.6000032424926758,-0.016000032424926758,-0.001807399179852287
2010-06-09,2010,3.187000036239624,38.07469177246094,1.9000053405761719,0.01900005340576172,-0.008372605951621037
2010-06-10,2010,3.319000005722046,39.160797119140625,13.199996948242188,0.13199996948242188,0.02852565040238253
2010-06-11,2010,3.2160000801086426,39.53441619873047,-10.299992561340332,-0.10299992561340332,0.009540640310593318
2010-06-14,2010,3.2750000953674316,39.52573013305664,5.900001525878906,0.05900001525878906,-0.00021970896522582883
2010-06-15,2010,3.309999942779541,40.58576965332031,3.4999847412109375,0.034999847412109375,0.02681897378480369
2010-06-16,2010,3.2820000648498535,40.750877380371094,-2.79998779296875,-0.0279998779296875,0.004068118664771303
2010-06-17,2010,3.190000057220459,40.881202697753906,-9.200000762939453,-0.09200000762939453,0.0031980984400985513
2010-06-18,2010,3.2230000495910645,40.915138244628906,3.299999237060547,0.03299999237060547,0.0008301014802791773
2010-06-21,2010,3.243000030517578,40.566925048828125,1.9999980926513672,0.019999980926513672,-0.008510620047739725
2010-06-22,2010,3.1659998893737793,40.2535285949707,-7.700014114379883,-0.07700014114379883,-0.007725418021706232
2010-06-23,2010,3.115000009536743,40.08815383911133,-5.099987983703613,-0.05099987983703613,-0.004108329421834478
2010-06-24,2010,3.122999906539917,39.4787483215332,0.7999897003173828,0.007999897003173828,-0.015201635875373487
2010-06-25,2010,3.11299991607666,39.486629486083984,-0.9999990463256836,-0.009999990463256836,0.00019963055785332529
2010-06-28,2010,3.0320000648498535,39.3470573425293,-8.099985122680664,-0.08099985122680664,-0.0035346684528715366
2010-06-29,2010,2.9670000076293945,37.8293571472168,-6.500005722045898,-0.06500005722045898,-0.03857213976893903
2010-06-30,2010,2.9509999752044678,37.25366973876953,-1.6000032424926758,-0.016000032424926758,-0.015218006645127957
2010-07-01,2010,2.927000045776367,37.148990631103516,-2.3999929428100586,-0.023999929428100586,-0.0028099005655025655
2010-07-02,2010,2.9790000915527344,37.0443115234375,5.200004577636719,0.05200004577636719,-0.002817818354891477
2010-07-06,2010,2.931999921798706,37.157711029052734,-4.700016975402832,-0.04700016975402832,0.00306118540071898
2010-07-07,2010,2.9800000190734863,38.343971252441406,4.800009727478027,0.04800009727478027,0.03192500804102716
2010-07-08,2010,3.0199999809265137,38.55330276489258,3.9999961853027344,0.039999961853027344,0.005459307046550288
2010-07-09,2010,3.055999994277954,38.91965103149414,3.600001335144043,0.03600001335144043,0.009502383462077102
2010-07-12,2010,3.0460000038146973,39.033058166503906,-0.9999990463256836,-0.009999990463256836,0.002913878516485058
2010-07-13,2010,3.114000082015991,39.5389518737793,6.8000078201293945,0.06800007820129395,0.01296064748801884
2010-07-14,2010,3.049999952316284,39.739559173583984,-6.400012969970703,-0.06400012969970703,0.0050736625605323216
2010-07-15,2010,2.9779999256134033,39.77444839477539,-7.200002670288086,-0.07200002670288086,0.0008779468599289242
2010-07-16,2010,2.938999891281128,38.67543029785156,-3.900003433227539,-0.03900003433227539,-0.02763125929530652
2010-07-19,2010,2.9639999866485596,39.00690460205078,2.500009536743164,0.02500009536743164,0.008570668810829796
2010-07-20,2010,2.931999921798706,39.477909088134766,-3.2000064849853516,-0.032000064849853516,0.012074900351339846
2010-07-21,2010,2.8919999599456787,38.937095642089844,-3.9999961853027344,-0.039999961853027344,-0.013699141077546773
2010-07-22,2010,2.931999921798706,39.92273712158203,3.9999961853027344,0.039999961853027344,0.025313687711898458
2010-07-23,2010,2.99399995803833,40.17569351196289,6.200003623962402,0.06200003623962402,0.006336148486274729
2010-07-26,2010,2.99399995803833,40.50714111328125,0.0,0.0,0.00824995345057733
2010-07-27,2010,3.046999931335449,40.48969650268555,5.299997329711914,0.05299997329711914,-0.0004306551910666645
2010-07-28,2010,3.000999927520752,40.16697692871094,-4.600000381469727,-0.046000003814697266,-0.00797041227397699
2010-07-29,2010,2.999000072479248,39.87039566040039,-0.19998550415039062,-0.0019998550415039062,-0.007383708981557824
2010-07-30,2010,2.9070000648498535,39.95762634277344,-9.200000762939453,-0.09200000762939453,0.0021878559499646233
2010-08-02,2010,2.9630000591278076,40.707759857177734,5.59999942779541,0.0559999942779541,0.01877322511525925
2010-08-03,2010,2.9140000343322754,40.533321380615234,-4.900002479553223,-0.04900002479553223,-0.004285140650689523
2010-08-04,2010,2.9519999027252197,40.94325637817383,3.7999868392944336,0.037999868392944336,0.010113530882634336
2010-08-05,2010,2.9149999618530273,40.847328186035156,-3.6999940872192383,-0.03699994087219238,-0.002342954630980665
2010-08-06,2010,2.8239998817443848,40.78626251220703,-9.100008010864258,-0.09100008010864258,-0.001494973515770881
2010-08-09,2010,2.822000026702881,41.06538009643555,-0.19998550415039062,-0.0019998550415039062,0.006843421461943944
2010-08-10,2010,2.7809998989105225,40.707759857177734,-4.10001277923584,-0.0410001277923584,-0.008708557875709344
2010-08-11,2010,2.684999942779541,39.59999465942383,-9.599995613098145,-0.09599995613098145,-0.02721262976986394
2010-08-12,2010,2.734999895095825,39.28601837158203,4.999995231628418,0.04999995231628418,-0.007928695206707026
2010-08-13,2010,2.687999963760376,39.00690460205078,-4.699993133544922,-0.04699993133544922,-0.007104659140849678
2010-08-16,2010,2.575000047683716,39.07666015625,-11.299991607666016,-0.11299991607666016,0.0017882873535048915
2010-08-17,2010,2.6449999809265137,39.573848724365234,6.999993324279785,0.06999993324279785,0.012723415105774238
2010-08-18,2010,2.6410000324249268,39.7308464050293,-0.3999948501586914,-0.003999948501586914,0.003967207783037718
2010-08-19,2010,2.5789999961853027,39.12899398803711,-6.200003623962402,-0.06200003623962402,-0.015148240509570532
2010-08-20,2010,2.611999988555908,39.18133544921875,3.299999237060547,0.03299999237060547,0.0013376643722975423
2010-08-23,2010,2.6070001125335693,38.79752731323242,-0.4999876022338867,-0.004999876022338867,-0.009795687961778765
2010-08-24,2010,2.499000072479248,38.073577880859375,-10.800004005432129,-0.10800004005432129,-0.018659679688559305
2010-08-25,2010,2.5380001068115234,38.439910888671875,3.900003433227539,0.03900003433227539,0.009621712174223251
2010-08-26,2010,2.499000072479248,37.977622985839844,-3.900003433227539,-0.03900003433227539,-0.012026248036081322
2010-08-27,2010,2.6519999504089355,38.439910888671875,15.29998779296875,0.1529998779296875,0.012172639214528935
2010-08-30,2010,2.5450000762939453,38.03868865966797,-10.699987411499023,-0.10699987411499023,-0.010437647219472268
2010-08-31,2010,2.4769999980926514,37.9078369140625,-6.8000078201293945,-0.06800007820129395,-0.0034399646837512954
2010-09-01,2010,2.5820000171661377,39.041770935058594,10.500001907348633,0.10500001907348633,0.029912918100991392
2010-09-02,2010,2.628000020980835,39.477909088134766,4.600000381469727,0.046000003814697266,0.01117106480137986
2010-09-03,2010,2.7060000896453857,40.132080078125,7.800006866455078,0.07800006866455078,0.016570558195718732
2010-09-07,2010,2.6089999675750732,39.86167526245117,-9.70001220703125,-0.0970001220703125,-0.006737871925587502
2010-09-08,2010,2.6540000438690186,40.34141159057617,4.500007629394531,0.04500007629394531,0.012035026751043176
2010-09-09,2010,2.760999917984009,40.49842071533203,10.699987411499023,0.10699987411499023,0.00389200869690276
2010-09-10,2010,2.7950000762939453,40.646705627441406,3.4000158309936523,0.03400015830993652,0.0036614986335314903
2010-09-13,2010,2.740999937057495,41.213653564453125,-5.4000139236450195,-0.054000139236450195,0.013948189115453369
2010-09-14,2010,2.6659998893737793,41.38812255859375,-7.500004768371582,-0.07500004768371582,0.004233281426209379
2010-09-15,2010,2.7230000495910645,41.649776458740234,5.700016021728516,0.057000160217285156,0.006321956251484018
2010-09-16,2010,2.759000062942505,41.81550979614258,3.600001335144043,0.03600001335144043,0.003979213131348303
2010-09-17,2010,2.746000051498413,41.957149505615234,-1.3000011444091797,-0.013000011444091797,0.0033872529633902637
2010-09-20,2010,2.7060000896453857,42.69154739379883,-3.9999961853027344,-0.039999961853027344,0.017503521970321456
2010-09-21,2010,2.5940001010894775,42.68280792236328,-11.19999885559082,-0.1119999885559082,-0.00020471198560534365
2010-09-22,2010,2.5480000972747803,42.569149017333984,-4.600000381469727,-0.046000003814697266,-0.0026628731932546446
2010-09-23,2010,2.555000066757202,42.551658630371094,0.6999969482421875,0.006999969482421875,-0.00041087001658801636
2010-09-24,2010,2.611999988555908,43.41722106933594,5.6999921798706055,0.056999921798706055,0.02034145005917698
2010-09-27,2010,2.5169999599456787,43.181156158447266,-9.50000286102295,-0.09500002861022949,-0.0054371262156940325
2010-09-28,2010,2.4560000896453857,43.163673400878906,-6.099987030029297,-0.06099987030029297,-0.000404870066568086
2010-09-29,2010,2.50600004196167,43.09371566772461,4.999995231628418,0.04999995231628418,-0.0016207548533826444
2010-09-30,2010,2.5169999599456787,42.9013786315918,1.099991798400879,0.010999917984008789,-0.004463227019360194
2010-10-01,2010,2.5260000228881836,42.84891891479492,0.9000062942504883,0.009000062942504883,-0.001222797925618302
2010-10-04,2010,2.4790000915527344,42.385555267333984,-4.699993133544922,-0.04699993133544922,-0.010813893540285946
2010-10-05,2010,2.4739999771118164,43.41722106933594,-0.5000114440917969,-0.005000114440917969,0.024340032718576765
2010-10-06,2010,2.3989999294281006,43.04127883911133,-7.500004768371582,-0.07500004768371582,-0.00865882755656433
2010-10-07,2010,2.3959999084472656,43.198646545410156,-0.3000020980834961,-0.003000020980834961,0.003656204242607819
2010-10-08,2010,2.38100004196167,43.49589538574219,-1.4999866485595703,-0.014999866485595703,0.006880975773617459
2010-10-12,2010,2.421999931335449,43.810646057128906,4.09998893737793,0.0409998893737793,0.007236330430615556
2010-10-13,2010,2.430999994277954,44.16908645629883,0.9000062942504883,0.009000062942504883,0.008181582136508991
2010-10-14,2010,2.494999885559082,44.0816650390625,6.399989128112793,0.06399989128112793,-0.0019792444048581936
2010-10-15,2010,2.5759999752044678,45.017181396484375,8.100008964538574,0.08100008964538574,0.02122234622020014
2010-10-18,2010,2.490999937057495,44.85103988647461,-8.500003814697266,-0.08500003814697266,-0.0036906244428430712
2010-10-19,2010,2.4749999046325684,44.43138885498047,-1.6000032424926758,-0.016000032424926758,-0.009356550763512828
2010-10-20,2010,2.4700000286102295,44.754878997802734,-0.4999876022338867,-0.004999876022338867,0.007280666914961875
2010-10-21,2010,2.5309998989105225,44.84230041503906,6.099987030029297,0.06099987030029297,0.0019533382548218015
2010-10-22,2010,2.562999963760376,45.14829635620117,3.2000064849853516,0.032000064849853516,0.006823823450847977
2010-10-25,2010,2.553999900817871,45.36687469482422,-0.9000062942504883,-0.009000062942504883,0.004841341894687545
2010-10-26,2010,2.635999917984009,45.489288330078125,8.20000171661377,0.0820000171661377,0.0026983043482136093
2010-10-27,2010,2.7119998931884766,45.6291618347168,7.599997520446777,0.07599997520446777,0.0030748668482944996
2010-10-28,2010,2.6610000133514404,45.72533416748047,-5.099987983703613,-0.05099987983703613,0.002107694485207423
2010-10-29,2010,2.611999988555908,45.62041091918945,-4.900002479553223,-0.04900002479553223,-0.0022946414761390033
2010-11-01,2010,2.628000020980835,45.655399322509766,1.6000032424926758,0.016000032424926758,0.0007669462553130391
2010-11-02,2010,2.5940001010894775,46.14500427246094,-3.399991989135742,-0.03399991989135742,0.010723922191384183
2010-11-03,2010,2.61899995803833,46.35482406616211,2.499985694885254,0.02499985694885254,0.004546966611213232
2010-11-04,2010,2.4839999675750732,46.92311477661133,-13.499999046325684,-0.13499999046325684,0.012259580785768831
2010-11-05,2010,2.5360000133514404,46.92311477661133,5.200004577636719,0.05200004577636719,0.0
2010-11-08,2010,2.562999963760376,46.98432159423828,2.6999950408935547,0.026999950408935547,0.0013044065364873347
2010-11-09,2010,2.6589999198913574,46.730770111083984,9.599995613098145,0.09599995613098145,-0.005396512592945268
2010-11-10,2010,2.6480000019073486,46.96682357788086,-1.099991798400879,-0.010999917984008789,0.005051349811606931
2010-11-11,2010,2.6480000019073486,46.66957092285156,0.0,0.0,-0.00632899209239457
2010-11-12,2010,2.75600004196167,45.908935546875,10.800004005432129,0.10800004005432129,-0.01629831517486957
2010-11-15,2010,2.9110000133514404,45.734073638916016,15.49999713897705,0.1549999713897705,-0.003808886132427136
2010-11-16,2010,2.8469998836517334,44.98219299316406,-6.400012969970703,-0.06400012969970703,-0.01644027277535498
2010-11-17,2010,2.864000082015991,45.11333465576172,1.7000198364257812,0.017000198364257812,0.0029154128305302063
2010-11-18,2010,2.9019999504089355,45.838993072509766,3.7999868392944336,0.037999868392944336,0.016085231169125525
2010-11-19,2010,2.875,45.873966217041016,-2.6999950408935547,-0.026999950408935547,0.0007629562123219191
2010-11-22,2010,2.812999963760376,46.25864028930664,-6.200003623962402,-0.06200003623962402,0.008385454844816342
2010-11-23,2010,2.76200008392334,45.52424240112305,-5.099987983703613,-0.05099987983703613,-0.015875907367587705
2010-11-24,2010,2.9140000343322754,46.4422607421875,15.199995040893555,0.15199995040893555,0.020165483106244997
2010-11-26,2010,2.864000082015991,46.13624954223633,-4.999995231628418,-0.04999995231628418,-0.006589067695259576
2010-11-29,2010,2.822000026702881,46.101280212402344,-4.200005531311035,-0.04200005531311035,-0.0007579577919955005
2010-11-30,2010,2.796999931335449,45.5417366027832,-2.500009536743164,-0.02500009536743164,-0.01213726835873441
2010-12-01,2010,2.9639999866485596,46.503448486328125,16.700005531311035,0.16700005531311035,0.021117154401313565
2010-12-02,2010,3.0,46.97557067871094,3.600001335144043,0.03600001335144043,0.01015241251456045
2010-12-03,2010,3.0169999599456787,47.09796905517578,1.699995994567871,0.01699995994567871,0.002605575082886835
2010-12-06,2010,2.940999984741211,47.08047866821289,-7.599997520446777,-0.07599997520446777,-0.00037136180845509514
2010-12-07,2010,3.1649999618530273,47.10670852661133,22.39999771118164,0.2239999771118164,0.000557128116374539
2010-12-08,2010,3.2360000610351562,47.281585693359375,7.100009918212891,0.0710000991821289,0.003712362256200752
2010-12-09,2010,3.2230000495910645,47.32528305053711,-1.3000011444091797,-0.013000011444091797,0.0009241939866637683
2010-12-10,2010,3.2960000038146973,47.64004135131836,7.299995422363281,0.07299995422363281,0.006650954426308031
2010-12-13,2010,3.2829999923706055,47.473915100097656,-1.3000011444091797,-0.013000011444091797,-0.0034871139173792143
2010-12-14,2010,3.4549999237060547,47.56135177612305,17.199993133544922,0.17199993133544922,0.0018417835529476179
2010-12-15,2010,3.5199999809265137,47.35151672363281,6.500005722045898,0.06500005722045898,-0.004411881594071465
2010-12-16,2010,3.4769999980926514,47.71870422363281,-4.2999982833862305,-0.042999982833862305,0.007754503454305173
2010-12-17,2010,3.3299999237060547,47.760780334472656,-14.700007438659668,-0.14700007438659668,0.00088175300491522
2010-12-20,2010,3.3489999771118164,47.795814514160156,1.9000053405761719,0.01900005340576172,0.0007335344908971919
2010-12-21,2010,3.3259999752044678,48.084896087646484,-2.3000001907348633,-0.023000001907348633,0.006048261263560617
2010-12-22,2010,3.3459999561309814,48.076148986816406,1.9999980926513672,0.019999980926513672,-0.00018190952963970108
2010-12-23,2010,3.3929998874664307,47.95347595214844,4.699993133544922,0.04699993133544922,-0.0025516402052421228
2010-12-27,2010,3.3510000705718994,47.979774475097656,-4.199981689453125,-0.04199981689453125,0.0005484174489345239
2010-12-28,2010,3.4809999465942383,47.89215850830078,12.999987602233887,0.12999987602233887,-0.0018261020972982767
2010-12-29,2010,3.3410000801086426,47.997276306152344,-13.99998664855957,-0.1399998664855957,0.00219488536590684
2010-12-30,2010,3.36899995803833,47.88340759277344,2.79998779296875,0.0279998779296875,-0.0023723994805995297
2010-12-31,2010,3.305000066757202,47.70820236206055,-6.399989128112793,-0.06399989128112793,-0.003658996707229578
2011-01-03,2011,3.3420000076293945,48.452823638916016,3.6999940872192383,0.03699994087219238,0.01560782506967029
2011-01-04,2011,3.3459999561309814,48.417789459228516,0.3999948501586914,0.003999948501586914,-0.0007230575445630327
2011-01-05,2011,3.4830000400543213,48.82950210571289,13.700008392333984,0.13700008392333984,0.008503334230718362
2011-01-06,2011,3.4189999103546143,48.9871940612793,-6.400012969970703,-0.06400012969970703,0.0032294401696952857
2011-01-07,2011,3.328000068664551,48.94340515136719,-9.099984169006348,-0.09099984169006348,-0.0008938848356436768
2011-01-10,2011,3.303999900817871,49.127376556396484,-2.4000167846679688,-0.024000167846679688,0.0037588599416065183
2011-01-11,2011,3.3410000801086426,49.197444915771484,3.7000179290771484,0.037000179290771484,0.0014262589270275239
2011-01-12,2011,3.3550000190734863,49.54785919189453,1.399993896484375,0.01399993896484375,0.007122611280381941
2011-01-13,2011,3.3010001182556152,49.565364837646484,-5.399990081787109,-0.053999900817871094,0.0003533078126374267
2011-01-14,2011,3.3329999446868896,49.93330001831055,3.1999826431274414,0.031999826431274414,0.0074232315623874445
2011-01-18,2011,3.364000082015991,50.073463439941406,3.1000137329101562,0.031000137329101562,0.0028070129869137705
2011-01-19,2011,3.3369998931884766,49.50404357910156,-2.700018882751465,-0.02700018882751465,-0.011371689148740649
2011-01-20,2011,3.4590001106262207,49.15364456176758,12.200021743774414,0.12200021743774414,-0.0070781898204757
2011-01-21,2011,3.4159998893737793,48.77696228027344,-4.300022125244141,-0.043000221252441406,-0.007663364229702041
2011-01-24,2011,3.4079999923706055,49.451515197753906,-0.7999897003173828,-0.007999897003173828,0.01382933429934563
2011-01-25,2011,3.319000005722046,49.521568298339844,-8.899998664855957,-0.08899998664855957,0.0014166017018042432
2011-01-26,2011,3.427999973297119,49.784385681152344,10.899996757507324,0.10899996757507324,0.005307129637518226
2011-01-27,2011,3.384999990463257,50.090999603271484,-4.2999982833862305,-0.042999982833862305,0.006158837111757798
2011-01-28,2011,3.3289999961853027,48.82075881958008,-5.59999942779541,-0.0559999942779541,-0.025358663108181356
2011-01-31,2011,3.378000020980835,49.05727767944336,4.900002479553223,0.04900002479553223,0.004844637108926353
2011-02-01,2011,3.443000078201294,49.977108001708984,6.500005722045898,0.06500005722045898,0.018750129762113987
2011-02-02,2011,3.489000082015991,49.89825439453125,4.600000381469727,0.046000003814697266,-0.001577794520944198
2011-02-03,2011,3.5409998893737793,49.98586654663086,5.199980735778809,0.051999807357788086,0.0017558159731778655
2011-02-04,2011,3.6519999504089355,50.26618957519531,11.100006103515625,0.11100006103515625,0.00560804579236307
2011-02-07,2011,3.6440000534057617,50.50271224975586,-0.7999897003173828,-0.007999897003173828,0.004705402907191125
2011-02-08,2011,3.7249999046325684,50.83561706542969,8.099985122680664,0.08099985122680664,0.006591820534855186
2011-02-09,2011,3.6419999599456787,50.74799728393555,-8.299994468688965,-0.08299994468688965,-0.0017235903988608303
2011-02-10,2011,3.7079999446868896,50.826847076416016,6.599998474121094,0.06599998474121094,0.0015537518069788092
2011-02-11,2011,3.6459999084472656,51.19477844238281,-6.200003623962402,-0.06200003623962402,0.007238917759616825
2011-02-14,2011,3.614000082015991,51.31742858886719,-3.1999826431274414,-0.031999826431274414,0.0023957550011162176
2011-02-15,2011,3.615999937057495,51.24733352661133,0.19998550415039062,0.0019998550415039062,-0.001365911429768385
2011-02-16,2011,3.621000051498413,51.580223083496094,0.5000114440917969,0.005000114440917969,0.006495743953427446
2011-02-17,2011,3.5739998817443848,51.562713623046875,-4.700016975402832,-0.04700016975402832,-0.00033946073519064424
2011-02-18,2011,3.5889999866485596,51.448822021484375,1.5000104904174805,0.015000104904174805,-0.0022087976671497644
2011-02-22,2011,3.4609999656677246,49.959571838378906,-12.800002098083496,-0.12800002098083496,-0.028946244531771304
2011-02-23,2011,3.486999988555908,49.54785919189453,2.6000022888183594,0.026000022888183594,-0.008240916231553763
2011-02-24,2011,3.437999963760376,49.810665130615234,-4.900002479553223,-0.04900002479553223,0.005304082618441175
2011-02-25,2011,3.424999952316284,50.50271224975586,-1.3000011444091797,-0.013000011444091797,0.013893553063905495
2011-02-28,2011,3.4140000343322754,50.607845306396484,-1.099991798400879,-0.010999917984008789,0.002081730900326706
2011-03-01,2011,3.4140000343322754,49.79313278198242,0.0,0.0,-0.016098542024097773
2011-03-02,2011,3.4639999866485596,50.055946350097656,4.999995231628418,0.04999995231628418,0.005278108715632612
2011-03-03,2011,3.572000026702881,51.045860290527344,10.800004005432129,0.10800004005432129,0.019776150739536646
2011-03-04,2011,3.492000102996826,50.783050537109375,-7.999992370605469,-0.07999992370605469,-0.005148502776173958
2011-03-07,2011,3.496999979019165,50.0997314453125,0.4999876022338867,0.004999876022338867,-0.013455652714236654
2011-03-08,2011,3.5439999103546143,50.30122375488281,4.699993133544922,0.04699993133544922,0.004021824144711417
2011-03-09,2011,3.4690001010894775,49.959571838378906,-7.499980926513672,-0.07499980926513672,-0.006792119376036854
2011-03-10,2011,3.3929998874664307,49.179927825927734,-7.6000213623046875,-0.07600021362304688,-0.015605498281157204
2011-03-11,2011,3.3929998874664307,49.48652648925781,0.0,0.0,0.006234223531504268
2011-03-14,2011,3.3469998836517334,49.31132507324219,-4.600000381469727,-0.046000003814697266,-0.0035403862110560125
2011-03-15,2011,3.322999954223633,48.610504150390625,-2.3999929428100586,-0.023999929428100586,-0.014212169756351756
2011-03-16,2011,3.2119998931884766,47.43665313720703,-11.100006103515625,-0.11100006103515625,-0.02414809378549021
2011-03-17,2011,3.247999906539917,47.8746452331543,3.600001335144043,0.03600001335144043,0.009233199793425628
2011-03-18,2011,3.2769999504089355,47.76675033569336,2.9000043869018555,0.029000043869018555,-0.002253696020836915
2011-03-21,2011,3.322999954223633,48.68785858154297,4.600000381469727,0.046000003814697266,0.019283460553131127
2011-03-22,2011,3.3320000171661377,48.60014724731445,0.9000062942504883,0.009000062942504883,-0.0018015032244972362
2011-03-23,2011,3.3480000495910645,48.87209701538086,1.6000032424926758,0.016000032424926758,0.005595657286438183
2011-03-24,2011,3.4040000438690186,49.74058532714844,5.59999942779541,0.0559999942779541,0.01777063733308304
2011-03-25,2011,3.444000005722046,49.8634033203125,3.9999961853027344,0.039999961853027344,0.002469170645184038
2011-03-28,2011,3.447999954223633,49.591434478759766,0.3999948501586914,0.003999948501586914,-0.005454277555137166
2011-03-29,2011,3.490999937057495,50.073944091796875,4.2999982833862305,0.042999982833862305,0.00972969663226353
2011-03-30,2011,3.4549999237060547,50.31082534790039,-3.600001335144043,-0.03600001335144043,0.0047306290806503615
2011-03-31,2011,3.4539999961853027,50.380985260009766,-0.09999275207519531,-0.0009999275207519531,0.0013945291420727202
2011-04-01,2011,3.4509999752044678,50.40729904174805,-0.3000020980834961,-0.003000020980834961,0.0005222958940258593
2011-04-04,2011,3.430999994277954,50.24060821533203,-1.9999980926513672,-0.019999980926513672,-0.003306878757339482
2011-04-05,2011,3.486999988555908,50.10902786254883,5.59999942779541,0.0559999942779541,-0.002619003978201251
2011-04-06,2011,3.5450000762939453,50.23185348510742,5.800008773803711,0.05800008773803711,0.0024511675400191724
2011-04-07,2011,3.555000066757202,50.19676208496094,0.9999990463256836,0.009999990463256836,-0.0006985885989034823
2011-04-08,2011,3.569999933242798,49.959896087646484,1.4999866485595703,0.014999866485595703,-0.004718750522464843
2011-04-11,2011,3.569999933242798,49.79320526123047,0.0,0.0,-0.0033364926565015995
2011-04-12,2011,3.5,49.45108413696289,-6.999993324279785,-0.06999993324279785,-0.006870839554768637
2011-04-13,2011,3.4660000801086426,49.872169494628906,-3.399991989135742,-0.03399991989135742,0.008515189606354223
2011-04-14,2011,3.484999895095825,49.78444290161133,1.8999814987182617,0.018999814987182617,-0.0017590290117021068
2011-04-15,2011,3.4100000858306885,49.69672775268555,-7.499980926513672,-0.07499980926513672,-0.0017618987742643588
2011-04-18,2011,3.371000051498413,49.34581756591797,-3.900003433227539,-0.03900003433227539,-0.007061032036432491
2011-04-19,2011,3.3559999465942383,49.652835845947266,-1.5000104904174805,-0.015000104904174805,0.00622176904089522
2011-04-20,2011,3.4000000953674316,50.7757453918457,4.400014877319336,0.04400014877319336,0.02261521475595818
2011-04-21,2011,3.4000000953674316,51.17928695678711,0.0,0.0,0.007947526162879637
2011-04-25,2011,3.36299991607666,51.31087112426758,-3.7000179290771484,-0.037000179290771484,0.002571043390885208
2011-04-26,2011,3.319999933242798,51.60036849975586,-4.2999982833862305,-0.042999982833862305,0.005642028076022321
2011-04-27,2011,3.368000030517578,51.95127487182617,4.800009727478027,0.04800009727478027,0.006800462521347583
2011-04-28,2011,3.312000036239624,51.8723258972168,-5.59999942779541,-0.0559999942779541,-0.0015196734787386035
2011-04-29,2011,3.2960000038146973,51.828468322753906,-1.6000032424926758,-0.016000032424926758,-0.0008454908027412111
2011-05-02,2011,3.2860000133514404,51.73195266723633,-0.9999990463256836,-0.009999990463256836,-0.0018622131550665166
2011-05-03,2011,3.255000114440918,51.486324310302734,-3.099989891052246,-0.03099989891052246,-0.004748097534875373
2011-05-04,2011,3.2230000495910645,51.40738296508789,-3.2000064849853516,-0.032000064849853516,-0.0015332488048490633
2011-05-05,2011,3.1679999828338623,51.12663269042969,-5.500006675720215,-0.05500006675720215,-0.0054612831555511665
2011-05-06,2011,3.1570000648498535,51.29331970214844,-1.099991798400879,-0.010999917984008789,0.003260277529483213
2011-05-09,2011,3.1419999599456787,51.486324310302734,-1.5000104904174805,-0.015000104904174805,0.0037627630513104027
2011-05-10,2011,3.194999933242798,51.924949645996094,5.299997329711914,0.05299997329711914,0.008519259076445351
2011-05-11,2011,3.1570000648498535,51.547725677490234,-3.7999868392944336,-0.037999868392944336,-0.0072647921871398236
2011-05-12,2011,3.2300000190734863,51.85478973388672,7.299995422363281,0.07299995422363281,0.005956888540876504
2011-05-13,2011,3.187000036239624,51.240699768066406,-4.2999982833862305,-0.042999982833862305,-0.01184249264092585
2011-05-16,2011,3.1489999294281006,50.35464859008789,-3.8000106811523438,-0.03800010681152344,-0.017291941405739975
2011-05-17,2011,3.121000051498413,50.49502944946289,-2.79998779296875,-0.0279998779296875,0.002787843095039211
2011-05-18,2011,3.1710000038146973,50.916107177734375,4.999995231628418,0.04999995231628418,0.008338993617043267
2011-05-19,2011,3.1710000038146973,51.06524658203125,0.0,0.0,0.002929120322892498
2011-05-20,2011,3.1519999504089355,50.67925262451172,-1.9000053405761719,-0.01900005340576172,-0.007558838610511209
2011-05-23,2011,3.134000062942505,49.933563232421875,-1.7999887466430664,-0.017999887466430664,-0.014713898754875943
2011-05-24,2011,3.122999906539917,49.62653732299805,-1.100015640258789,-0.01100015640258789,-0.0061486881678108896
2011-05-25,2011,3.128999948501587,49.81953811645508,0.6000041961669922,0.006000041961669922,0.003889064276253462
2011-05-26,2011,3.061000108718872,50.126564025878906,-6.799983978271484,-0.06799983978271484,0.006162761057843191
2011-05-27,2011,3.063999891281128,50.380985260009766,0.29997825622558594,0.0029997825622558594,0.005075576973508689
2011-05-31,2011,3.049999952316284,51.19683837890625,-1.399993896484375,-0.01399993896484375,0.016193671375936303
2011-06-01,2011,2.9660000801086426,50.08271026611328,-8.39998722076416,-0.0839998722076416,-0.021761658494365177
2011-06-02,2011,3.0299999713897705,50.187984466552734,6.399989128112793,0.06399989128112793,0.0021020068578574413
2011-06-03,2011,2.996999979019165,49.433536529541016,-3.299999237060547,-0.03299999237060547,-0.015032441430568144
2011-06-06,2011,3.002000093460083,49.02999496459961,0.5000114440917969,0.005000114440917969,-0.008163315701684715
2011-06-07,2011,3.010999917984009,48.94227981567383,0.8999824523925781,0.008999824523925781,-0.0017890099517471336
2011-06-08,2011,2.9619998931884766,48.59136962890625,-4.900002479553223,-0.04900002479553223,-0.007169878233894589
2011-06-09,2011,2.997999906539917,48.67909240722656,3.600001335144043,0.03600001335144043,0.0018053160260813605
2011-06-10,2011,2.9709999561309814,47.933433532714844,-2.6999950408935547,-0.026999950408935547,-0.015317846690194759
2011-06-13,2011,2.990999937057495,47.933433532714844,1.9999980926513672,0.019999980926513672,0.0
2011-06-14,2011,3.0989999771118164,48.547508239746094,10.800004005432129,0.10800004005432129,0.012810989361155212
2011-06-15,2011,2.9730000495910645,47.62639236450195,-12.599992752075195,-0.12599992752075195,-0.018973494390182033
2011-06-16,2011,2.9089999198913574,47.442161560058594,-6.400012969970703,-0.06400012969970703,-0.0038682502557274567
2011-06-17,2011,2.944000005722046,47.2935791015625,3.5000085830688477,0.03500008583068848,-0.003131865277849921
2011-06-20,2011,2.9630000591278076,47.53976058959961,1.9000053405761719,0.01900005340576172,0.005205389245513281
2011-06-21,2011,2.984999895095825,48.55965805053711,2.199983596801758,0.021999835968017578,0.02145356746202509
2011-06-22,2011,2.993000030517578,48.20797348022461,0.800013542175293,0.00800013542175293,-0.007242319745054515
2011-06-23,2011,2.9089999198913574,48.6563720703125,-8.40001106262207,-0.0840001106262207,0.009301336640334501
2011-06-24,2011,2.871000051498413,47.81233596801758,-3.7999868392944336,-0.037999868392944336,-0.017346877014899897
2011-06-27,2011,2.927000045776367,48.577247619628906,5.59999942779541,0.0559999942779541,0.015998207076161064
2011-06-28,2011,3.0450000762939453,49.2982177734375,11.800003051757812,0.11800003051757812,0.014841725069603795
2011-06-29,2011,3.1080000400543213,49.50043869018555,6.299996376037598,0.06299996376037598,0.004101992442757441
2011-06-30,2011,3.1579999923706055,50.15986251831055,4.999995231628418,0.04999995231628418,0.013321575435971678
2011-07-01,2011,3.197000026702881,50.91598892211914,3.900003433227539,0.03900003433227539,0.015074331663739615
2011-07-05,2011,3.135999917984009,51.17097473144531,-6.100010871887207,-0.06100010871887207,0.005007971262547706
2011-07-06,2011,3.0950000286102295,51.33802795410156,-4.09998893737793,-0.0409998893737793,0.003264608961095261
2011-07-07,2011,3.1489999294281006,52.04138946533203,5.399990081787109,0.053999900817871094,0.01370059465196638
2011-07-08,2011,3.0160000324249268,51.90072250366211,-13.299989700317383,-0.13299989700317383,-0.002702982436001755
2011-07-11,2011,2.9170000553131104,50.9599494934082,-9.89999771118164,-0.0989999771118164,-0.018126395257552108
2011-07-12,2011,2.9079999923706055,50.57307815551758,-0.9000062942504883,-0.009000062942504883,-0.007591674280224114
2011-07-13,2011,2.8910000324249268,50.78410339355469,-1.699995994567871,-0.01699995994567871,0.004172679333225071
2011-07-14,2011,2.944000005722046,50.195003509521484,5.299997329711914,0.05299997329711914,-0.011600084370259278
2011-07-15,2011,2.9079999923706055,50.863243103027344,-3.600001335144043,-0.03600001335144043,0.013312870739795812
2011-07-18,2011,2.9089999198913574,50.59067153930664,0.09999275207519531,0.0009999275207519531,-0.005358910425129371
2011-07-19,2011,2.8910000324249268,51.74247360229492,-1.7999887466430664,-0.017999887466430664,0.022767083890028683
2011-07-20,2011,2.933000087738037,51.522647857666016,4.200005531311035,0.04200005531311035,-0.004248458361665097
2011-07-21,2011,3.009999990463257,51.86553955078125,7.699990272521973,0.07699990272521973,0.006655164425215299
2011-07-22,2011,2.9639999866485596,52.401885986328125,-4.600000381469727,-0.046000003814697266,0.010341094302542375
2011-07-25,2011,3.003999948501587,52.296356201171875,3.9999961853027344,0.039999961853027344,-0.002013854714767005
2011-07-26,2011,2.9509999752044678,52.428245544433594,-5.299997329711914,-0.05299997329711914,0.002521960473773177
2011-07-27,2011,2.9800000190734863,51.074241638183594,2.9000043869018555,0.029000043869018555,-0.02582584811277855
2011-07-28,2011,2.9509999752044678,51.16215896606445,-2.9000043869018555,-0.029000043869018555,0.0017213633538344375
2011-07-29,2011,2.805000066757202,50.99512481689453,-14.599990844726562,-0.14599990844726562,-0.0032647986821806585
2011-08-01,2011,2.740000009536743,50.75772476196289,-6.500005722045898,-0.06500005722045898,-0.004655348051094355
2011-08-02,2011,2.624000072479248,49.47404861450195,-11.599993705749512,-0.11599993705749512,-0.025290261797213276
2011-08-03,2011,2.5989999771118164,49.9488410949707,-2.500009536743164,-0.02500009536743164,0.009596798599772915
2011-08-04,2011,2.4579999446868896,47.627685546875,-14.100003242492676,-0.14100003242492676,-0.046470658722238434
2011-08-05,2011,2.558000087738037,47.328758239746094,10.000014305114746,0.10000014305114746,-0.0062763349446133265
2011-08-08,2011,2.3389999866485596,44.48005676269531,-21.900010108947754,-0.21900010108947754,-0.060189651767759145
2011-08-09,2011,2.181999921798706,46.62535095214844,-15.700006484985352,-0.15700006484985352,0.04823047328600416
2011-08-10,2011,2.13700008392334,44.717445373535156,-4.499983787536621,-0.04499983787536621,-0.040919918877851735
2011-08-11,2011,2.3359999656677246,46.68692398071289,19.899988174438477,0.19899988174438477,0.044042735239596675
2011-08-12,2011,2.236999988555908,47.100135803222656,-9.89999771118164,-0.0989999771118164,0.008850697096267623
2011-08-15,2011,2.2850000858306885,47.794742584228516,4.800009727478027,0.04800009727478027,0.01474744752133672
2011-08-16,2011,2.2139999866485596,47.390296936035156,-7.100009918212891,-0.0710000991821289,-0.008462136760766237
2011-08-17,2011,2.1649999618530273,47.10892868041992,-4.900002479553223,-0.04900002479553223,-0.005937254539573944
2011-08-18,2011,2.0829999446868896,44.79657745361328,-8.20000171661377,-0.0820000171661377,-0.049085200864857126
2011-08-19,2011,2.071000099182129,43.98768997192383,-1.1999845504760742,-0.011999845504760742,-0.018056903622314713
2011-08-22,2011,2.0880000591278076,44.14594268798828,1.699995994567871,0.01699995994567871,0.003597659167041023
2011-08-23,2011,2.13700008392334,45.9659423828125,4.900002479553223,0.04900002479553223,0.0412268848280688
2011-08-24,2011,2.259999990463257,46.326446533203125,12.2999906539917,0.12299990653991699,0.007842853462859178
2011-08-25,2011,2.2219998836517334,45.57029342651367,-3.8000106811523438,-0.03800010681152344,-0.016322277301098476
2011-08-26,2011,2.187999963760376,46.713294982910156,-3.399991989135742,-0.03399991989135742,0.025082163630121945
2011-08-29,2011,2.2709999084472656,48.01453399658203,8.299994468688965,0.08299994468688965,0.027855860181730474
2011-08-30,2011,2.1760001182556152,48.3310432434082,-9.499979019165039,-0.09499979019165039,0.006591946656166803
2011-08-31,2011,2.2179999351501465,48.410194396972656,4.199981689453125,0.04199981689453125,0.001637687669306498
2011-09-01,2011,2.1459999084472656,47.97058868408203,-7.200002670288086,-0.07200002670288086,-0.009080849981426997
2011-09-02,2011,1.996000051498413,46.84516143798828,-14.999985694885254,-0.14999985694885254,-0.023460776216556956
2011-09-06,2011,1.9789999723434448,46.85395812988281,-1.7000079154968262,-0.01700007915496826,0.0001877822943607832
2011-09-07,2011,2.0360000133514404,48.04092025756836,5.7000041007995605,0.057000041007995605,0.025333230639665416
2011-09-08,2011,1.9859999418258667,47.82110595703125,-5.000007152557373,-0.05000007152557373,-0.004575563901744406
2011-09-09,2011,1.9149999618530273,46.75725555419922,-7.0999979972839355,-0.07099997997283936,-0.02224646171479039
2011-09-12,2011,1.9299999475479126,47.35514450073242,1.4999985694885254,0.014999985694885254,0.01278708383215843
2011-09-13,2011,1.99399995803833,47.9881477355957,6.400001049041748,0.06400001049041748,0.013367148206115065
2011-09-14,2011,2.010999917984009,48.67394256591797,1.699995994567871,0.01699995994567871,0.014290921043688565
2011-09-15,2011,2.0850000381469727,49.394935607910156,7.400012016296387,0.07400012016296387,0.014812710949308583
2011-09-16,2011,2.0759999752044678,49.84769821166992,-0.9000062942504883,-0.009000062942504883,0.009166174592345477
2011-09-19,2011,1.940000057220459,49.86530303955078,-13.599991798400879,-0.1359999179840088,0.00035317233317577745
2011-09-20,2011,1.9470000267028809,49.645076751708984,0.6999969482421875,0.006999969482421875,-0.004416423332815667
2011-09-21,2011,1.875,48.78185272216797,-7.200002670288086,-0.07200002670288086,-0.017387908046920253
2011-09-22,2011,1.715000033378601,47.19630813598633,-15.999996662139893,-0.15999996662139893,-0.032502754563504266
2011-09-23,2011,1.8079999685287476,47.69839859008789,9.299993515014648,0.09299993515014648,0.010638341724841904
2011-09-26,2011,1.9040000438690186,48.25333786010742,9.6000075340271,0.096000075340271,0.01163433755478005
2011-09-27,2011,2.0160000324249268,48.755428314208984,11.19999885559082,0.1119999885559082,0.01040529995162598
2011-09-28,2011,2.002000093460083,48.033119201660156,-1.399993896484375,-0.01399993896484375,-0.01481494753556134
2011-09-29,2011,1.9570000171661377,47.46056365966797,-4.500007629394531,-0.04500007629394531,-0.01192001584549185
2011-09-30,2011,1.9240000247955322,46.23617172241211,-3.299999237060547,-0.03299999237060547,-0.025798090937894758
2011-10-03,2011,1.784999966621399,45.04701232910156,-13.90000581741333,-0.1390000581741333,-0.02571924424128147
2011-10-04,2011,1.781000018119812,45.9719123840332,-0.3999948501586914,-0.003999948501586914,0.020531884515993415
2011-10-05,2011,1.9049999713897705,47.15225601196289,12.39999532699585,0.1239999532699585,0.025675321445614685
2011-10-06,2011,1.9859999418258667,47.945037841796875,8.09999704360962,0.08099997043609619,0.016813232215927343
2011-10-07,2011,2.068000078201294,47.627933502197266,8.200013637542725,0.08200013637542725,-0.0066139136368178475
2011-10-10,2011,2.0759999752044678,49.27512741088867,0.7999897003173828,0.007999897003173828,0.034584618470071105
2011-10-11,2011,2.1600000858306885,49.6098518371582,8.40001106262207,0.0840001106262207,0.0067929692698383
2011-10-12,2011,2.2260000705718994,49.85648727416992,6.599998474121094,0.06599998474121094,0.0049715011812832
2011-10-13,2011,2.1689999103546143,50.31454086303711,-5.700016021728516,-0.057000160217285156,0.009187442074453989
2011-10-14,2011,2.2320001125335693,51.24825668334961,6.300020217895508,0.06300020217895508,0.018557574098791774
2011-10-17,2011,2.1549999713897705,50.455482482910156,-7.700014114379883,-0.07700014114379883,-0.015469291089018067
2011-10-18,2011,2.1510000228881836,51.08088684082031,-0.3999948501586914,-0.003999948501586914,0.012395171488489565
2011-10-19,2011,2.1589999198913574,50.09433364868164,0.7999897003173828,0.007999897003173828,-0.019313548631467503
2011-10-20,2011,2.180000066757202,49.84769821166992,2.1000146865844727,0.021000146865844727,-0.004923419857052247
2011-10-21,2011,2.203000068664551,50.473087310791016,2.3000001907348633,0.023000001907348633,0.012545997539655351
2011-10-24,2011,2.2339999675750732,51.521305084228516,3.099989891052246,0.03099989891052246,0.020767855292525228
2011-10-25,2011,2.128000020980835,50.508331298828125,-10.599994659423828,-0.10599994659423828,-0.019661260205741105
2011-10-26,2011,2.203000068664551,50.44666290283203,7.500004768371582,0.07500004768371582,-0.0012209549278363596
2011-10-27,2011,2.3949999809265137,51.83842849731445,19.19999122619629,0.1919999122619629,0.027588853541475666
2011-10-28,2011,2.305999994277954,51.91769027709961,-8.899998664855957,-0.08899998664855957,0.001529015868782846
2011-10-31,2011,2.174999952316284,51.045650482177734,-13.100004196166992,-0.13100004196166992,-0.016796583019536238
2011-11-01,2011,2.000999927520752,49.71556091308594,-17.400002479553223,-0.17400002479553223,-0.026056863935080776
2011-11-02,2011,2.00600004196167,50.13836669921875,0.5000114440917969,0.005000114440917969,0.008504495943875146
2011-11-03,2011,2.065999984741211,51.17776107788086,5.999994277954102,0.059999942779541016,0.02073051930266212
2011-11-04,2011,2.049999952316284,50.91352844238281,-1.6000032424926758,-0.016000032424926758,-0.00516303624724701
2011-11-07,2011,1.99399995803833,51.2746696472168,-5.59999942779541,-0.0559999942779541,0.007093226807933339
2011-11-08,2011,2.065000057220459,51.86482620239258,7.100009918212891,0.0710000991821289,0.01150970955515107
2011-11-09,2011,1.9550000429153442,50.04146957397461,-11.000001430511475,-0.11000001430511475,-0.03515593827120267
2011-11-10,2011,2.055999994277954,50.015045166015625,10.099995136260986,0.10099995136260986,-0.0005280501988440545
2011-11-11,2011,2.055999994277954,50.95757293701172,0.0,0.0,0.01884488493147507
2011-11-14,2011,2.0429999828338623,50.640472412109375,-1.3000011444091797,-0.013000011444091797,-0.006222834146640155
2011-11-15,2011,2.056999921798706,51.20420837402344,1.399993896484375,0.01399993896484375,0.011132122886343021
2011-11-16,2011,2.0239999294281006,50.358577728271484,-3.299999237060547,-0.03299999237060547,-0.016514866113640614
2011-11-17,2011,1.9579999446868896,49.17824172973633,-6.599998474121094,-0.06599998474121094,-0.023438628566996078
2011-11-18,2011,2.01200008392334,48.79946517944336,5.4000139236450195,0.054000139236450195,-0.007702116565585504
2011-11-21,2011,1.9620000123977661,47.86577606201172,-5.000007152557373,-0.05000007152557373,-0.01913318340679182
2011-11-22,2011,1.9390000104904175,48.024314880371094,-2.3000001907348633,-0.023000001907348633,0.003312153931317896
2011-11-23,2011,1.878999948501587,46.94086456298828,-6.000006198883057,-0.060000061988830566,-0.022560453388698942
2011-11-25,2011,1.9670000076293945,46.5797119140625,8.800005912780762,0.08800005912780762,-0.0076937792324034415
2011-11-28,2011,1.9579999446868896,48.20048141479492,-0.9000062942504883,-0.009000062942504883,0.03479561023740696
2011-11-29,2011,1.996000051498413,47.901004791259766,3.8000106811523438,0.03800010681152344,-0.006213145901136863
2011-11-30,2011,2.068000078201294,49.6715202331543,7.200002670288086,0.07200002670288086,0.03696196874387048
2011-12-01,2011,2.117000102996826,50.015045166015625,4.900002479553223,0.04900002479553223,0.006915933541974395
2011-12-02,2011,2.0420000553131104,49.874122619628906,-7.500004768371582,-0.07500004768371582,-0.0028176031016057257
2011-12-05,2011,2.053999900817871,50.42024612426758,1.1999845504760742,0.011999845504760742,0.010950037333062435
2011-12-06,2011,2.0929999351501465,50.2793083190918,3.900003433227539,0.03900003433227539,-0.002795262141886856
2011-12-07,2011,2.0169999599456787,50.2793083190918,-7.599997520446777,-0.07599997520446777,0.0
2011-12-08,2011,1.972000002861023,49.43367004394531,-4.499995708465576,-0.04499995708465576,-0.016818812816193462
2011-12-09,2011,2.052000045776367,50.22645568847656,8.000004291534424,0.08000004291534424,0.01603736165707459
2011-12-12,2011,2.009000062942505,49.66271209716797,-4.2999982833862305,-0.042999982833862305,-0.011224036886161026
2011-12-13,2011,1.9620000123977661,49.1165771484375,-4.700005054473877,-0.04700005054473877,-0.010996881275068593
2011-12-14,2011,1.9010000228881836,48.3502311706543,-6.099998950958252,-0.06099998950958252,-0.015602593305050427
2011-12-15,2011,1.9129999876022339,48.218109130859375,1.1999964714050293,0.011999964714050293,-0.002732604097146707
2011-12-16,2011,1.8539999723434448,48.46636199951172,-5.900001525878906,-0.05900001525878906,0.005148540105100574
2011-12-19,2011,1.812999963760376,47.98927688598633,-4.100000858306885,-0.04100000858306885,-0.009843633684124997
2011-12-20,2011,1.9249999523162842,49.41163635253906,11.19999885559082,0.1119999885559082,0.029639110210641473
2011-12-21,2011,1.9670000076293945,48.704872131347656,4.200005531311035,0.04200005531311035,-0.014303598774766946
2011-12-22,2011,1.9509999752044678,49.12010955810547,-1.6000032424926758,-0.016000032424926758,0.008525582936302456
2011-12-23,2011,2.0299999713897705,49.54417037963867,7.899999618530273,0.07899999618530273,0.008633140791992178
2011-12-27,2011,2.009000062942505,49.72897720336914,-2.0999908447265625,-0.020999908447265625,0.003730142664906122
2011-12-28,2011,1.9079999923706055,49.15422439575195,-10.100007057189941,-0.10100007057189941,-0.01155770417852564
2011-12-29,2011,1.8969999551773071,49.50791549682617,-1.100003719329834,-0.01100003719329834,0.0071955382354642605
2011-12-30,2011,1.871000051498413,49.36643981933594,-2.5999903678894043,-0.025999903678894043,-0.0028576375327153958
2012-01-03,2012,1.9600000381469727,50.312557220458984,8.899998664855957,0.08899998664855957,0.019165194099179717
2012-01-04,2012,1.9950000047683716,50.524784088134766,3.4999966621398926,0.034999966621398926,0.004218168970141045
2012-01-05,2012,1.9930000305175781,50.940364837646484,-0.1999974250793457,-0.001999974250793457,0.008225285016295825
2012-01-06,2012,1.9609999656677246,51.1171989440918,-3.2000064849853516,-0.032000064849853516,0.003471394580877085
2012-01-09,2012,1.9600000381469727,50.94919204711914,-0.09999275207519531,-0.0009999275207519531,-0.003286699984410557
2012-01-10,2012,1.972000002861023,51.32058334350586,1.1999964714050293,0.011999964714050293,0.007289444277021051
2012-01-11,2012,1.9040000438690186,51.42670440673828,-6.7999958992004395,-0.0679999589920044,0.0020678070341118016
2012-01-12,2012,1.9329999685287476,51.630069732666016,2.8999924659729004,0.028999924659729004,0.003954469341828748
2012-01-13,2012,1.8530000448226929,51.44437789916992,-7.999992370605469,-0.07999992370605469,-0.003596583046615698
2012-01-17,2012,1.850000023841858,51.91299819946289,-0.3000020980834961,-0.003000020980834961,0.009109261680867453
2012-01-18,2012,1.8969999551773071,52.602718353271484,4.699993133544922,0.04699993133544922,0.01328607820258254
2012-01-19,2012,1.972000002861023,52.92987060546875,7.500004768371582,0.07500004768371582,0.006219303154642475
2012-01-20,2012,2.0280001163482666,52.85028839111328,5.600011348724365,0.05600011348724365,-0.0015035406934708062
2012-01-23,2012,2.066999912261963,52.86796951293945,3.899979591369629,0.03899979591369629,0.00033455109450541975
2012-01-24,2012,2.063999891281128,52.77070999145508,-0.3000020980834961,-0.003000020980834961,-0.0018396681843544371
2012-01-25,2012,2.006999969482422,53.433895111083984,-5.6999921798706055,-0.056999921798706055,0.012567295754335905
2012-01-26,2012,1.930999994277954,53.24818801879883,-7.599997520446777,-0.07599997520446777,-0.0034754548942967922
2012-01-27,2012,1.8980000019073486,53.40736389160156,-3.299999237060547,-0.03299999237060547,0.0029893199886263933
2012-01-30,2012,1.8370000123977661,53.451568603515625,-6.099998950958252,-0.06099998950958252,0.0008276894550305336
2012-01-31,2012,1.7990000247955322,53.52229309082031,-3.7999987602233887,-0.03799998760223389,0.0013231508289175409
2012-02-01,2012,1.8459999561309814,53.9555778503418,4.699993133544922,0.04699993133544922,0.008095407249951947
2012-02-02,2012,1.8250000476837158,54.123592376708984,-2.0999908447265625,-0.020999908447265625,0.0031139417472871855
2012-02-03,2012,1.9490000009536743,54.866329193115234,12.39999532699585,0.1239999532699585,0.013722977056598085
2012-02-06,2012,1.9010000228881836,54.82212448120117,-4.799997806549072,-0.04799997806549072,-0.0008056801423415028
2012-02-07,2012,1.965999960899353,54.937076568603516,6.499993801116943,0.06499993801116943,0.0020968192767094607
2012-02-08,2012,1.975000023841858,55.2288818359375,0.9000062942504883,0.009000062942504883,0.005311627148007814
2012-02-09,2012,2.046999931335449,55.626766204833984,7.199990749359131,0.07199990749359131,0.007204280725408019
2012-02-10,2012,1.968999981880188,55.23771286010742,-7.799994945526123,-0.07799994945526123,-0.006993995359966698
2012-02-13,2012,1.9900000095367432,55.75056457519531,2.1000027656555176,0.021000027656555176,0.009284448767578724
2012-02-14,2012,1.9240000247955322,55.892032623291016,-6.599998474121094,-0.06599998474121094,0.0025375177663877757
2012-02-15,2012,1.930999994277954,55.50297546386719,0.6999969482421875,0.006999969482421875,-0.006960869754837007
2012-02-16,2012,1.9930000305175781,56.263404846191406,6.200003623962402,0.06200003623962402,0.013700695790971773
2012-02-17,2012,2.009999990463257,56.08658218383789,1.699995994567871,0.01699995994567871,-0.0031427650501583138
2012-02-21,2012,2.0450000762939453,56.2457275390625,3.5000085830688477,0.03500008583068848,0.0028374942638325074
2012-02-22,2012,2.005000114440918,55.98930358886719,-3.9999961853027344,-0.039999961853027344,-0.004558994281249618
2012-02-23,2012,1.9839999675750732,56.360687255859375,-2.1000146865844727,-0.021000146865844727,0.0066331181705576725
2012-02-24,2012,1.9769999980926514,56.555206298828125,-0.6999969482421875,-0.006999969482421875,0.0034513248939938013
2012-02-27,2012,1.9220000505447388,56.63479232788086,-5.49999475479126,-0.0549999475479126,0.001407227278638512
2012-02-28,2012,1.9290000200271606,57.209529876708984,0.6999969482421875,0.006999969482421875,0.010148135540088976
2012-02-29,2012,1.9769999980926514,56.9531135559082,4.799997806549072,0.04799997806549072,-0.004482056072709906
2012-03-01,2012,2.0369999408721924,57.404052734375,5.999994277954102,0.059999942779541016,0.007917726535251246
2012-03-02,2012,1.9859999418258667,57.3598518371582,-5.099999904632568,-0.050999999046325684,-0.0007699961084860485
2012-03-05,2012,2.005000114440918,56.76741409301758,1.900017261505127,0.01900017261505127,-0.010328439233464715
2012-03-06,2012,1.944000005722046,56.210357666015625,-6.100010871887207,-0.06100010871887207,-0.009812961113380592
2012-03-07,2012,1.972000002861023,56.64363098144531,2.799999713897705,0.02799999713897705,0.007708069000451179
2012-03-08,2012,2.0139999389648438,57.25375747680664,4.19999361038208,0.0419999361038208,0.010771316823972477
2012-03-09,2012,2.0380001068115234,57.49248504638672,2.4000167846679688,0.024000167846679688,0.004169640214038095
2012-03-12,2012,2.0309998989105225,57.51902389526367,-0.7000207901000977,-0.0070002079010009766,0.0004616055273232167
2012-03-13,2012,2.1070001125335693,58.58892059326172,7.6000213623046875,0.07600021362304688,0.018600745032569144
2012-03-14,2012,2.2739999294281006,58.792293548583984,16.699981689453125,0.16699981689453125,0.0034711845390382745
2012-03-15,2012,2.2809998989105225,58.96030044555664,0.6999969482421875,0.006999969482421875,0.002857634680195398
2012-03-16,2012,2.2980000972747803,58.91867446899414,1.7000198364257812,0.017000198364257812,-0.0007060000754395279
2012-03-19,2012,2.378999948501587,59.33496856689453,8.099985122680664,0.08099985122680664,0.007065571343080057
2012-03-20,2012,2.371999979019165,59.441253662109375,-0.6999969482421875,-0.006999969482421875,0.0017912724617865639
2012-03-21,2012,2.2939999103546143,59.45011520385742,-7.800006866455078,-0.07800006866455078,0.00014908066708052559
2012-03-22,2012,2.2750000953674316,59.326133728027344,-1.8999814987182617,-0.018999814987182617,-0.0020854707413928697
2012-03-23,2012,2.236999988555908,59.29069519042969,-3.8000106811523438,-0.03800010681152344,-0.0005973512071445475
2012-03-26,2012,2.24399995803833,60.32698440551758,0.6999969482421875,0.006999969482421875,0.017478108694113592
2012-03-27,2012,2.187000036239624,60.41556167602539,-5.6999921798706055,-0.056999921798706055,0.0014682860643653317
2012-03-28,2012,2.196000099182129,60.176422119140625,0.9000062942504883,0.009000062942504883,-0.003958244370335207
2012-03-29,2012,2.1589999198913574,59.94611358642578,-3.7000179290771484,-0.037000179290771484,-0.003827222101354999
2012-03-30,2012,2.2160000801086426,59.83097457885742,5.700016021728516,0.057000160217285156,-0.0019207084609806913
2012-04-02,2012,2.193000078201294,60.45098876953125,-2.3000001907348633,-0.023000001907348633,0.010362762683342908
2012-04-03,2012,2.2839999198913574,60.433284759521484,9.099984169006348,0.09099984169006348,-0.0002928655158521698
2012-04-04,2012,2.243000030517578,59.609554290771484,-4.09998893737793,-0.0409998893737793,-0.013630410328146492
2012-04-05,2012,2.174999952316284,59.981571197509766,-6.8000078201293945,-0.06800007820129395,0.006240893950047122
2012-04-09,2012,2.0369999408721924,59.52983856201172,-13.80000114440918,-0.1380000114440918,-0.00753119043865258
2012-04-10,2012,1.9880000352859497,58.573246002197266,-4.899990558624268,-0.048999905586242676,-0.016069127397649097
2012-04-11,2012,2.0280001163482666,58.856685638427734,4.0000081062316895,0.040000081062316895,0.00483906314872562
2012-04-12,2012,2.0490000247955322,59.52983856201172,2.0999908447265625,0.020999908447265625,0.011437153082648033
2012-04-13,2012,1.9980000257492065,58.62639617919922,-5.099999904632568,-0.050999999046325684,-0.015176294857097483
2012-04-16,2012,1.9739999771118164,57.97095489501953,-2.4000048637390137,-0.024000048637390137,-0.011179968868907597
2012-04-17,2012,2.009000062942505,59.148956298828125,3.5000085830688477,0.03500008583068848,0.02032054510645631
2012-04-18,2012,1.9819999933242798,58.9984016418457,-2.7000069618225098,-0.027000069618225098,-0.0025453476511368978
2012-04-19,2012,1.9520000219345093,58.33408737182617,-2.999997138977051,-0.029999971389770508,-0.01125986893767561
2012-04-20,2012,1.9700000286102295,58.1746826171875,1.8000006675720215,0.018000006675720215,-0.002732617613825261
2012-04-23,2012,1.9329999685287476,57.64323043823242,-3.7000060081481934,-0.037000060081481934,-0.009135454720952119
2012-04-24,2012,1.9609999656677246,57.333229064941406,2.799999713897705,0.02799999713897705,-0.005377931995383167
2012-04-25,2012,1.9839999675750732,58.856685638427734,2.3000001907348633,0.023000001907348633,0.0265719653041121
2012-04-26,2012,1.9589999914169312,59.20209503173828,-2.499997615814209,-0.02499997615814209,0.0058686517863490995
2012-04-27,2012,1.9329999685287476,59.556396484375,-2.6000022888183594,-0.026000022888183594,0.0059846100454177265
2012-04-30,2012,1.9149999618530273,59.13125228881836,-1.8000006675720215,-0.018000006675720215,-0.007138514427550646
2012-05-01,2012,1.9559999704360962,59.22868347167969,4.100000858306885,0.04100000858306885,0.0016477104591907654
2012-05-02,2012,1.9220000505447388,59.39699172973633,-3.399991989135742,-0.03399991989135742,0.0028416680599885336
2012-05-03,2012,1.9240000247955322,58.768104553222656,0.1999974250793457,0.001999974250793457,-0.01058786241860843
2012-05-04,2012,1.8799999952316284,57.306644439697266,-4.400002956390381,-0.04400002956390381,-0.024868253360151082
2012-05-07,2012,1.8769999742507935,57.35980224609375,-0.3000020980834961,-0.003000020980834961,0.0009276028445954765
2012-05-08,2012,1.8370000123977661,57.147216796875,-3.9999961853027344,-0.039999961853027344,-0.0037061747233138043
2012-05-09,2012,1.8350000381469727,56.970069885253906,-0.1999974250793457,-0.001999974250793457,-0.0030998344547688017
2012-05-10,2012,1.8839999437332153,56.85493087768555,4.899990558624268,0.048999905586242676,-0.00202104381827628
2012-05-11,2012,1.840999960899353,56.8460693359375,-4.2999982833862305,-0.042999982833862305,-0.0001558623255933922
2012-05-14,2012,1.7879999876022339,56.314640045166016,-5.299997329711914,-0.05299997329711914,-0.009348567050976753
2012-05-15,2012,1.7769999504089355,56.128631591796875,-1.100003719329834,-0.01100003719329834,-0.0033030212609004295
2012-05-16,2012,1.7649999856948853,55.747779846191406,-1.1999964714050293,-0.011999964714050293,-0.0067853381563844906
2012-05-17,2012,1.7020000219345093,54.56975173950195,-6.299996376037598,-0.06299996376037598,-0.021131390522450277
2012-05-18,2012,1.7020000219345093,53.86116409301758,0.0,0.0,-0.01298498937409387
2012-05-21,2012,1.7350000143051147,55.366905212402344,3.299999237060547,0.03299999237060547,0.02795597059106214
2012-05-22,2012,1.7929999828338623,55.304908752441406,5.799996852874756,0.05799996852874756,-0.001119738582517904
2012-05-23,2012,1.7209999561309814,55.41119384765625,-7.200002670288086,-0.07200002670288086,0.0019218021982569944
2012-05-24,2012,1.7589999437332153,55.04805374145508,3.7999987602233887,0.03799998760223389,-0.006553551385295231
2012-05-25,2012,1.7450000047683716,54.97718811035156,-1.399993896484375,-0.01399993896484375,-0.0012873412643497062
2012-05-29,2012,1.7309999465942383,55.676902770996094,-1.40000581741333,-0.0140000581741333,0.0127273635610472
2012-05-30,2012,1.625,55.20748519897461,-10.599994659423828,-0.10599994659423828,-0.008431100665786673
2012-05-31,2012,1.5809999704360962,54.968345642089844,-4.400002956390381,-0.04400002956390381,-0.004331650971292733
2012-06-01,2012,1.4670000076293945,53.50688171386719,-11.399996280670166,-0.11399996280670166,-0.026587373353721522
2012-06-04,2012,1.5269999504089355,53.914302825927734,5.999994277954102,0.059999942779541016,0.007614368451506204
2012-06-05,2012,1.555999994277954,54.135746002197266,2.9000043869018555,0.029000043869018555,0.0041073178110917485
2012-06-06,2012,1.6510000228881836,55.37577438354492,9.50000286102295,0.09500002861022949,0.022905907333341746
2012-06-07,2012,1.6540000438690186,55.15434646606445,0.3000020980834961,0.003000020980834961,-0.0039986423656455106
2012-06-08,2012,1.6369999647140503,55.6857795715332,-1.7000079154968262,-0.01700007915496826,0.009635380337535748
2012-06-11,2012,1.600000023841858,54.74689865112305,-3.6999940872192383,-0.03699994087219238,-0.01686033539683296
2012-06-12,2012,1.6610000133514404,55.41119384765625,6.099998950958252,0.06099998950958252,0.012133932933195979
2012-06-13,2012,1.5989999771118164,55.030338287353516,-6.200003623962402,-0.06200003623962402,-0.006873260326240804
2012-06-14,2012,1.6109999418258667,55.234046936035156,1.1999964714050293,0.011999964714050293,0.003701751706811862
2012-06-15,2012,1.5870000123977661,55.9202995300293,-2.3999929428100586,-0.023999929428100586,0.012424448905380192
2012-06-18,2012,1.5839999914169312,56.444068908691406,-0.3000020980834961,-0.003000020980834961,0.009366355027852435
2012-06-19,2012,1.6200000047683716,57.029991149902344,3.600001335144043,0.03600001335144043,0.010380581211442585
2012-06-20,2012,1.6419999599456787,57.07439041137695,2.199995517730713,0.02199995517730713,0.0007785247828271391
2012-06-21,2012,1.6180000305175781,55.653953552246094,-2.3999929428100586,-0.023999929428100586,-0.024887464393272163
2012-06-22,2012,1.6720000505447388,56.2398796081543,5.4000020027160645,0.054000020027160645,0.010528022153145855
2012-06-25,2012,1.6080000400543213,55.156829833984375,-6.400001049041748,-0.06400001049041748,-0.019257683012765314
2012-06-26,2012,1.628000020980835,55.5030403137207,1.9999980926513672,0.019999980926513672,0.006276837896202148
2012-06-27,2012,1.621000051498413,55.84040069580078,-0.6999969482421875,-0.006999969482421875,0.006078232474711509
2012-06-28,2012,1.5770000219345093,55.21895980834961,-4.400002956390381,-0.04400002956390381,-0.01112887586241662
2012-06-29,2012,1.659000039100647,56.958988189697266,8.20000171661377,0.0820000171661377,0.03151142990354816
2012-07-02,2012,1.5800000429153442,57.12763977050781,-7.899999618530273,-0.07899999618530273,0.0029609300686463946
2012-07-03,2012,1.63100004196167,57.60702896118164,5.099999904632568,0.050999999046325684,0.0083915455390704
2012-07-05,2012,1.597000002861023,57.64255905151367,-3.4000039100646973,-0.03400003910064697,0.000616766581660988
2012-07-06,2012,1.5440000295639038,56.923465728759766,-5.299997329711914,-0.05299997329711914,-0.012475041611377247
2012-07-09,2012,1.5130000114440918,56.81693649291992,-3.100001811981201,-0.03100001811981201,-0.0018714467658637046
2012-07-10,2012,1.4980000257492065,56.25762176513672,-1.4999985694885254,-0.014999985694885254,-0.009844154970461982
2012-07-11,2012,1.4980000257492065,55.94692611694336,0.0,0.0,-0.005522729870993226
2012-07-12,2012,1.4789999723434448,55.42314529418945,-1.9000053405761719,-0.01900005340576172,-0.009362101890264207
2012-07-13,2012,1.4989999532699585,56.26650619506836,1.9999980926513672,0.019999980926513672,0.01521676361747959
2012-07-16,2012,1.4639999866485596,56.10670852661133,-3.4999966621398926,-0.034999966621398926,-0.0028400140556628095
2012-07-17,2012,1.5010000467300415,56.39968490600586,3.7000060081481934,0.037000060081481934,0.005221770927010816
2012-07-18,2012,1.4789999723434448,57.16315841674805,-2.200007438659668,-0.02200007438659668,0.013536840002112971
2012-07-19,2012,1.5149999856948853,57.79347229003906,3.600001335144043,0.03600001335144043,0.011026575345884693
2012-07-20,2012,1.4600000381469727,57.029991149902344,-5.49999475479126,-0.0549999475479126,-0.01321050820939007
2012-07-23,2012,1.434999942779541,56.3375358581543,-2.500009536743164,-0.02500009536743164,-0.012141949837024213
2012-07-24,2012,1.4040000438690186,55.8936653137207,-3.099989891052246,-0.03099989891052246,-0.007878771012476693
2012-07-25,2012,1.406000018119812,55.52078628540039,0.1999974250793457,0.001999974250793457,-0.006671221617466139
2012-07-26,2012,1.4279999732971191,56.25762176513672,2.199995517730713,0.02199995517730713,0.013271344464552026
2012-07-27,2012,1.5549999475479126,57.589271545410156,12.699997425079346,0.12699997425079346,0.02367056655599109
2012-07-30,2012,1.503999948501587,57.544898986816406,-5.099999904632568,-0.050999999046325684,-0.0007705004318167008
2012-07-31,2012,1.4919999837875366,57.52714538574219,-1.1999964714050293,-0.011999964714050293,-0.0003085173731608437
2012-08-01,2012,1.5390000343322754,57.35847091674805,4.700005054473877,0.04700005054473877,-0.0029320848073219885
2012-08-02,2012,1.4780000448226929,57.15428161621094,-6.099998950958252,-0.06099998950958252,-0.0035598804722928312
2012-08-03,2012,1.5770000219345093,58.23735427856445,9.89999771118164,0.0989999771118164,0.018949982953618605
2012-08-06,2012,1.5579999685287476,58.68124771118164,-1.9000053405761719,-0.01900005340576172,0.007622142834544432
2012-08-07,2012,1.628000020980835,59.16952133178711,7.00000524520874,0.0700000524520874,0.008320777755249198
2012-08-08,2012,1.6399999856948853,59.14288330078125,1.1999964714050293,0.011999964714050293,-0.00045019852123684423
2012-08-09,2012,1.687999963760376,59.32041931152344,4.799997806549072,0.04799997806549072,0.003001815279097819
2012-08-10,2012,1.6490000486373901,59.35594940185547,-3.899991512298584,-0.03899991512298584,0.0005989521103255679
2012-08-13,2012,1.6540000438690186,59.49799346923828,0.4999995231628418,0.004999995231628418,0.0023930889626773144
2012-08-14,2012,1.7259999513626099,59.52462387084961,7.199990749359131,0.07199990749359131,0.00044758486897711336
2012-08-15,2012,1.8049999475479126,59.675537109375,7.899999618530273,0.07899999618530273,0.002535307721604818
2012-08-16,2012,1.8359999656677246,60.38573455810547,3.100001811981201,0.03100001811981201,0.011900981258514687
2012-08-17,2012,1.815999984741211,60.652095794677734,-1.9999980926513672,-0.019999980926513672,0.004410996049339477
2012-08-20,2012,1.8140000104904175,60.7408561706543,-0.1999974250793457,-0.001999974250793457,0.0014634346070585558
2012-08-21,2012,1.8049999475479126,60.501155853271484,-0.9000062942504883,-0.009000062942504883,-0.003946278213618926
2012-08-22,2012,1.718999981880188,60.749725341796875,-8.599996566772461,-0.08599996566772461,0.004108508094097019
2012-08-23,2012,1.6660000085830688,60.25259017944336,-5.299997329711914,-0.05299997329711914,-0.008183331851403075
2012-08-24,2012,1.6779999732971191,60.62543487548828,1.1999964714050293,0.011999964714050293,0.006188027683698305
2012-08-27,2012,1.6490000486373901,60.72310256958008,-2.8999924659729004,-0.028999924659729004,0.00161100195474706
2012-08-28,2012,1.6299999952316284,60.72310256958008,-1.9000053405761719,-0.01900005340576172,0.0
2012-08-29,2012,1.6540000438690186,60.72310256958008,2.4000048637390137,0.024000048637390137,0.0
2012-08-30,2012,1.6200000047683716,60.11053466796875,-3.4000039100646973,-0.03400003910064697,-0.010087888722573268
2012-08-31,2012,1.562000036239624,60.51001739501953,-5.799996852874756,-0.05799996852874756,0.006645802258412603
2012-09-04,2012,1.5809999704360962,60.4478759765625,1.8999934196472168,0.018999934196472168,-0.0010269608427206922
2012-09-05,2012,1.593999981880188,60.38573455810547,1.3000011444091797,0.013000011444091797,-0.0010280165754893433
2012-09-06,2012,1.6729999780654907,61.726314544677734,7.899999618530273,0.07899999618530273,0.022200276213951042
2012-09-07,2012,1.6610000133514404,61.637489318847656,-1.1999964714050293,-0.011999964714050293,-0.001439017159623024
2012-09-10,2012,1.6829999685287476,60.84734344482422,2.199995517730713,0.02199995517730713,-0.012819241710771978
2012-09-11,2012,1.6950000524520874,60.749725341796875,1.2000083923339844,0.012000083923339844,-0.0016043116675399371
2012-09-12,2012,1.7649999856948853,60.92726135253906,6.999993324279785,0.06999993324279785,0.0029224166816115282
2012-09-13,2012,1.75600004196167,61.75292205810547,-0.8999943733215332,-0.008999943733215332,0.013551580806971497
2012-09-14,2012,1.8700000047683716,62.30327224731445,11.399996280670166,0.11399996280670166,0.008912131942374169
2012-09-17,2012,1.8380000591278076,62.32993698120117,-3.1999945640563965,-0.031999945640563965,0.0004279828799500507
2012-09-18,2012,1.812000036239624,62.38322830200195,-2.6000022888183594,-0.026000022888183594,0.0008549875610632807
2012-09-19,2012,1.781999945640564,62.49863052368164,-3.000009059906006,-0.03000009059906006,0.0018498917869562703
2012-09-20,2012,1.7769999504089355,62.43646240234375,-0.4999995231628418,-0.004999995231628418,-0.0009947117371529313
2012-09-21,2012,1.7599999904632568,62.45429992675781,-1.699995994567871,-0.01699995994567871,0.00028569082436336046
2012-09-24,2012,1.718000054359436,62.08926773071289,-4.19999361038208,-0.0419999361038208,-0.005844788853177518
2012-09-25,2012,1.6820000410079956,61.21677780151367,-3.600001335144043,-0.03600001335144043,-0.014052185846083587
2012-09-26,2012,1.6180000305175781,60.71819305419922,-6.400001049041748,-0.06400001049041748,-0.008144576784669066
2012-09-27,2012,1.6399999856948853,61.55510330200195,2.199995517730713,0.02199995517730713,0.013783517026860093
2012-09-28,2012,1.6369999647140503,61.04762649536133,-0.3000020980834961,-0.003000020980834961,-0.008244268621414585
2012-10-01,2012,1.625,60.9586067199707,-1.1999964714050293,-0.011999964714050293,-0.0014582020710893762
2012-10-02,2012,1.6150000095367432,61.13666534423828,-0.9999990463256836,-0.009999990463256836,0.0029209759515262945
2012-10-03,2012,1.6230000257492065,61.52838134765625,0.8000016212463379,0.008000016212463379,0.006407218993910835
2012-10-04,2012,1.6649999618530273,61.7420654296875,4.19999361038208,0.0419999361038208,0.003472935210563355
2012-10-05,2012,1.7319999933242798,61.41263198852539,6.700003147125244,0.06700003147125244,-0.005335640116174489
2012-10-08,2012,1.746000051498413,60.851741790771484,1.40000581741333,0.0140000581741333,-0.009133140521622729
2012-10-09,2012,1.7200000286102295,59.8813362121582,-2.6000022888183594,-0.026000022888183594,-0.015947046872542447
2012-10-10,2012,1.690999984741211,59.57863998413086,-2.9000043869018555,-0.029000043869018555,-0.005054934428231461
2012-10-11,2012,1.6749999523162842,59.391658782958984,-1.6000032424926758,-0.016000032424926758,-0.0031383932433113326
2012-10-12,2012,1.6629999876022339,59.36495590209961,-1.1999964714050293,-0.011999964714050293,-0.00044960658460402314
2012-10-15,2012,1.6629999876022339,59.80120086669922,0.0,0.0,0.0073485267186761405
2012-10-16,2012,1.7200000286102295,60.64699172973633,5.7000041007995605,0.057000041007995605,0.014143375898461263
2012-10-17,2012,1.8109999895095825,60.611366271972656,9.099996089935303,0.09099996089935303,-0.0005874233288013508
2012-10-18,2012,1.8259999752044678,59.908050537109375,1.4999985694885254,0.014999985694885254,-0.011603693797420656
2012-10-19,2012,1.7680000066757202,58.47467041015625,-5.799996852874756,-0.05799996852874756,-0.02392633567779401
2012-10-22,2012,1.7979999780654907,58.7773551940918,2.999997138977051,0.029999971389770508,0.005176340145441438
2012-10-23,2012,1.7640000581741333,58.21648025512695,-3.399991989135742,-0.03399991989135742,-0.009542364352951083
2012-10-24,2012,1.774999976158142,58.01170349121094,1.099991798400879,0.010999917984008789,-0.003517505060742332
2012-10-25,2012,1.8279999494552612,58.01170349121094,5.299997329711914,0.05299997329711914,0.0
2012-10-26,2012,1.75,58.180870056152344,-7.799994945526123,-0.07799994945526123,0.0029160764942377515
2012-10-31,2012,1.6859999895095825,57.82474136352539,-6.400001049041748,-0.06400001049041748,-0.006121061652794801
2012-11-01,2012,1.715000033378601,58.64381790161133,2.9000043869018555,0.029000043869018555,0.014164811095940255
2012-11-02,2012,1.7259999513626099,58.020599365234375,1.099991798400879,0.010999917984008789,-0.010627182176688232
2012-11-05,2012,1.684000015258789,58.4034309387207,-4.19999361038208,-0.0419999361038208,0.00659820094371022
2012-11-06,2012,1.7419999837875366,58.51028060913086,5.799996852874756,0.05799996852874756,0.0018295101622072263
2012-11-07,2012,1.6319999694824219,57.13031005859375,-11.000001430511475,-0.11000001430511475,-0.02358509540837439
2012-11-08,2012,1.6319999694824219,56.231117248535156,0.0,0.0,-0.0157393301232982
2012-11-09,2012,1.6130000352859497,56.47151184082031,-1.8999934196472168,-0.018999934196472168,0.0042751167689349945
2012-11-12,2012,1.6109999418258667,56.46261215209961,-0.20000934600830078,-0.002000093460083008,-0.00015759607686416377
2012-11-13,2012,1.5889999866485596,56.07086944580078,-2.199995517730713,-0.02199995517730713,-0.006938090381712225
2012-11-14,2012,1.5889999866485596,55.41203308105469,0.0,0.0,-0.011750065074038862
2012-11-15,2012,1.5889999866485596,55.22507858276367,0.0,0.0,-0.003373897110354074
2012-11-16,2012,1.5740000009536743,55.46546936035156,-1.4999985694885254,-0.014999985694885254,0.004352927759579961
2012-11-19,2012,1.6109999418258667,56.7830924987793,3.6999940872192383,0.03699994087219238,0.02375573764403427
2012-11-20,2012,1.656000018119812,56.800907135009766,4.500007629394531,0.04500007629394531,0.00031373134935996916
2012-11-21,2012,1.687000036239624,56.91664123535156,3.100001811981201,0.03100001811981201,0.0020375396482086305
2012-11-23,2012,1.6929999589920044,57.78023147583008,0.5999922752380371,0.005999922752380371,0.015172895338422254
2012-11-26,2012,1.6640000343322754,58.029510498046875,-2.8999924659729004,-0.028999924659729004,0.004314261397880825
2012-11-27,2012,1.6449999809265137,57.83364486694336,-1.9000053405761719,-0.01900005340576172,-0.003375276293431928
2012-11-28,2012,1.6169999837875366,58.33222198486328,-2.799999713897705,-0.02799999713897705,0.008620883554321779
2012-11-29,2012,1.6200000047683716,58.679443359375,0.3000020980834961,0.003000020980834961,0.005952479824989698
2012-11-30,2012,1.6059999465942383,58.58150100708008,-1.40000581741333,-0.0140000581741333,-0.001669108408119846
2012-12-03,2012,1.628000020980835,58.46577072143555,2.200007438659668,0.02200007438659668,-0.0019755431946092417
2012-12-04,2012,1.6080000400543213,58.43014144897461,-1.9999980926513672,-0.019999980926513672,-0.0006094039644272131
2012-12-05,2012,1.590999960899353,57.78023147583008,-1.7000079154968262,-0.01700007915496826,-0.01112285469498786
2012-12-06,2012,1.5809999704360962,58.15414047241211,-0.9999990463256836,-0.009999990463256836,0.006471227044814398
2012-12-07,2012,1.6269999742507935,57.80693054199219,4.600000381469727,0.046000003814697266,-0.005970510914603544
2012-12-10,2012,1.6160000562667847,57.976104736328125,-1.099991798400879,-0.010999917984008789,0.0029265382671208595
2012-12-11,2012,1.6490000486373901,58.732845306396484,3.299999237060547,0.03299999237060547,0.013052628725402915
2012-12-12,2012,1.6970000267028809,58.608211517333984,4.799997806549072,0.04799997806549072,-0.0021220458231218098
2012-12-13,2012,1.7280000448226929,58.1452522277832,3.100001811981201,0.03100001811981201,-0.007899222268774708
2012-12-14,2012,1.7079999446868896,57.5932731628418,-2.0000100135803223,-0.020000100135803223,-0.009493106380879301
2012-12-17,2012,1.7630000114440918,58.35893249511719,5.500006675720215,0.05500006675720215,0.013294249314681705
2012-12-18,2012,1.8270000219345093,59.249210357666016,6.400001049041748,0.06400001049041748,0.015255211575765593
2012-12-19,2012,1.7999999523162842,58.99103546142578,-2.7000069618225098,-0.027000069618225098,-0.004357440287924952
2012-12-20,2012,1.7999999523162842,58.99103546142578,0.0,0.0,0.0
2012-12-21,2012,1.753999948501587,58.37061309814453,-4.600000381469727,-0.046000003814697266,-0.010517231278080241
2012-12-24,2012,1.7740000486373901,58.25425338745117,2.0000100135803223,0.020000100135803223,-0.00199346391133004
2012-12-26,2012,1.7580000162124634,57.74393844604492,-1.6000032424926758,-0.016000032424926758,-0.008760131865601761
2012-12-27,2012,1.715000033378601,57.65442657470703,-4.2999982833862305,-0.042999982833862305,-0.0015501518210699894
2012-12-28,2012,1.7109999656677246,57.0993537902832,-0.4000067710876465,-0.004000067710876465,-0.009627583125895511
2012-12-31,2012,1.75600004196167,58.30794906616211,4.500007629394531,0.04500007629394531,0.02116653159189652
2013-01-02,2013,1.8389999866485596,60.16111373901367,8.299994468688965,0.08299994468688965,0.031782367627933183
2013-01-03,2013,1.8990000486373901,59.84779357910156,6.000006198883057,0.060000061988830566,-0.0052080179444704555
2013-01-04,2013,1.9149999618530273,59.65082931518555,1.5999913215637207,0.015999913215637207,-0.003291086473483529
2013-01-07,2013,1.902999997138977,59.66876220703125,-1.1999964714050293,-0.011999964714050293,0.00030063105662714307
2013-01-08,2013,1.871000051498413,59.552364349365234,-3.1999945640563965,-0.031999945640563965,-0.0019507335724873176
2013-01-09,2013,1.8519999980926514,59.77617263793945,-1.9000053405761719,-0.01900005340576172,0.0037581763716592054
2013-01-10,2013,1.8940000534057617,60.134273529052734,4.200005531311035,0.04200005531311035,0.005990696214063007
2013-01-11,2013,1.875,60.21485137939453,-1.9000053405761719,-0.01900005340576172,0.0013399654741461653
2013-01-14,2013,1.8569999933242798,59.94625473022461,-1.8000006675720215,-0.018000006675720215,-0.004460637916011478
2013-01-15,2013,1.8309999704360962,59.65082931518555,-2.6000022888183594,-0.026000022888183594,-0.004928171348961841
2013-01-16,2013,1.8240000009536743,59.892581939697266,-0.6999969482421875,-0.006999969482421875,0.004052795699357903
2013-01-17,2013,1.875,60.17902374267578,5.099999904632568,0.050999999046325684,0.0047825923294961825
2013-01-18,2013,1.843000054359436,60.044734954833984,-3.1999945640563965,-0.031999945640563965,-0.0022314883075540415
2013-01-22,2013,1.8350000381469727,60.143226623535156,-0.8000016212463379,-0.008000016212463379,0.0016403048289788114
2013-01-23,2013,1.8329999446868896,60.51028060913086,-0.20000934600830078,-0.002000093460083008,0.006102997896891393
2013-01-24,2013,1.843999981880188,59.677677154541016,1.100003719329834,0.01100003719329834,-0.01375970242095037
2013-01-25,2013,1.9470000267028809,59.982059478759766,10.300004482269287,0.10300004482269287,0.005100438534672236
2013-01-28,2013,1.9739999771118164,60.11636734008789,2.6999950408935547,0.026999950408935547,0.0022391338759497614
2013-01-29,2013,1.9880000352859497,60.12532043457031,1.40000581741333,0.0140000581741333,0.0001489293994059171
2013-01-30,2013,2.00600004196167,59.999996185302734,1.8000006675720215,0.018000006675720215,-0.0020843838895454603
2013-01-31,2013,1.9850000143051147,59.865692138671875,-2.1000027656555176,-0.021000027656555176,-0.0022384009194946763
2013-02-01,2013,2.009999990463257,60.57292938232422,2.499997615814209,0.02499997615814209,0.011813732012220246
2013-02-04,2013,1.9730000495910645,59.51655960083008,-3.6999940872192383,-0.03699994087219238,-0.01743963503608259
2013-02-05,2013,2.0160000324249268,60.39390563964844,4.2999982833862305,0.042999982833862305,0.014741208912319559
2013-02-06,2013,1.968000054359436,60.19691848754883,-4.799997806549072,-0.04799997806549072,-0.0032617057965247387
2013-02-07,2013,1.9509999752044678,60.25067138671875,-1.7000079154968262,-0.01700007915496826,0.0008929510101258753
2013-02-08,2013,1.9539999961853027,60.86839294433594,0.3000020980834961,0.003000020980834961,0.010252525712989069
2013-02-11,2013,1.9459999799728394,60.88629150390625,-0.8000016212463379,-0.008000016212463379,0.0002940534274771256
2013-02-12,2013,1.9819999933242798,60.63562774658203,3.600001335144043,0.03600001335144043,-0.0041169161585106195
2013-02-13,2013,2.0190000534057617,60.850494384765625,3.7000060081481934,0.037000060081481934,0.003543570771322724
2013-02-14,2013,2.0,60.832576751708984,-1.9000053405761719,-0.01900005340576172,-0.0002944533686668471
2013-02-15,2013,2.006999969482422,60.653533935546875,0.6999969482421875,0.006999969482421875,-0.0029432061852793234
2013-02-19,2013,2.0260000228881836,61.09220886230469,1.9000053405761719,0.01900005340576172,0.007232471025084397
2013-02-20,2013,2.0209999084472656,60.152198791503906,-0.5000114440917969,-0.005000114440917969,-0.015386742242688656
2013-02-21,2013,1.9759999513626099,59.50760269165039,-4.499995708465576,-0.04499995708465576,-0.010716085410074183
2013-02-22,2013,1.9670000076293945,60.107418060302734,-0.8999943733215332,-0.008999943733215332,0.01007964262584049
2013-02-25,2013,1.8949999809265137,59.36436080932617,-7.200002670288086,-0.07200002670288086,-0.012362155536793984
2013-02-26,2013,1.878999948501587,59.58817672729492,-1.6000032424926758,-0.016000032424926758,0.003770206819671218
2013-02-27,2013,1.902999997138977,60.19691848754883,2.4000048637390137,0.024000048637390137,0.01021581450695841
2013-02-28,2013,1.8880000114440918,60.07160568237305,-1.4999985694885254,-0.014999985694885254,-0.0020817146180281965
2013-03-01,2013,1.8530000448226929,60.322261810302734,-3.4999966621398926,-0.034999966621398926,0.004172622407581761
2013-03-04,2013,1.8769999742507935,60.590843200683594,2.3999929428100586,0.023999929428100586,0.004452442304393012
2013-03-05,2013,1.8940000534057617,61.4860954284668,1.7000079154968262,0.01700007915496826,0.014775371664956571
2013-03-06,2013,1.937999963760376,61.33392333984375,4.399991035461426,0.04399991035461426,-0.0024749024566064204
2013-03-07,2013,1.9910000562667847,61.495079040527344,5.300009250640869,0.05300009250640869,0.0026275133222875002
2013-03-08,2013,2.055999994277954,61.56668472290039,6.499993801116943,0.06499993801116943,0.0011644132098092008
2013-03-11,2013,2.055999994277954,61.74574279785156,0.0,0.0,0.0029083598663315335
2013-03-12,2013,2.0230000019073486,61.52193832397461,-3.299999237060547,-0.03299999237060547,-0.0036246138395267247
2013-03-13,2013,2.0209999084472656,61.44132614135742,-0.20000934600830078,-0.002000093460083008,-0.0013102997859508747
2013-03-14,2013,2.0329999923706055,61.647254943847656,1.2000083923339844,0.012000083923339844,0.0033516334269292347
2013-03-15,2013,1.996000051498413,61.475860595703125,-3.6999940872192383,-0.03699994087219238,-0.0027802429856876865
2013-03-18,2013,1.9559999704360962,61.341243743896484,-4.0000081062316895,-0.040000081062316895,-0.0021897514000162044
2013-03-19,2013,1.9079999923706055,61.22460174560547,-4.799997806549072,-0.04799997806549072,-0.0019015264636302875
2013-03-20,2013,1.937000036239624,61.65534591674805,2.9000043869018555,0.029000043869018555,0.00703547526421433
2013-03-21,2013,1.9320000410079956,60.95541763305664,-0.4999995231628418,-0.004999995231628418,-0.01135227243127479
2013-03-22,2013,1.9149999618530273,61.54763412475586,-1.7000079154968262,-0.01700007915496826,0.009715567782084378
2013-03-25,2013,1.9149999618530273,61.32330322265625,0.0,0.0,-0.003644833880127596
2013-03-26,2013,1.906000018119812,61.65534591674805,-0.8999943733215332,-0.008999943733215332,0.005414625055114808
2013-03-27,2013,1.8509999513626099,61.73609161376953,-5.500006675720215,-0.05500006675720215,0.001309630102968029
2013-03-28,2013,1.8519999980926514,61.888633728027344,0.10000467300415039,0.001000046730041504,0.0024708741721477523
2013-04-01,2013,1.840000033378601,61.46688461303711,-1.1999964714050293,-0.011999964714050293,-0.006814645752944437
2013-04-02,2013,1.8609999418258667,61.95142364501953,2.0999908447265625,0.020999908447265625,0.007882928100762188
2013-04-03,2013,1.812000036239624,61.38612747192383,-4.899990558624268,-0.048999905586242676,-0.009124829420141145
2013-04-04,2013,1.7589999437332153,61.404083251953125,-5.300009250640869,-0.05300009250640869,0.0002925055019558087
2013-04-05,2013,1.694000005722046,60.892608642578125,-6.499993801116943,-0.06499993801116943,-0.008329651421979833
2013-04-08,2013,1.7319999933242798,61.215633392333984,3.7999987602233887,0.03799998760223389,0.005304826923279382
2013-04-09,2013,1.746999979019165,61.628414154052734,1.4999985694885254,0.014999985694885254,0.006743061189503852
2013-04-10,2013,1.8049999475479126,62.83082962036133,5.799996852874756,0.05799996852874756,0.01951073190530117
2013-04-11,2013,1.7910000085830688,62.80390167236328,-1.399993896484375,-0.01399993896484375,-0.00042857858412426175
2013-04-12,2013,1.7209999561309814,62.759029388427734,-7.00000524520874,-0.0700000524520874,-0.000714482424509777
2013-04-15,2013,1.7020000219345093,61.52072525024414,-1.8999934196472168,-0.018999934196472168,-0.019731091290776548
2013-04-16,2013,1.718999981880188,62.3372917175293,1.699995994567871,0.01699995994567871,0.013273030575690736
2013-04-17,2013,1.7039999961853027,61.116920471191406,-1.4999985694885254,-0.014999985694885254,-0.019576905135176403
2013-04-18,2013,1.684999942779541,60.273433685302734,-1.9000053405761719,-0.01900005340576172,-0.01380119906869759
2013-04-19,2013,1.7029999494552612,61.098968505859375,1.8000006675720215,0.018000006675720215,0.013696495621385862
2013-04-22,2013,1.6979999542236328,61.72708511352539,-0.4999995231628418,-0.004999995231628418,0.010280314431262205
2013-04-23,2013,1.6979999542236328,62.3193244934082,0.0,0.0,0.009594481560138313
2013-04-24,2013,1.6979999542236328,62.29241180419922,0.0,0.0,-0.0004318514269491258
2013-04-25,2013,1.7109999656677246,62.624427795410156,1.3000011444091797,0.013000011444091797,0.005329958844016991
2013-04-26,2013,1.6629999876022339,62.427040100097656,-4.799997806549072,-0.04799997806549072,-0.003151928125512793
2013-04-29,2013,1.6679999828338623,63.00132751464844,0.4999995231628418,0.004999995231628418,0.009199337556769382
2013-04-30,2013,1.6749999523162842,63.45896530151367,0.6999969482421875,0.006999969482421875,0.007263938791747249
2013-05-01,2013,1.6390000581741333,63.162818908691406,-3.599989414215088,-0.03599989414215088,-0.004666738441371998
2013-05-02,2013,1.63100004196167,63.96147918701172,-0.8000016212463379,-0.008000016212463379,0.012644468567415634
2013-05-03,2013,1.7519999742507935,64.7152099609375,12.099993228912354,0.12099993228912354,0.011784136069180162
2013-05-06,2013,1.7710000276565552,64.96642303466797,1.9000053405761719,0.01900005340576172,0.003881824286471547
2013-05-07,2013,1.7829999923706055,64.93062591552734,1.1999964714050293,0.011999964714050293,-0.0005510095441382257
2013-05-08,2013,1.7599999904632568,65.24462890625,-2.3000001907348633,-0.023000001907348633,0.004835976648849272
2013-05-09,2013,1.812999963760376,65.1549072265625,5.299997329711914,0.05299997329711914,-0.001375158096406981
2013-05-10,2013,1.899999976158142,65.54974365234375,8.700001239776611,0.08700001239776611,0.006059964515156002
2013-05-13,2013,1.9229999780654907,65.6304702758789,2.3000001907348633,0.023000001907348633,0.001231532253784362
2013-05-14,2013,1.9520000219345093,65.97149658203125,2.9000043869018555,0.029000043869018555,0.005196158197843692
2013-05-15,2013,1.9429999589920044,66.10603332519531,-0.9000062942504883,-0.009000062942504883,0.0020393162219198846
2013-05-16,2013,1.8650000095367432,66.03426361083984,-7.799994945526123,-0.07799994945526123,-0.0010856757053083754
2013-05-17,2013,1.9490000009536743,66.67137908935547,8.399999141693115,0.08399999141693115,0.009648255976175468
2013-05-20,2013,1.965000033378601,66.57270812988281,1.6000032424926758,0.016000032424926758,-0.0014799597791491648
2013-05-21,2013,1.944000005722046,66.64443969726562,-2.1000027656555176,-0.021000027656555176,0.001077492104465172
2013-05-22,2013,2.0260000228881836,66.06118774414062,8.20000171661377,0.0820000171661377,-0.008751697152447169
2013-05-23,2013,2.0230000019073486,65.90863800048828,-0.3000020980834961,-0.003000020980834961,-0.0023092189054060297
2013-05-24,2013,2.010999917984009,65.87276458740234,-1.2000083923339844,-0.012000083923339844,-0.0005442900077174961
2013-05-28,2013,2.134999990463257,66.30352020263672,12.400007247924805,0.12400007247924805,0.006539206573952683
2013-05-29,2013,2.124000072479248,65.98941802978516,-1.099991798400879,-0.010999917984008789,-0.0047373378048647385
2013-05-30,2013,2.124000072479248,66.33937072753906,0.0,0.0,0.005303163873879857
2013-05-31,2013,2.1640000343322754,65.72920227050781,3.9999961853027344,0.039999961853027344,-0.00919768231654261
2013-06-03,2013,2.134000062942505,65.84585571289062,-2.999997138977051,-0.029999971389770508,0.0017747582254645788
2013-06-04,2013,2.13700008392334,65.50486755371094,0.3000020980834961,0.003000020980834961,-0.005178581939408677
2013-06-05,2013,2.0999999046325684,64.65240478515625,-3.7000179290771484,-0.037000179290771484,-0.01301373165674613
2013-06-06,2013,2.075000047683716,64.96642303466797,-2.499985694885254,-0.02499985694885254,0.004857023502145452
2013-06-07,2013,2.1610000133514404,65.85478210449219,8.599996566772461,0.08599996566772461,0.013674126238259587
2013-06-10,2013,2.2149999141693115,65.88175201416016,5.399990081787109,0.053999900817871094,0.0004095360854003971
2013-06-11,2013,2.194999933242798,65.2266845703125,-1.9999980926513672,-0.019999980926513672,-0.009943078679918282
2013-06-12,2013,2.2300000190734863,64.47293090820312,3.5000085830688477,0.03500008583068848,-0.011555909472860781
2013-06-13,2013,2.1740000247955322,65.28949737548828,-5.59999942779541,-0.0559999942779541,0.01266526053310324
2013-06-14,2013,2.125999927520752,64.85880279541016,-4.800009727478027,-0.04800009727478027,-0.006596690086326573
2013-06-17,2013,2.1710000038146973,65.48693084716797,4.500007629394531,0.04500007629394531,0.009684545885608964
2013-06-18,2013,2.181999921798706,66.02532196044922,1.099991798400879,0.010999917984008789,0.008221352051720698
2013-06-19,2013,2.311000108718872,65.28949737548828,12.900018692016602,0.12900018692016602,-0.011144581550116661
2013-06-20,2013,2.4189999103546143,63.73712158203125,10.799980163574219,0.10799980163574219,-0.023776807233315322
2013-06-21,2013,2.5139999389648438,63.398685455322266,9.50000286102295,0.09500002861022949,-0.005309874658732561
2013-06-24,2013,2.5480000972747803,62.76856231689453,3.4000158309936523,0.03400015830993652,-0.009939056841672067
2013-06-25,2013,2.5889999866485596,63.227657318115234,4.09998893737793,0.0409998893737793,0.007314091390255406
2013-06-26,2013,2.5390000343322754,63.79471969604492,-4.999995231628418,-0.04999995231628418,0.008968581187132063
2013-06-27,2013,2.4830000400543213,64.06478881835938,-5.59999942779541,-0.0559999942779541,0.004233408714721554
2013-06-28,2013,2.4779999256134033,64.15477752685547,-0.5000114440917969,-0.005000114440917969,0.0014046516059116332
2013-07-01,2013,2.490000009536743,64.5508804321289,1.2000083923339844,0.012000083923339844,0.00617417627405259
2013-07-02,2013,2.4690001010894775,64.577880859375,-2.0999908447265625,-0.020999908447265625,0.0004182813164645971
2013-07-03,2013,2.500999927520752,64.83892822265625,3.1999826431274414,0.031999826431274414,0.0040423649678085205
2013-07-05,2013,2.7149999141693115,65.33402252197266,21.399998664855957,0.21399998664855957,0.007635756988706888
2013-07-08,2013,2.6449999809265137,65.39701843261719,-6.999993324279785,-0.06999993324279785,0.0009642129508151687
2013-07-09,2013,2.630000114440918,65.7931137084961,-1.4999866485595703,-0.014999866485595703,0.006056778816101893
2013-07-10,2013,2.680000066757202,66.17117309570312,4.999995231628418,0.04999995231628418,0.005746184758515405
2013-07-11,2013,2.5739998817443848,67.48543548583984,-10.600018501281738,-0.10600018501281738,0.01986155494381081
2013-07-12,2013,2.6010000705718994,67.78246307373047,2.700018882751465,0.02700018882751465,0.004401358393144594
2013-07-15,2013,2.555999994277954,67.93550872802734,-4.500007629394531,-0.04500007629394531,0.002257894554973605
2013-07-16,2013,2.5320000648498535,67.84546661376953,-2.3999929428100586,-0.023999929428100586,-0.0013254057553065968
2013-07-17,2013,2.490999937057495,68.01652526855469,-4.10001277923584,-0.0410001277923584,0.002521298228501445
2013-07-18,2013,2.5339999198913574,67.84546661376953,4.2999982833862305,0.042999982833862305,-0.002514957271188889
2013-07-19,2013,2.490999937057495,67.14337158203125,-4.2999982833862305,-0.042999982833862305,-0.010348444292308634
2013-07-22,2013,2.48799991607666,67.34139251708984,-0.3000020980834961,-0.003000020980834961,0.002949225372405717
2013-07-23,2013,2.5160000324249268,66.84628295898438,2.80001163482666,0.0280001163482666,-0.007352232254178914
2013-07-24,2013,2.5880000591278076,67.06236267089844,7.200002670288086,0.07200002670288086,0.0032324865699211447
2013-07-25,2013,2.6070001125335693,67.48543548583984,1.9000053405761719,0.01900005340576172,0.006308647624265751
2013-07-26,2013,2.561000108718872,67.84546661376953,-4.600000381469727,-0.046000003814697266,0.005334945612156972
2013-07-29,2013,2.5850000381469727,67.719482421875,2.3999929428100586,0.023999929428100586,-0.001856928667197999
2013-07-30,2013,2.6029999256134033,68.07951354980469,1.7999887466430664,0.017999887466430664,0.005316507377991941
2013-07-31,2013,2.5929999351501465,68.20555877685547,-0.9999990463256836,-0.009999990463256836,0.001851441358472261
2013-08-01,2013,2.7230000495910645,68.89866638183594,13.000011444091797,0.13000011444091797,0.010162039830918568
2013-08-02,2013,2.6019999980926514,69.28575897216797,-12.100005149841309,-0.12100005149841309,0.0056182885774125335
2013-08-05,2013,2.640000104904175,69.33076477050781,3.8000106811523438,0.03800010681152344,0.0006495678045170816
2013-08-06,2013,2.6419999599456787,68.91667175292969,0.19998550415039062,0.0019998550415039062,-0.0059727167145612325
2013-08-07,2013,2.5999999046325684,68.79068756103516,-4.200005531311035,-0.04200005531311035,-0.001828065527398004
2013-08-08,2013,2.5869998931884766,69.1327133178711,-1.3000011444091797,-0.013000011444091797,0.004971977588281495
2013-08-09,2013,2.5799999237060547,68.8536376953125,-0.6999969482421875,-0.006999969482421875,-0.0040368099147998215
2013-08-12,2013,2.6050000190734863,69.01569366455078,2.500009536743164,0.02500009536743164,0.0023536297378419224
2013-08-13,2013,2.7149999141693115,69.40277099609375,10.99998950958252,0.1099998950958252,0.005608540767906289
2013-08-14,2013,2.7119998931884766,69.14173126220703,-0.3000020980834961,-0.003000020980834961,-0.00376122927283995
2013-08-15,2013,2.755000114440918,67.97148132324219,4.300022125244141,0.043000221252441406,-0.016925378025709148
2013-08-16,2013,2.8289999961853027,67.94451141357422,7.399988174438477,0.07399988174438477,-0.0003967827262688628
2013-08-19,2013,2.884000062942505,67.82748413085938,5.500006675720215,0.05500006675720215,-0.0017223949408143868
2013-08-20,2013,2.813999891281128,68.12454223632812,-7.000017166137695,-0.07000017166137695,0.004379612619799245
2013-08-21,2013,2.8550000190734863,67.8904800415039,4.10001277923584,0.0410001277923584,-0.003435798423602532
2013-08-22,2013,2.9010000228881836,68.55663299560547,4.600000381469727,0.046000003814697266,0.009812170332192727
2013-08-23,2013,2.818000078201294,69.01569366455078,-8.299994468688965,-0.08299994468688965,0.006696079560598367
2013-08-26,2013,2.805000066757202,69.05169677734375,-1.3000011444091797,-0.013000011444091797,0.0005216655934512371
2013-08-27,2013,2.7209999561309814,67.63844299316406,-8.40001106262207,-0.0840001106262207,-0.020466604734373228
2013-08-28,2013,2.7820000648498535,67.89949035644531,6.100010871887207,0.06100010871887207,0.0038594525794692913
2013-08-29,2013,2.750999927520752,68.37657928466797,-3.1000137329101562,-0.031000137329101562,0.007026399251572224
2013-08-30,2013,2.749000072479248,67.93550872802734,-0.19998550415039062,-0.0019998550415039062,-0.006450608691674131
2013-09-03,2013,2.8480000495910645,68.32257843017578,9.89999771118164,0.0989999771118164,0.005697605116906201
2013-09-04,2013,2.8970000743865967,69.05169677734375,4.900002479553223,0.04900002479553223,0.010671704199704868
2013-09-05,2013,2.9790000915527344,69.16873168945312,8.20000171661377,0.0820000171661377,0.0016948882876368643
2013-09-06,2013,2.937999963760376,69.24974822998047,-4.10001277923584,-0.0410001277923584,0.001171288507805679
2013-09-09,2013,2.8970000743865967,70.0599136352539,-4.09998893737793,-0.0409998893737793,0.011699181960674432
2013-09-10,2013,2.9590001106262207,70.4019546508789,6.200003623962402,0.06200003623962402,0.004882121571056164
2013-09-11,2013,2.9200000762939453,70.26691436767578,-3.900003433227539,-0.03900003433227539,-0.0019181325841418628
2013-09-12,2013,2.9070000648498535,70.22191619873047,-1.3000011444091797,-0.013000011444091797,-0.0006403891411803642
2013-09-13,2013,2.8980000019073486,70.26691436767578,-0.9000062942504883,-0.009000062942504883,0.0006407995022232882
2013-09-16,2013,2.874000072479248,70.0779037475586,-2.3999929428100586,-0.023999929428100586,-0.002689894978569529
2013-09-17,2013,2.8529999256134033,70.54597473144531,-2.1000146865844727,-0.021000146865844727,0.00667929488263308
2013-09-18,2013,2.7079999446868896,71.39214324951172,-14.499998092651367,-0.14499998092651367,0.01199456838306645
2013-09-19,2013,2.747999906539917,71.56315612792969,3.9999961853027344,0.039999961853027344,0.002395401939682573
2013-09-20,2013,2.7320001125335693,71.31761169433594,-1.5999794006347656,-0.015999794006347656,-0.003431157132796181
2013-09-23,2013,2.7139999866485596,71.17311096191406,-1.8000125885009766,-0.018000125885009766,-0.0020261577608795545
2013-09-24,2013,2.6530001163482666,71.17311096191406,-6.099987030029297,-0.06099987030029297,0.0
2013-09-25,2013,2.614000082015991,70.9293441772461,-3.900003433227539,-0.03900003433227539,-0.0034249842584288537
2013-09-26,2013,2.6429998874664307,71.48008728027344,2.8999805450439453,0.028999805450439453,0.007764672145439411
2013-09-27,2013,2.61899995803833,71.38980102539062,-2.3999929428100586,-0.023999929428100586,-0.0012630965954029127
2013-09-30,2013,2.615000009536743,71.21826171875,-0.3999948501586914,-0.003999948501586914,-0.002402854527912446
2013-10-01,2013,2.6459999084472656,71.94056701660156,3.099989891052246,0.03099989891052246,0.010142136025504733
2013-10-02,2013,2.625999927520752,71.91349029541016,-1.9999980926513672,-0.019999980926513672,-0.00037637625493214255
2013-10-03,2013,2.6059999465942383,71.07382202148438,-1.9999980926513672,-0.019999980926513672,-0.011676088456790912
2013-10-04,2013,2.6519999504089355,71.6877670288086,4.600000381469727,0.046000003814697266,0.008638131309986807
2013-10-07,2013,2.634000062942505,71.09188079833984,-1.7999887466430664,-0.017999887466430664,-0.00831224426657462
2013-10-08,2013,2.635999917984009,69.71949768066406,0.19998550415039062,0.0019998550415039062,-0.019304357997908417
2013-10-09,2013,2.6500000953674316,69.5028076171875,1.4000177383422852,0.014000177383422852,-0.003108026745532011
2013-10-10,2013,2.684999942779541,70.9745101928711,3.4999847412109375,0.034999847412109375,0.021174721225501347
2013-10-11,2013,2.681999921798706,71.53429412841797,-0.3000020980834961,-0.003000020980834961,0.007887112345343228
2013-10-14,2013,2.690999984741211,72.03990173339844,0.9000062942504883,0.009000062942504883,0.007068044930628625
2013-10-15,2013,2.7200000286102295,71.75997924804688,2.9000043869018555,0.029000043869018555,-0.0038856589003617437
2013-10-16,2013,2.6710000038146973,72.57256317138672,-4.900002479553223,-0.04900002479553223,0.011323636543024262
2013-10-17,2013,2.5869998931884766,72.98793029785156,-8.40001106262207,-0.0840001106262207,0.005723473284027669
2013-10-18,2013,2.5889999866485596,74.17064666748047,0.20000934600830078,0.002000093460083008,0.016204273292891536
2013-10-21,2013,2.6089999675750732,74.33318328857422,1.9999980926513672,0.019999980926513672,0.002191387407237011
2013-10-22,2013,2.51200008392334,74.44149780273438,-9.69998836517334,-0.0969998836517334,0.0014571488717181058
2013-10-23,2013,2.484999895095825,73.99007415771484,-2.700018882751465,-0.02700018882751465,-0.006064139738506835
2013-10-24,2013,2.5220000743865967,74.31510925292969,3.7000179290771484,0.037000179290771484,0.0043929553918544695
2013-10-25,2013,2.503000020980835,74.8478012084961,-1.9000053405761719,-0.01900005340576172,0.007168016853119408
2013-10-28,2013,2.51200008392334,74.86585998535156,0.9000062942504883,0.009000062942504883,0.00024127331149204068
2013-10-29,2013,2.506999969482422,74.99225616455078,-0.5000114440917969,-0.005000114440917969,0.0016883019740099314
2013-10-30,2013,2.5269999504089355,74.92002868652344,1.9999980926513672,0.019999980926513672,-0.0009631324848909939
2013-10-31,2013,2.5420000553131104,74.74848175048828,1.5000104904174805,0.015000104904174805,-0.002289733987595466
2013-11-01,2013,2.619999885559082,74.76653289794922,7.799983024597168,0.07799983024597168,0.00024149182750221598
2013-11-04,2013,2.6019999980926514,74.87489318847656,-1.7999887466430664,-0.017999887466430664,0.0014493154400412323
2013-11-05,2013,2.6619999408721924,74.95613861083984,5.999994277954102,0.059999942779541016,0.001085082314024488
2013-11-06,2013,2.640000104904175,74.93807983398438,-2.199983596801758,-0.021999835968017578,-0.00024092458856805887
2013-11-07,2013,2.61299991607666,73.52963256835938,-2.700018882751465,-0.02700018882751465,-0.018794813914971287
2013-11-08,2013,2.746000051498413,74.52277374267578,13.300013542175293,0.13300013542175293,0.013506679411094513
2013-11-11,2013,2.750999927520752,74.40538024902344,0.4999876022338867,0.004999876022338867,-0.001575270051779043
2013-11-12,2013,2.7679998874664307,74.52277374267578,1.699995994567871,0.01699995994567871,0.0015777554426770202
2013-11-13,2013,2.7249999046325684,75.42564392089844,-4.2999982833862305,-0.042999982833862305,0.012115359277155013
2013-11-14,2013,2.7019999027252197,75.66038513183594,-2.3000001907348633,-0.023000001907348633,0.0031122201778439607
2013-11-15,2013,2.7090001106262207,75.80482482910156,0.7000207901000977,0.0070002079010009766,0.0019090531592449445
2013-11-18,2013,2.677999973297119,75.06452178955078,-3.1000137329101562,-0.031000137329101562,-0.009765909244164317
2013-11-19,2013,2.7119998931884766,74.8478012084961,3.399991989135742,0.03399991989135742,-0.0028871239819828753
2013-11-20,2013,2.7920000553131104,74.6672134399414,8.000016212463379,0.08000016212463379,-0.0024127331149199627
2013-11-21,2013,2.7839999198913574,75.42564392089844,-0.800013542175293,-0.00800013542175293,0.010157476702502999
2013-11-22,2013,2.752000093460083,75.8319091796875,-3.1999826431274414,-0.031999826431274414,0.005386301497341206
2013-11-25,2013,2.740999937057495,76.01249694824219,-1.100015640258789,-0.01100015640258789,0.00238142189097168
2013-11-26,2013,2.696000099182129,76.40974426269531,-4.499983787536621,-0.04499983787536621,0.005226079005451023
2013-11-27,2013,2.7360000610351562,76.94243621826172,3.9999961853027344,0.039999961853027344,0.006971518629024898
2013-11-29,2013,2.740999937057495,77.4029312133789,0.4999876022338867,0.004999876022338867,0.005984928704504622
2013-12-02,2013,2.8010001182556152,77.17717742919922,6.000018119812012,0.06000018119812012,-0.002916605103201353
2013-12-03,2013,2.7750000953674316,77.11399841308594,-2.6000022888183594,-0.026000022888183594,-0.0008186230465766497
2013-12-04,2013,2.8410000801086426,77.18624114990234,6.599998474121094,0.06599998474121094,0.0009368303849246473
2013-12-05,2013,2.861999988555908,77.08690643310547,2.0999908447265625,0.020999908447265625,-0.0012869484938896614
2013-12-06,2013,2.882999897003174,77.64667510986328,2.0999908447265625,0.020999908447265625,0.007261527315842731
2013-12-09,2013,2.8570001125335693,77.96270751953125,-2.599978446960449,-0.025999784469604492,0.004070134480591792
2013-12-10,2013,2.796999931335449,77.90850067138672,-6.000018119812012,-0.06000018119812012,-0.0006952920167754284
2013-12-11,2013,2.8440001010894775,76.90634155273438,4.700016975402832,0.04700016975402832,-0.012863283338995224
2013-12-12,2013,2.877000093460083,76.70771789550781,3.299999237060547,0.03299999237060547,-0.0025826694290270735
2013-12-13,2013,2.868000030517578,76.6083984375,-0.9000062942504883,-0.009000062942504883,-0.0012947779015288763
2013-12-16,2013,2.877000093460083,77.03276062011719,0.9000062942504883,0.009000062942504883,0.005539368936989364
2013-12-17,2013,2.8429999351501465,76.87926483154297,-3.4000158309936523,-0.03400015830993652,-0.0019926040211797336
2013-12-18,2013,2.884999990463257,77.7730941772461,4.200005531311035,0.04200005531311035,0.011626403395787799
2013-12-19,2013,2.924999952316284,77.5564193725586,3.9999961853027344,0.039999961853027344,-0.002785986683179864
2013-12-20,2013,2.88700008392334,78.34622955322266,-3.7999868392944336,-0.037999868392944336,0.010183685464771663
2013-12-23,2013,2.928999900817871,79.17044067382812,4.199981689453125,0.04199981689453125,0.010520112139481563
2013-12-24,2013,2.9830000400543213,79.20667266845703,5.4000139236450195,0.054000139236450195,0.0004576454838514099
2013-12-26,2013,2.990000009536743,79.4693374633789,0.6999969482421875,0.006999969482421875,0.003316195291037438
2013-12-27,2013,3.00600004196167,79.27005767822266,1.6000032424926758,0.016000032424926758,-0.002507631138212063
2013-12-30,2013,2.9760000705718994,79.15230560302734,-2.999997138977051,-0.029999971389770508,-0.0014854546425751014
2013-12-31,2013,3.0260000228881836,79.66859436035156,4.999995231628418,0.04999995231628418,0.006522725439149779
2014-01-02,2014,2.984999895095825,79.04364013671875,-4.10001277923584,-0.0410001277923584,-0.007844423874306838
2014-01-03,2014,2.994999885559082,78.47301483154297,0.9999990463256836,0.009999990463256836,-0.007219117239398276
2014-01-06,2014,2.9609999656677246,78.18317413330078,-3.399991989135742,-0.03399991989135742,-0.003693507874832913
2014-01-07,2014,2.937000036239624,78.90774536132812,-2.3999929428100586,-0.023999929428100586,0.009267610787865532
2014-01-08,2014,2.993000030517578,79.0798568725586,5.59999942779541,0.0559999942779541,0.002181173856157681
2014-01-09,2014,2.9630000591278076,78.81721496582031,-2.999997138977051,-0.029999971389770508,-0.003321223850487498
2014-01-10,2014,2.859999895095825,79.07083129882812,-10.300016403198242,-0.10300016403198242,0.00321777841449733
2014-01-13,2014,2.8269999027252197,77.90243530273438,-3.299999237060547,-0.03299999237060547,-0.014776574077969284
2014-01-14,2014,2.86899995803833,79.3878173828125,4.200005531311035,0.04200005531311035,0.019067209828625087
2014-01-15,2014,2.884000062942505,80.03994750976562,1.5000104904174805,0.015000104904174805,0.008214486157347212
2014-01-16,2014,2.8429999351501465,80.04899597167969,-4.10001277923584,-0.0410001277923584,0.00011304932343891849
2014-01-17,2014,2.8269999027252197,79.5960922241211,-1.6000032424926758,-0.016000032424926758,-0.00565783170745604
2014-01-21,2014,2.825000047683716,80.20296478271484,-0.19998550415039062,-0.0019998550415039062,0.007624401420172289
2014-01-22,2014,2.859999895095825,80.41128540039062,3.4999847412109375,0.034999847412109375,0.002597417916409439
2014-01-23,2014,2.7730000019073486,80.13955688476562,-8.699989318847656,-0.08699989318847656,-0.0033792335773764615
2014-01-24,2014,2.734999895095825,78.56356811523438,-3.8000106811523438,-0.03800010681152344,-0.019665553826275772
2014-01-27,2014,2.7660000324249268,77.80281066894531,3.1000137329101562,0.031000137329101562,-0.009683336240192242
2014-01-28,2014,2.746000051498413,77.75750732421875,-1.9999980926513672,-0.019999980926513672,-0.0005822841660481082
2014-01-29,2014,2.674999952316284,76.92423248291016,-7.100009918212891,-0.0710000991821289,-0.010716326564252587
2014-01-30,2014,2.693000078201294,78.34622955322266,1.8000125885009766,0.018000125885009766,0.01848568421697827
2014-01-31,2014,2.6679999828338623,78.13790130615234,-2.500009536743164,-0.02500009536743164,-0.0026590717671842734
2014-02-03,2014,2.5810000896453857,76.34454345703125,-8.699989318847656,-0.08699989318847656,-0.02295119038447846
2014-02-04,2014,2.624000072479248,76.90608978271484,4.2999982833862305,0.042999982833862305,0.007355421884206459
2014-02-05,2014,2.6670000553131104,76.70682525634766,4.2999982833862305,0.042999982833862305,-0.0025910110230564776
2014-02-06,2014,2.7019999027252197,77.6850357055664,3.4999847412109375,0.034999847412109375,0.012752586825874435
2014-02-07,2014,2.674999952316284,79.07083129882812,-2.6999950408935547,-0.026999950408935547,0.017838642676486716
2014-02-10,2014,2.677999973297119,79.52366638183594,0.3000020980834961,0.003000020980834961,0.005726954877917523
2014-02-11,2014,2.7190001010894775,80.4294204711914,4.10001277923584,0.0410001277923584,0.011389742583125528
2014-02-12,2014,2.763000011444092,80.58338165283203,4.399991035461426,0.04399991035461426,0.001914239599622336
2014-02-13,2014,2.7360000610351562,81.1811752319336,-2.6999950408935547,-0.026999950408935547,0.007418323317293529
2014-02-14,2014,2.746000051498413,81.34420776367188,0.9999990463256836,0.009999990463256836,0.0020082553778324463
2014-02-18,2014,2.7109999656677246,81.74274444580078,-3.5000085830688477,-0.03500008583068848,0.004899386115932991
2014-02-19,2014,2.7339999675750732,81.1811752319336,2.3000001907348633,0.023000001907348633,-0.006869957910937696
2014-02-20,2014,2.753999948501587,81.56158447265625,1.9999980926513672,0.019999980926513672,0.004685929214942153
2014-02-21,2014,2.7339999675750732,81.45288848876953,-1.9999980926513672,-0.019999980926513672,-0.0013326860260195472
2014-02-24,2014,2.75,81.88764190673828,1.6000032424926758,0.016000032424926758,0.005337483127178411
2014-02-25,2014,2.7009999752044678,81.79703521728516,-4.900002479553223,-0.04900002479553223,-0.0011064757433889572
2014-02-26,2014,2.6730000972747803,81.72461700439453,-2.79998779296875,-0.0279998779296875,-0.0008853403145756555
2014-02-27,2014,2.6419999599456787,82.2548599243164,-3.1000137329101562,-0.031000137329101562,0.006488166471228185
2014-02-28,2014,2.6579999923706055,82.16387939453125,1.6000032424926758,0.016000032424926758,-0.0011060809035340347
2014-03-03,2014,2.6070001125335693,81.55451202392578,-5.099987983703613,-0.05099987983703613,-0.0074164873311231005
2014-03-04,2014,2.690999984741211,82.59134674072266,8.39998722076416,0.0839998722076416,0.012713394894603658
2014-03-05,2014,2.697999954223633,82.81871795654297,0.6999969482421875,0.006999969482421875,0.002752966561183401
2014-03-06,2014,2.736999988555908,82.74600219726562,3.900003433227539,0.03900003433227539,-0.0008780111679040914
2014-03-07,2014,2.7899999618530273,82.33670043945312,5.299997329711914,0.05299997329711914,-0.0049464837810137
2014-03-10,2014,2.7839999198913574,82.40947723388672,-0.6000041961669922,-0.006000041961669922,0.0008838925296394962
2014-03-11,2014,2.7660000324249268,82.05474853515625,-1.7999887466430664,-0.017999887466430664,-0.004304464858134072
2014-03-12,2014,2.7260000705718994,82.364013671875,-3.9999961853027344,-0.039999961853027344,0.0037690096214997304
2014-03-13,2014,2.6530001163482666,81.19984436035156,-7.299995422363281,-0.07299995422363281,-0.014134441239851414
2014-03-14,2014,2.6449999809265137,80.64505767822266,-0.800013542175293,-0.00800013542175293,-0.006832361397970832
2014-03-17,2014,2.6989998817443848,81.3544692993164,5.399990081787109,0.053999900817871094,0.008796715403494915
2014-03-18,2014,2.680999994277954,82.33670043945312,-1.7999887466430664,-0.017999887466430664,0.012073474863721678
2014-03-19,2014,2.7720000743865967,81.89105987548828,9.100008010864258,0.09100008010864258,-0.005412417082374499
2014-03-20,2014,2.7750000953674316,82.1184310913086,0.3000020980834961,0.003000020980834961,0.0027765084023336772
2014-03-21,2014,2.75,81.13027954101562,-2.500009536743164,-0.02500009536743164,-0.012033249261596657
2014-03-24,2014,2.7330000400543213,80.41923522949219,-1.699995994567871,-0.01699995994567871,-0.008764228541379149
2014-03-25,2014,2.734999895095825,80.68362426757812,0.19998550415039062,0.0019998550415039062,0.0032876343244430117
2014-03-26,2014,2.7009999752044678,79.64439392089844,-3.399991989135742,-0.03399991989135742,-0.012880313150450462
2014-03-27,2014,2.671999931335449,79.19770812988281,-2.9000043869018555,-0.029000043869018555,-0.0056085026079709666
2014-03-28,2014,2.7119998931884766,79.35269165039062,3.9999961853027344,0.039999961853027344,0.0019569192615225273
2014-03-31,2014,2.7230000495910645,79.91790008544922,1.100015640258789,0.01100015640258789,0.0071227380357652414
2014-04-01,2014,2.759000062942505,81.32170867919922,3.600001335144043,0.03600001335144043,0.017565634135144004
2014-04-02,2014,2.802999973297119,81.5313491821289,4.399991035461426,0.04399991035461426,0.0025779156185303798
2014-04-03,2014,2.7899999618530273,80.8841552734375,-1.3000011444091797,-0.013000011444091797,-0.007937976191779605
2014-04-04,2014,2.7260000705718994,78.7328109741211,-6.399989128112793,-0.06399989128112793,-0.026597845919804186
2014-04-07,2014,2.694999933242798,77.98533630371094,-3.1000137329101562,-0.031000137329101562,-0.009493814093032293
2014-04-08,2014,2.680999994277954,78.7054672241211,-1.399993896484375,-0.01399993896484375,0.009234183688143993
2014-04-09,2014,2.684000015258789,80.05461883544922,0.3000020980834961,0.003000020980834961,0.017141777552584614
2014-04-10,2014,2.628000020980835,77.57514190673828,-5.59999942779541,-0.0559999942779541,-0.030972315711195297
2014-04-11,2014,2.61899995803833,76.67269134521484,-0.9000062942504883,-0.009000062942504883,-0.011633244095233142
2014-04-14,2014,2.6389999389648438,77.2743148803711,1.9999980926513672,0.019999980926513672,0.007846646890839803
2014-04-15,2014,2.628000020980835,77.52957153320312,-1.099991798400879,-0.010999917984008789,0.0033032535225605564
2014-04-16,2014,2.63700008392334,78.55962371826172,0.9000062942504883,0.009000062942504883,0.013285926449593033
2014-04-17,2014,2.7209999561309814,78.57787322998047,8.39998722076416,0.0839998722076416,0.0002323014145815261
2014-04-21,2014,2.7209999561309814,79.16128540039062,0.0,0.0,0.007424636814776564
2014-04-22,2014,2.7260000705718994,79.79027557373047,0.5000114440917969,0.005000114440917969,0.007945679130378691
2014-04-23,2014,2.686000108718872,79.08834075927734,-3.9999961853027344,-0.039999961853027344,-0.00879724765212142
2014-04-24,2014,2.687999963760376,79.84492492675781,0.19998550415039062,0.0019998550415039062,0.009566317363810972
2014-04-25,2014,2.6659998893737793,78.56874084472656,-2.200007438659668,-0.02200007438659668,-0.01598328363639767
2014-04-28,2014,2.677000045776367,78.8239974975586,1.100015640258789,0.01100015640258789,0.003248832170245519
2014-04-29,2014,2.694999933242798,79.4530029296875,1.7999887466430664,0.017999887466430664,0.007979872273648603
2014-04-30,2014,2.6480000019073486,79.66263580322266,-4.699993133544922,-0.04699993133544922,0.0026384512328712084
2014-05-01,2014,2.6059999465942383,79.8996353149414,-4.200005531311035,-0.04200005531311035,0.0029750397953711705
2014-05-02,2014,2.5910000801086426,79.75379180908203,-1.4999866485595703,-0.014999866485595703,-0.001825333811406038
2014-05-05,2014,2.6110000610351562,80.17310333251953,1.9999980926513672,0.019999980926513672,0.005257574767620676
2014-05-06,2014,2.5950000286102295,79.13392639160156,-1.6000032424926758,-0.016000032424926758,-0.012961665417988932
2014-05-07,2014,2.5899999141693115,78.90605926513672,-0.5000114440917969,-0.005000114440917969,-0.0028795124525633486
2014-05-08,2014,2.6019999980926514,78.83309173583984,1.2000083923339844,0.012000083923339844,-0.0009247392402615962
2014-05-09,2014,2.622999906539917,79.12481689453125,2.0999908447265625,0.020999908447265625,0.003700541895133913
2014-05-12,2014,2.6559998989105225,80.42835998535156,3.299999237060547,0.03299999237060547,0.016474516365173608
2014-05-13,2014,2.618000030517578,80.48308563232422,-3.7999868392944336,-0.037999868392944336,0.0006804272396281341
2014-05-14,2014,2.5429999828338623,80.06371307373047,-7.500004768371582,-0.07500004768371582,-0.005210691852814864
2014-05-15,2014,2.502000093460083,79.43476104736328,-4.09998893737793,-0.0409998893737793,-0.00785564398928118
2014-05-16,2014,2.5179998874664307,79.9543228149414,1.5999794006347656,0.015999794006347656,0.006540735576309409
2014-05-19,2014,2.5360000133514404,80.51040649414062,1.8000125885009766,0.018000125885009766,0.006955017060007007
2014-05-20,2014,2.509000062942505,80.21869659423828,-2.6999950408935547,-0.026999950408935547,-0.0036232570745196035
2014-05-21,2014,2.5369999408721924,80.9843978881836,2.79998779296875,0.0279998779296875,0.009545172465446283
2014-05-22,2014,2.555000066757202,81.33995056152344,1.8000125885009766,0.018000125885009766,0.004390384847100526
2014-05-23,2014,2.5360000133514404,81.93246459960938,-1.9000053405761719,-0.01900005340576172,0.007284416009544659
2014-05-27,2014,2.5179998874664307,82.95343780517578,-1.8000125885009766,-0.018000125885009766,0.012461155789170286
2014-05-28,2014,2.437999963760376,82.69818878173828,-7.999992370605469,-0.07999992370605469,-0.0030770156149161343
2014-05-29,2014,2.447000026702881,83.22689819335938,0.9000062942504883,0.009000062942504883,0.006393240522068577
2014-05-30,2014,2.4570000171661377,83.23599243164062,0.9999990463256836,0.009999990463256836,0.00010927042192676595
2014-06-02,2014,2.5339999198913574,83.15399169921875,7.699990272521973,0.07699990272521973,-0.0009851595448834294
2014-06-03,2014,2.5929999351501465,83.11754608154297,5.900001525878906,0.05900001525878906,-0.00043829065726164185
2014-06-04,2014,2.6059999465942383,83.42742919921875,1.3000011444091797,0.013000011444091797,0.0037282515219081436
2014-06-05,2014,2.5840001106262207,84.12936401367188,-2.199983596801758,-0.021999835968017578,0.008413717421124733
2014-06-06,2014,2.5969998836517334,84.61248779296875,1.2999773025512695,0.012999773025512695,0.005742629639020613
2014-06-09,2014,2.61299991607666,84.5486831665039,1.6000032424926758,0.016000032424926758,-0.000754080492479603
2014-06-10,2014,2.634999990463257,84.6945571899414,2.200007438659668,0.02200007438659668,0.001725325788341614
2014-06-11,2014,2.640000104904175,84.6762924194336,0.5000114440917969,0.005000114440917969,-0.00021565459592465253
2014-06-12,2014,2.5859999656677246,83.91059112548828,-5.4000139236450195,-0.054000139236450195,-0.00904268800708119
2014-06-13,2014,2.6040000915527344,84.15670013427734,1.8000125885009766,0.018000125885009766,0.0029329910025421846
2014-06-16,2014,2.5969998836517334,84.2296371459961,-0.7000207901000977,-0.0070002079010009766,0.0008666809844299905
2014-06-17,2014,2.6549999713897705,84.27520751953125,5.800008773803711,0.05800008773803711,0.0005410254048248131
2014-06-18,2014,2.61299991607666,84.74922180175781,-4.200005531311035,-0.04200005531311035,0.00562459940685045
2014-06-19,2014,2.621999979019165,84.6945571899414,0.9000062942504883,0.009000062942504883,-0.0006450160916435799
2014-06-20,2014,2.624000072479248,84.7941665649414,0.20000934600830078,0.002000093460083008,0.0011761012549673655
2014-06-23,2014,2.622999906539917,84.81243896484375,-0.10001659393310547,-0.0010001659393310547,0.00021549123769437628
2014-06-24,2014,2.5859999656677246,84.73017883300781,-3.6999940872192383,-0.03699994087219238,-0.0009699064528734258
2014-06-25,2014,2.559000015258789,85.26947021484375,-2.6999950408935547,-0.026999950408935547,0.006364808728880567
2014-06-26,2014,2.5250000953674316,85.31514739990234,-3.399991989135742,-0.03399991989135742,0.0005356804134410975
2014-06-27,2014,2.5320000648498535,85.68992614746094,0.6999969482421875,0.006999969482421875,0.004392874641613975
2014-06-30,2014,2.5160000324249268,85.8361587524414,-1.6000032424926758,-0.016000032424926758,0.0017065320458886646
2014-07-01,2014,2.562999963760376,86.7776107788086,4.699993133544922,0.04699993133544922,0.010968012083141021
2014-07-02,2014,2.628000020980835,86.92385864257812,6.500005722045898,0.06500005722045898,0.0016853179346261182
2014-07-03,2014,2.6480000019073486,87.47225189208984,1.9999980926513672,0.019999980926513672,0.006308892150849621
2014-07-07,2014,2.617000102996826,87.20719146728516,-3.099989891052246,-0.03099989891052246,-0.003030222945805461
2014-07-08,2014,2.565000057220459,86.15608215332031,-5.200004577636719,-0.05200004577636719,-0.01205301187069141
2014-07-09,2014,2.546999931335449,86.7958755493164,-1.8000125885009766,-0.018000125885009766,0.007425980615710204
2014-07-10,2014,2.5320000648498535,86.52166748046875,-1.4999866485595703,-0.014999866485595703,-0.0031592292503790365
2014-07-11,2014,2.5199999809265137,87.07923126220703,-1.2000083923339844,-0.012000083923339844,0.006444209849101101
2014-07-14,2014,2.5490000247955322,87.60020446777344,2.9000043869018555,0.029000043869018555,0.005982749250480701
2014-07-15,2014,2.5490000247955322,87.2986068725586,0.0,0.0,-0.0034428868864775364
2014-07-16,2014,2.5380001068115234,87.64591979980469,-1.099991798400879,-0.010999917984008789,0.003978447534141116
2014-07-17,2014,2.4749999046325684,86.48512268066406,-6.300020217895508,-0.06300020217895508,-0.013244166092295506
2014-07-18,2014,2.4839999675750732,87.85614776611328,0.9000062942504883,0.009000062942504883,0.015852727532243538
2014-07-21,2014,2.4739999771118164,87.7464599609375,-0.9999990463256836,-0.009999990463256836,-0.0012484932240346414
2014-07-22,2014,2.4660000801086426,88.30400848388672,-0.7999897003173828,-0.007999897003173828,0.006354085659950659
2014-07-23,2014,2.4639999866485596,88.8707275390625,-0.20000934600830078,-0.002000093460083008,0.006417818000631126
2014-07-24,2014,2.509000062942505,88.77015686035156,4.500007629394531,0.04500007629394531,-0.001131651349053353
2014-07-25,2014,2.4690001010894775,88.4228286743164,-3.9999961853027344,-0.039999961853027344,-0.003912668382253237
2014-07-28,2014,2.490999937057495,88.45026397705078,2.199983596801758,0.021999835968017578,0.000310273977271569
2014-07-29,2014,2.4619998931884766,88.29487609863281,-2.9000043869018555,-0.029000043869018555,-0.001756782528747336
2014-07-30,2014,2.553999900817871,88.6422348022461,9.200000762939453,0.09200000762939453,0.003934075440858553
2014-07-31,2014,2.555999994277954,86.8507080078125,0.20000934600830078,0.002000093460083008,-0.020210758431692843
2014-08-01,2014,2.505000114440918,86.53083038330078,-5.099987983703613,-0.05099987983703613,-0.0036830744601753507
2014-08-04,2014,2.490999937057495,87.12492370605469,-1.4000177383422852,-0.014000177383422852,0.006865683827628644
2014-08-05,2014,2.4830000400543213,86.45767974853516,-0.7999897003173828,-0.007999897003173828,-0.007658473937615207
2014-08-06,2014,2.4739999771118164,86.39372253417969,-0.9000062942504883,-0.009000062942504883,-0.0007397516859287689
2014-08-07,2014,2.4240000247955322,86.11949920654297,-4.999995231628418,-0.04999995231628418,-0.0031741117247058304
2014-08-08,2014,2.4149999618530273,86.74102020263672,-0.9000062942504883,-0.009000062942504883,0.0072169601753389045
2014-08-11,2014,2.4200000762939453,87.25289154052734,0.5000114440917969,0.005000114440917969,0.005901145002616293
2014-08-12,2014,2.441999912261963,87.21631622314453,2.199983596801758,0.021999835968017578,-0.00041918745312663486
2014-08-13,2014,2.4130001068115234,88.13948822021484,-2.8999805450439453,-0.028999805450439453,0.010584854268648192
2014-08-14,2014,2.4000000953674316,88.59651184082031,-1.3000011444091797,-0.013000011444091797,0.0051852311584066335
2014-08-15,2014,2.3450000286102295,89.0261001586914,-5.500006675720215,-0.05500006675720215,0.004848817509236936
2014-08-18,2014,2.38700008392334,89.71163940429688,4.200005531311035,0.04200005531311035,0.00770042992317399
2014-08-19,2014,2.4049999713897705,90.2143325805664,1.7999887466430664,0.017999887466430664,0.00560343317330414
2014-08-20,2014,2.4260001182556152,90.2143325805664,2.1000146865844727,0.021000146865844727,0.0
2014-08-21,2014,2.4070000648498535,90.39714813232422,-1.9000053405761719,-0.01900005340576172,0.0020264579532809357
2014-08-22,2014,2.4030001163482666,90.53424072265625,-0.3999948501586914,-0.003999948501586914,0.0015165587981973427
2014-08-25,2014,2.38700008392334,90.8541488647461,-1.6000032424926758,-0.016000032424926758,0.0035335596735146524
2014-08-26,2014,2.3910000324249268,90.94552612304688,0.3999948501586914,0.003999948501586914,0.0010057576835242887
2014-08-27,2014,2.3610000610351562,90.96382904052734,-2.999997138977051,-0.029999971389770508,0.000201251433255889
2014-08-28,2014,2.3340001106262207,90.86328887939453,-2.6999950408935547,-0.026999950408935547,-0.0011052762641293734
2014-08-29,2014,2.3429999351501465,91.20147705078125,0.8999824523925781,0.008999824523925781,0.003721945084286027
2014-09-02,2014,2.4189999103546143,91.46656036376953,7.599997520446777,0.07599997520446777,0.0029065681999940196
2014-09-03,2014,2.4100000858306885,90.92728424072266,-0.8999824523925781,-0.008999824523925781,-0.005895882833049981
2014-09-04,2014,2.447999954223633,90.84503936767578,3.7999868392944336,0.037999868392944336,-0.0009045125864436399
2014-09-05,2014,2.4609999656677246,91.302001953125,1.3000011444091797,0.013000011444091797,0.005030132505086549
2014-09-08,2014,2.4690001010894775,91.47573852539062,0.800013542175293,0.00800013542175293,0.0019028780152576807
2014-09-09,2014,2.5,90.71707153320312,3.099989891052246,0.03099989891052246,-0.008293641619268488
2014-09-10,2014,2.5339999198913574,91.46656036376953,3.399991989135742,0.03399991989135742,0.008261827877590777
2014-09-11,2014,2.5309998989105225,91.39342498779297,-0.3000020980834961,-0.003000020980834961,-0.000799585943602743
2014-09-12,2014,2.614000082015991,90.92728424072266,8.300018310546875,0.08300018310546875,-0.005100375077666364
2014-09-15,2014,2.5910000801086426,90.04979705810547,-2.3000001907348633,-0.023000001907348633,-0.009650427701041964
2014-09-16,2014,2.5889999866485596,90.83589172363281,-0.20000934600830078,-0.002000093460083008,0.008729555104050934
2014-09-17,2014,2.5999999046325684,90.97298431396484,1.099991798400879,0.010999917984008789,0.0015092337151170199
2014-09-18,2014,2.628999948501587,91.65850830078125,2.9000043869018555,0.029000043869018555,0.007535467721390132
2014-09-19,2014,2.5869998931884766,91.60171508789062,-4.200005531311035,-0.04200005531311035,-0.000619617468617939
2014-09-22,2014,2.565999984741211,90.74961853027344,-2.0999908447265625,-0.020999908447265625,-0.009302189995019305
2014-09-23,2014,2.5350000858306885,90.50228118896484,-3.099989891052246,-0.03099989891052246,-0.0027254918016661467
2014-09-24,2014,2.569000005722046,91.47340393066406,3.399991989135742,0.03399991989135742,0.010730367554731002
2014-09-25,2014,2.510999917984009,89.54942321777344,-5.800008773803711,-0.05800008773803711,-0.02103322528971352
2014-09-26,2014,2.5350000858306885,90.50228118896484,2.4000167846679688,0.024000167846679688,0.010640581892684686
2014-09-29,2014,2.490999937057495,90.38314819335938,-4.400014877319336,-0.04400014877319336,-0.001316353511097934
2014-09-30,2014,2.507999897003174,90.51139831542969,1.699995994567871,0.01699995994567871,0.0014189605544159267
2014-10-01,2014,2.4030001163482666,89.06383514404297,-10.499978065490723,-0.10499978065490723,-0.01599315885433572
2014-10-02,2014,2.437999963760376,89.06383514404297,3.4999847412109375,0.034999847412109375,0.0
2014-10-03,2014,2.447000026702881,89.94336700439453,0.9000062942504883,0.009000062942504883,0.009875297408079131
2014-10-06,2014,2.424999952316284,89.75096130371094,-2.200007438659668,-0.02200007438659668,-0.0021391872140409385
2014-10-07,2014,2.3499999046325684,88.47742462158203,-7.500004768371582,-0.07500004768371582,-0.014189671772086632
2014-10-08,2014,2.3299999237060547,90.19989013671875,-1.9999980926513672,-0.019999980926513672,0.019467853212316033
2014-10-09,2014,2.3269999027252197,88.74314880371094,-0.3000020980834961,-0.003000020980834961,-0.016150145313922004
2014-10-10,2014,2.306999921798706,86.52595520019531,-1.9999980926513672,-0.019999980926513672,-0.024984391847755916
2014-10-13,2014,2.2860000133514404,85.1699447631836,-2.0999908447265625,-0.020999908447265625,-0.01567171877934559
2014-10-14,2014,2.2060000896453857,85.17914581298828,-7.999992370605469,-0.07999992370605469,0.00010803165166151096
2014-10-15,2014,2.0899999141693115,84.62939453125,-11.600017547607422,-0.11600017547607422,-0.006454059576334159
2014-10-16,2014,2.1530001163482666,84.0980224609375,6.300020217895508,0.06300020217895508,-0.006278812146248813
2014-10-17,2014,2.1989998817443848,85.20661163330078,4.599976539611816,0.045999765396118164,0.013182107496977125
2014-10-20,2014,2.180999994277954,86.48015594482422,-1.7999887466430664,-0.017999887466430664,0.014946543315257355
2014-10-21,2014,2.2079999446868896,88.7523422241211,2.6999950408935547,0.026999950408935547,0.026274077035043364
2014-10-22,2014,2.2290000915527344,88.29421997070312,2.1000146865844727,0.021000146865844727,-0.005161804657065838
2014-10-23,2014,2.2750000953674316,89.62271118164062,4.600000381469727,0.046000003814697266,0.015046185485055652
2014-10-24,2014,2.2730000019073486,90.35565948486328,-0.20000934600830078,-0.002000093460083008,0.0081781536572485
2014-10-27,2014,2.256999969482422,90.4197998046875,-1.6000032424926758,-0.016000032424926758,0.0007098649956172043
2014-10-28,2014,2.2839999198913574,91.78492736816406,2.6999950408935547,0.026999950408935547,0.015097661866375844
2014-10-29,2014,2.322999954223633,91.44593048095703,3.900003433227539,0.03900003433227539,-0.003693382965236358
2014-10-30,2014,2.305000066757202,91.6383056640625,-1.7999887466430664,-0.017999887466430664,0.0021037041461953176
2014-10-31,2014,2.3350000381469727,92.90270233154297,2.999997138977051,0.029999971389770508,0.013797687095128408
2014-11-03,2014,2.3480000495910645,93.17755126953125,1.3000011444091797,0.013000011444091797,0.002958460099550475
2014-11-04,2014,2.3420000076293945,92.86603546142578,-0.6000041961669922,-0.006000041961669922,-0.003343249568818929
2014-11-05,2014,2.3499999046325684,92.87523651123047,0.7999897003173828,0.007999897003173828,9.907874024084329e-05
2014-11-06,2014,2.375,93.16841125488281,2.500009536743164,0.02500009536743164,0.0031566513816294606
2014-11-07,2014,2.312000036239624,93.08592987060547,-6.299996376037598,-0.06299996376037598,-0.0008852934504990362
2014-11-10,2014,2.3589999675750732,93.415771484375,4.699993133544922,0.04699993133544922,0.003543409989329449
2014-11-11,2014,2.359999895095825,93.70893096923828,0.09999275207519531,0.0009999275207519531,0.0031382225956599896
2014-11-12,2014,2.3589999675750732,93.87388610839844,-0.09999275207519531,-0.0009999275207519531,0.0017602926151649712
2014-11-13,2014,2.3469998836517334,94.27699279785156,-1.2000083923339844,-0.012000083923339844,0.004294130201317525
2014-11-14,2014,2.319999933242798,94.5701675415039,-2.6999950408935547,-0.026999950408935547,0.0031097167500979683
2014-11-17,2014,2.3399999141693115,94.28616333007812,1.9999980926513672,0.019999980926513672,-0.003003105723600852
2014-11-18,2014,2.322000026702881,94.99163055419922,-1.7999887466430664,-0.017999887466430664,0.007482192499989493
2014-11-19,2014,2.3510000705718994,94.5610122680664,2.9000043869018555,0.029000043869018555,-0.00453322343895457
2014-11-20,2014,2.3350000381469727,94.98247528076172,-1.6000032424926758,-0.016000032424926758,0.0044570484450878745
2014-11-21,2014,2.315000057220459,95.16573333740234,-1.9999980926513672,-0.019999980926513672,0.0019293880907917949
2014-11-24,2014,2.309999942779541,95.9078369140625,-0.5000114440917969,-0.005000114440917969,0.007798012484484085
2014-11-25,2014,2.259999990463257,96.054443359375,-4.999995231628418,-0.04999995231628418,0.0015286179944176137
2014-11-26,2014,2.2339999675750732,96.67744445800781,-2.6000022888183594,-0.026000022888183594,0.006485916495314381
2014-11-28,2014,2.194000005722046,97.12638854980469,-3.9999961853027344,-0.039999961853027344,0.004643731475461932
2014-12-01,2014,2.2179999351501465,96.02694702148438,2.3999929428100586,0.023999929428100586,-0.011319699463102517
2014-12-02,2014,2.2850000858306885,96.41173553466797,6.700015068054199,0.06700015068054199,0.004007088896593736
2014-12-03,2014,2.2869999408721924,96.58582305908203,0.19998550415039062,0.0019998550415039062,0.001805667364544572
2014-12-04,2014,2.256999969482422,96.5400390625,-2.999997138977051,-0.029999971389770508,-0.000474023983354388
2014-12-05,2014,2.306999921798706,96.54917907714844,4.999995231628418,0.04999995231628418,9.467589548539657e-05
2014-12-08,2014,2.256999969482422,95.8620376586914,-4.999995231628418,-0.04999995231628418,-0.00711700943524296
2014-12-09,2014,2.2200000286102295,96.16436767578125,-3.6999940872192383,-0.03699994087219238,0.003153803366524155
2014-12-10,2014,2.1689999103546143,94.65264892578125,-5.100011825561523,-0.051000118255615234,-0.015720154840478617
2014-12-11,2014,2.177999973297119,95.10159301757812,0.9000062942504883,0.009000062942504883,0.004743069495592334
2014-12-12,2014,2.1029999256134033,94.0662612915039,-7.500004768371582,-0.07500004768371582,-0.010886586577817381
2014-12-15,2014,2.115999937057495,93.09510803222656,1.3000011444091797,0.013000011444091797,-0.010324140089588707
2014-12-16,2014,2.071000099182129,91.60171508789062,-4.499983787536621,-0.04499983787536621,-0.0160415834505393
2014-12-17,2014,2.1480000019073486,93.2691650390625,7.699990272521973,0.07699990272521973,0.01820326125522853
2014-12-18,2014,2.2039999961853027,95.51383972167969,5.59999942779541,0.0559999942779541,0.02406663211445159
2014-12-19,2014,2.1760001182556152,95.93414306640625,-2.79998779296875,-0.0279998779296875,0.004400444437699269
2014-12-22,2014,2.1619999408721924,96.17322540283203,-1.4000177383422852,-0.014000177383422852,0.0024921506440129804
2014-12-23,2014,2.256999969482422,95.83296966552734,9.50000286102295,0.09500002861022949,-0.0035379466153858674
2014-12-24,2014,2.2639999389648438,95.91573333740234,0.6999969482421875,0.006999969482421875,0.0008636242011894613
2014-12-26,2014,2.25,96.59625244140625,-1.399993896484375,-0.01399993896484375,0.007094968472065366
2014-12-29,2014,2.2070000171661377,96.5778579711914,-4.2999982833862305,-0.042999982833862305,-0.00019042633383736796
2014-12-30,2014,2.190000057220459,95.93414306640625,-1.699995994567871,-0.01699995994567871,-0.006665243134478804
2014-12-31,2014,2.1700000762939453,94.95015716552734,-1.9999980926513672,-0.019999980926513672,-0.010256889460072416
2015-01-02,2015,2.122999906539917,94.66506958007812,-4.700016975402832,-0.04700016975402832,-0.003002497246552438
2015-01-05,2015,2.0390000343322754,93.27644348144531,-8.39998722076416,-0.0839998722076416,-0.01466883302143629
2015-01-06,2015,1.9630000591278076,92.0257797241211,-7.599997520446777,-0.07599997520446777,-0.013408141548332142
2015-01-07,2015,1.9539999961853027,93.21208190917969,-0.9000062942504883,-0.009000062942504883,0.012890976730813186
2015-01-08,2015,2.0160000324249268,94.99614715576172,6.200003623962402,0.06200003623962402,0.01913984979243688
2015-01-09,2015,1.9709999561309814,94.37079620361328,-4.500007629394531,-0.04500007629394531,-0.006582908579682467
2015-01-12,2015,1.9119999408721924,93.3868179321289,-5.900001525878906,-0.05900001525878906,-0.010426724273485566
2015-01-13,2015,1.8899999856948853,93.35921478271484,-2.199995517730713,-0.02199995517730713,-0.0002955786483068712
2015-01-14,2015,1.8370000123977661,92.8442611694336,-5.299997329711914,-0.05299997329711914,-0.0055158305956166664
2015-01-15,2015,1.774999976158142,91.6395492553711,-6.200003623962402,-0.06200003623962402,-0.012975620667216026
2015-01-16,2015,1.815000057220459,92.71549224853516,4.0000081062316895,0.040000081062316895,0.011741033231904563
2015-01-20,2015,1.8070000410079956,93.45115661621094,-0.8000016212463379,-0.008000016212463379,0.007934643389518437
2015-01-21,2015,1.8530000448226929,93.92938232421875,4.600000381469727,0.046000003814697266,0.0051173867218339275
2015-01-22,2015,1.8960000276565552,95.66744232177734,4.2999982833862305,0.042999982833862305,0.018503901064304662
2015-01-23,2015,1.8170000314712524,95.87894439697266,-7.899999618530273,-0.07899999618530273,0.0022108051606932744
2015-01-26,2015,1.8279999494552612,95.76862335205078,1.099991798400879,0.010999917984008789,-0.0011506284890362428
2015-01-27,2015,1.8250000476837158,93.28563690185547,-0.299990177154541,-0.00299990177154541,-0.025926930588400676
2015-01-28,2015,1.7239999771118164,92.80743408203125,-10.100007057189941,-0.10100007057189941,-0.005126221310225221
2015-01-29,2015,1.7510000467300415,93.69943237304688,2.7000069618225098,0.027000069618225098,0.009611280603094796
2015-01-30,2015,1.6749999523162842,92.97298431396484,-7.600009441375732,-0.07600009441375732,-0.007752961151246018
2015-02-02,2015,1.6729999780654907,93.78224182128906,-0.1999974250793457,-0.001999974250793457,0.008704222127488226
2015-02-03,2015,1.7799999713897705,94.6834487915039,10.699999332427979,0.10699999332427979,0.009609569495386827
2015-02-04,2015,1.7970000505447388,94.60067749023438,1.7000079154968262,0.01700007915496826,-0.0008741897588858683
2015-02-05,2015,1.815000057220459,95.41914367675781,1.8000006675720215,0.018000006675720215,0.008651800475825588
2015-02-06,2015,1.937999963760376,94.83979034423828,12.2999906539917,0.12299990653991699,-0.006071667698906991
2015-02-09,2015,1.9479999542236328,94.53633117675781,0.9999990463256836,0.009999990463256836,-0.0031997030611202737
2015-02-10,2015,1.9910000562667847,96.0076904296875,4.3000102043151855,0.043000102043151855,0.015563955514400485
2015-02-11,2015,1.9880000352859497,96.35713958740234,-0.3000020980834961,-0.003000020980834961,0.003639803813120235
2015-02-12,2015,1.9859999418258667,97.47905731201172,-0.20000934600830078,-0.002000093460083008,0.011643327411060334
2015-02-13,2015,2.0209999084472656,98.3159408569336,3.4999966621398926,0.034999966621398926,0.008585265061018976
2015-02-17,2015,2.1449999809265137,98.40788269042969,12.400007247924805,0.12400007247924805,0.0009351671020458863
2015-02-18,2015,2.065999984741211,98.54584503173828,-7.899999618530273,-0.07899999618530273,0.0014019440062804644
2015-02-19,2015,2.11299991607666,99.03321838378906,4.699993133544922,0.04699993133544922,0.004945650949502944
2015-02-20,2015,2.132999897003174,99.69537353515625,1.9999980926513672,0.019999980926513672,0.006686192392547419
2015-02-23,2015,2.059000015258789,99.7965087890625,-7.399988174438477,-0.07399988174438477,0.0010144428003029393
2015-02-24,2015,1.9880000352859497,99.87006378173828,-7.0999979972839355,-0.07099997997283936,0.0007370497582359636
2015-02-25,2015,1.968999981880188,99.62177276611328,-1.9000053405761719,-0.01900005340576172,-0.00248614055326557
2015-02-26,2015,2.0160000324249268,100.12757110595703,4.700005054473877,0.04700005054473877,0.005077186701256897
2015-02-27,2015,2.002000093460083,99.6861801147461,-1.399993896484375,-0.01399993896484375,-0.004408286212634116
2015-03-02,2015,2.0840001106262207,100.5873794555664,8.20000171661377,0.0820000171661377,0.009040363867719448
2015-03-03,2015,2.121999979019165,100.11837005615234,3.7999868392944336,0.037999868392944336,-0.0046627062157558186
2015-03-04,2015,2.122999906539917,99.73210906982422,0.09999275207519531,0.0009999275207519531,-0.00385804309550275
2015-03-05,2015,2.111999988555908,99.90686798095703,-1.099991798400879,-0.010999917984008789,0.001752283319411907
2015-03-06,2015,2.240000009536743,98.7757339477539,12.800002098083496,0.12800002098083496,-0.01132188463178252
2015-03-09,2015,2.194999933242798,99.0608139038086,-4.500007629394531,-0.04500007629394531,0.0028861335133736343
2015-03-10,2015,2.125999927520752,97.22159576416016,-6.90000057220459,-0.0690000057220459,-0.018566555908114957
2015-03-11,2015,2.1089999675750732,96.66062927246094,-1.699995994567871,-0.01699995994567871,-0.005769978236728535
2015-03-12,2015,2.0959999561309814,97.29515838623047,-1.3000011444091797,-0.013000011444091797,0.006564504271754368
2015-03-13,2015,2.111999988555908,96.87213897705078,1.6000032424926758,0.016000032424926758,-0.004347795061912962
2015-03-16,2015,2.0980000495910645,98.12278747558594,-1.399993896484375,-0.01399993896484375,0.01291030126661541
2015-03-17,2015,2.058000087738037,98.27912902832031,-3.9999961853027344,-0.039999961853027344,0.0015933256357323344
2015-03-18,2015,1.9509999752044678,99.2447509765625,-10.700011253356934,-0.10700011253356934,0.0098253002218196
2015-03-19,2015,1.9769999980926514,99.39185333251953,2.6000022888183594,0.026000022888183594,0.0014822179965141569
2015-03-20,2015,1.9299999475479126,100.03524780273438,-4.700005054473877,-0.04700005054473877,0.0064733119329443145
2015-03-23,2015,1.9149999618530273,99.8416748046875,-1.4999985694885254,-0.014999985694885254,-0.001935047918595556
2015-03-24,2015,1.878000020980835,99.48222351074219,-3.6999940872192383,-0.03699994087219238,-0.0036002129836911756
2015-03-25,2015,1.9199999570846558,97.20553588867188,4.19999361038208,0.0419999361038208,-0.022885371292736267
2015-03-26,2015,2.006999969482422,96.87371063232422,8.700001239776611,0.08700001239776611,-0.0034136456665152526
2015-03-27,2015,1.9479999542236328,97.26081848144531,-5.900001525878906,-0.05900001525878906,0.003996005176165163
2015-03-30,2015,1.9630000591278076,98.37614440917969,1.5000104904174805,0.015000104904174805,0.011467371395266879
2015-03-31,2015,1.934000015258789,97.33457946777344,-2.9000043869018555,-0.029000043869018555,-0.010587576364794571
2015-04-01,2015,1.8680000305175781,96.8276138305664,-6.599998474121094,-0.06599998474121094,-0.005208484384266354
2015-04-02,2015,1.9040000438690186,96.89217376708984,3.600001335144043,0.03600001335144043,0.0006667512909737106
2015-04-06,2015,1.9040000438690186,97.68485260009766,0.0,0.0,0.008181040864180256
2015-04-07,2015,1.8930000066757202,97.5189208984375,-1.100003719329834,-0.01100003719329834,-0.001698643108358322
2015-04-08,2015,1.8949999809265137,98.29318237304688,0.1999974250793457,0.001999974250793457,0.007939602566108483
2015-04-09,2015,1.9579999446868896,98.91075134277344,6.299996376037598,0.06299996376037598,0.006282927816730233
2015-04-10,2015,1.9509999752044678,99.31629943847656,-0.6999969482421875,-0.006999969482421875,0.004100141695392745
2015-04-13,2015,1.9390000104904175,99.06745147705078,-1.1999964714050293,-0.011999964714050293,-0.0025056104872286378
2015-04-14,2015,1.9040000438690186,98.78169250488281,-3.4999966621398926,-0.034999966621398926,-0.0028844889810673013
2015-04-15,2015,1.899999976158142,99.39926147460938,-0.4000067710876465,-0.004000067710876465,0.006251856534003286
2015-04-16,2015,1.878000020980835,99.2610092163086,-2.199995517730713,-0.02199995517730713,-0.0013908781237383927
2015-04-17,2015,1.850000023841858,97.71249389648438,-2.799999713897705,-0.02799999713897705,-0.015600439004702316
2015-04-20,2015,1.8949999809265137,99.17803955078125,4.499995708465576,0.04499995708465576,0.014998549273028017
2015-04-21,2015,1.9160000085830688,99.6020278930664,2.1000027656555176,0.021000027656555176,0.004275022416308838
2015-04-22,2015,1.972000002861023,100.14586639404297,5.59999942779541,0.0559999942779541,0.005460114743451205
2015-04-23,2015,1.9470000267028809,100.52377319335938,-2.499997615814209,-0.02499997615814209,0.003773563631967125
2015-04-24,2015,1.9170000553131104,101.88790893554688,-2.999997138977051,-0.029999971389770508,0.013570279933320384
2015-04-27,2015,1.9240000247955322,101.62982177734375,0.6999969482421875,0.006999969482421875,-0.002533049906504492
2015-04-28,2015,1.9730000495910645,101.42705535888672,4.900002479553223,0.04900002479553223,-0.0019951468467716005
2015-04-29,2015,2.0350000858306885,100.79104614257812,6.200003623962402,0.06200003623962402,-0.006270607128030625
2015-04-30,2015,2.0460000038146973,99.20568084716797,1.099991798400879,0.010999917984008789,-0.015729227506652843
2015-05-01,2015,2.117000102996826,100.51455688476562,7.100009918212891,0.0710000991821289,0.013193559344792494
2015-05-04,2015,2.134999990463257,100.68043518066406,1.7999887466430664,0.017999887466430664,0.0016502912716276352
2015-05-05,2015,2.1760001182556152,99.03980255126953,4.10001277923584,0.0410001277923584,-0.016295446344173348
2015-05-06,2015,2.240000009536743,98.35769653320312,6.399989128112793,0.06399989128112793,-0.006887190811121657
2015-05-07,2015,2.184000015258789,98.94761657714844,-5.59999942779541,-0.0559999942779541,0.00599770088908258
2015-05-08,2015,2.1500000953674316,100.1827163696289,-3.399991989135742,-0.03399991989135742,0.012482360214482568
2015-05-11,2015,2.2739999294281006,99.79560089111328,12.399983406066895,0.12399983406066895,-0.0038640944520543785
2015-05-12,2015,2.259999990463257,99.34395599365234,-1.399993896484375,-0.01399993896484375,-0.004525699463984623
2015-05-13,2015,2.2820000648498535,99.5467300415039,2.200007438659668,0.02200007438659668,0.002041131197397794
2015-05-14,2015,2.239000082015991,101.00305938720703,-4.2999982833862305,-0.042999982833862305,0.014629605061823092
2015-05-15,2015,2.1410000324249268,101.00305938720703,-9.800004959106445,-0.09800004959106445,0.0
2015-05-18,2015,2.2279999256134033,101.44549560546875,8.699989318847656,0.08699989318847656,0.00438042392919602
2015-05-19,2015,2.26200008392334,101.33487701416016,3.4000158309936523,0.03400015830993652,-0.0010904238837651237
2015-05-20,2015,2.250999927520752,101.39938354492188,-1.100015640258789,-0.01100015640258789,0.0006365679089215259
2015-05-21,2015,2.184999942779541,101.9248046875,-6.599998474121094,-0.06599998474121094,0.005181699574587251
2015-05-22,2015,2.2149999141693115,101.82340240478516,2.999997138977051,0.029999971389770508,-0.0009948734562282846
2015-05-26,2015,2.13700008392334,100.65278625488281,-7.799983024597168,-0.07799983024597168,-0.011496533431958222
2015-05-27,2015,2.134999990463257,102.27505493164062,-0.20000934600830078,-0.002000093460083008,0.016117474111940977
2015-05-28,2015,2.130000114440918,102.04460906982422,-0.4999876022338867,-0.004999876022338867,-0.002253197145388297
2015-05-29,2015,2.0950000286102295,101.43630981445312,-3.5000085830688477,-0.03500008583068848,-0.005961111134786812
2015-06-01,2015,2.191999912261963,101.77731323242188,9.69998836517334,0.0969998836517334,0.0033617490481714363
2015-06-02,2015,2.2660000324249268,101.4547119140625,7.400012016296387,0.07400012016296387,-0.0031696780757286547
2015-06-03,2015,2.365999937057495,101.75887298583984,9.999990463256836,0.09999990463256836,0.0029979984767487533
2015-06-04,2015,2.306999921798706,100.98463439941406,-5.900001525878906,-0.05900001525878906,-0.0076085609412509525
2015-06-05,2015,2.4019999504089355,100.7449951171875,9.50000286102295,0.09500002861022949,-0.0023730271803404923
2015-06-08,2015,2.38100004196167,99.72187042236328,-2.0999908447265625,-0.020999908447265625,-0.010155588311202113
2015-06-09,2015,2.4170000553131104,99.55595397949219,3.600001335144043,0.03600001335144043,-0.0016637919261679457
2015-06-10,2015,2.4779999256134033,100.92008972167969,6.099987030029297,0.06099987030029297,0.013702201502368228
2015-06-11,2015,2.382999897003174,101.06761169433594,-9.50000286102295,-0.09500002861022949,0.0014617701298431651
2015-06-12,2015,2.384999990463257,100.2380142211914,0.20000934600830078,0.002000093460083008,-0.0082083415174935
2015-06-15,2015,2.3580000400543213,99.74030303955078,-2.6999950408935547,-0.026999950408935547,-0.004965293711249541
2015-06-16,2015,2.318000078201294,100.28410339355469,-3.9999961853027344,-0.039999961853027344,0.00545216264069559
2015-06-17,2015,2.305999994277954,100.56060791015625,-1.2000083923339844,-0.012000083923339844,0.0027572118336287588
2015-06-18,2015,2.3510000705718994,102.02616882324219,4.500007629394531,0.04500007629394531,0.014573906657319613
2015-06-19,2015,2.2669999599456787,101.52177429199219,-8.40001106262207,-0.0840001106262207,-0.004943776063216165
2015-06-22,2015,2.359999895095825,102.27009582519531,9.299993515014648,0.09299993515014648,0.00737104466920413
2015-06-23,2015,2.4089999198913574,102.35322570800781,4.900002479553223,0.04900002479553223,0.0008128464351357945
2015-06-24,2015,2.371000051498413,101.82662963867188,-3.7999868392944336,-0.037999868392944336,-0.005144889823386789
2015-06-25,2015,2.3929998874664307,101.6233901977539,2.199983596801758,0.021999835968017578,-0.0019959360497264766
2015-06-26,2015,2.4760000705718994,100.94898223876953,8.300018310546875,0.08300018310546875,-0.0066363458025953115
2015-06-29,2015,2.3310000896453857,98.5654296875,-14.499998092651367,-0.14499998092651367,-0.02361145697964373
2015-06-30,2015,2.3350000381469727,98.91651153564453,0.3999948501586914,0.003999948501586914,0.0035619166807026037
2015-07-01,2015,2.4179999828338623,99.7017822265625,8.299994468688965,0.08299994468688965,0.007938722046773705
2015-07-02,2015,2.3929998874664307,99.72949981689453,-2.500009536743164,-0.02500009536743164,0.00027800496353269644
2015-07-06,2015,2.2780001163482666,99.49855041503906,-11.499977111816406,-0.11499977111816406,-0.002315758148586866
2015-07-07,2015,2.2309999465942383,99.74798583984375,-4.700016975402832,-0.04700016975402832,0.0025069252141283194
2015-07-08,2015,2.2060000896453857,98.0111312866211,-2.499985694885254,-0.02499985694885254,-0.017412427314686507
2015-07-09,2015,2.3010001182556152,97.95569610595703,9.50000286102295,0.09500002861022949,-0.0005656008652930034
2015-07-10,2015,2.4170000553131104,99.45234680175781,11.599993705749512,0.11599993705749512,0.015278853147874916
2015-07-13,2015,2.430000066757202,101.19841003417969,1.3000011444091797,0.013000011444091797,0.017556782605667065
2015-07-14,2015,2.3989999294281006,101.86360168457031,-3.1000137329101562,-0.031000137329101562,0.006573143295096839
2015-07-15,2015,2.3499999046325684,101.97445678710938,-4.900002479553223,-0.04900002479553223,0.0010882700072036844
2015-07-16,2015,2.3519999980926514,103.41566467285156,0.20000934600830078,0.002000093460083008,0.014133028320523211
2015-07-17,2015,2.3489999771118164,104.93999481201172,-0.3000020980834961,-0.003000020980834961,0.014739837953778867
2015-07-20,2015,2.371999979019165,105.3003158569336,2.3000001907348633,0.023000001907348633,0.003433591221033927
2015-07-21,2015,2.3399999141693115,105.23563385009766,-3.2000064849853516,-0.032000064849853516,-0.0006142622299805112
2015-07-22,2015,2.322000026702881,104.04387664794922,-1.7999887466430664,-0.017999887466430664,-0.011324654573241166
2015-07-23,2015,2.2769999504089355,103.6558609008789,-4.500007629394531,-0.04500007629394531,-0.0037293472674344574
2015-07-24,2015,2.2709999084472656,102.63961029052734,-0.6000041961669922,-0.006000041961669922,-0.009804082485247556
2015-07-27,2015,2.2279999256134033,101.78968048095703,-4.2999982833862305,-0.042999982833862305,-0.008280719374952228
2015-07-28,2015,2.25,102.66732788085938,2.200007438659668,0.02200007438659668,0.008622164798587129
2015-07-29,2015,2.2790000438690186,103.05535888671875,2.9000043869018555,0.029000043869018555,0.0037794984428705103
2015-07-30,2015,2.2679998874664307,103.54499816894531,-1.100015640258789,-0.01100015640258789,0.004751225821888472
2015-07-31,2015,2.2049999237060547,103.42488861083984,-6.299996376037598,-0.06299996376037598,-0.0011599745060547617
2015-08-03,2015,2.1500000953674316,103.1015396118164,-5.499982833862305,-0.05499982833862305,-0.003126413800068062
2015-08-04,2015,2.2109999656677246,102.90754699707031,6.099987030029297,0.06099987030029297,-0.0018815685534521176
2015-08-05,2015,2.2679998874664307,103.70205688476562,5.6999921798706055,0.056999921798706055,0.0077206182722238115
2015-08-06,2015,2.2339999675750732,102.03913879394531,-3.399991989135742,-0.03399991989135742,-0.016035536235005976
2015-08-07,2015,2.174999952316284,101.90977478027344,-5.900001525878906,-0.05900001525878906,-0.0012677881761929966
2015-08-10,2015,2.23799991607666,103.0738296508789,6.299996376037598,0.06299996376037598,0.011422406468027946
2015-08-11,2015,2.13700008392334,101.75273895263672,-10.099983215332031,-0.10099983215332031,-0.012816936197256323
2015-08-12,2015,2.130000114440918,102.10379791259766,-0.6999969482421875,-0.006999969482421875,0.003450118036865346
2015-08-13,2015,2.188999891281128,101.93749237060547,5.899977684020996,0.05899977684020996,-0.0016287889911259512
2015-08-14,2015,2.196000099182129,102.09452819824219,0.7000207901000977,0.0070002079010009766,0.0015405109934016892
2015-08-17,2015,2.1500000953674316,102.9444808959961,-4.600000381469727,-0.046000003814697266,0.008325154273728597
2015-08-18,2015,2.196000099182129,102.41791534423828,4.600000381469727,0.046000003814697266,-0.005115044023484838
2015-08-19,2015,2.128999948501587,101.74348449707031,-6.700015068054199,-0.06700015068054199,-0.006585086651111127
2015-08-20,2015,2.0840001106262207,98.9257583618164,-4.499983787536621,-0.04499983787536621,-0.027694413545813257
2015-08-21,2015,2.053999900817871,94.60213470458984,-3.000020980834961,-0.03000020980834961,-0.04370574184948983
2015-08-24,2015,1.996999979019165,90.9621810913086,-5.6999921798706055,-0.056999921798706055,-0.03847644267909578
2015-08-25,2015,2.132999897003174,90.62034606933594,13.599991798400879,0.1359999179840088,-0.0037579906052331857
2015-08-26,2015,2.171999931335449,95.18416595458984,3.900003433227539,0.03900003433227539,0.05036197811208987
2015-08-27,2015,2.1679999828338623,97.59542846679688,-0.3999948501586914,-0.003999948501586914,0.025332601152983747
2015-08-28,2015,2.186000108718872,97.576904296875,1.8000125885009766,0.018000125885009766,-0.00018980571337090524
2015-08-31,2015,2.200000047683716,96.36669158935547,1.399993896484375,0.01399993896484375,-0.012402655282417019
2015-09-01,2015,2.171999931335449,93.3549575805664,-2.80001163482666,-0.0280001163482666,-0.031252852610348714
2015-09-02,2015,2.193000078201294,95.98790740966797,2.1000146865844727,0.021000146865844727,0.028203642284656327
2015-09-03,2015,2.1679999828338623,95.5167465209961,-2.500009536743164,-0.02500009536743164,-0.004908544225899258
2015-09-04,2015,2.128000020980835,94.38040924072266,-3.9999961853027344,-0.039999961853027344,-0.01189673352225884
2015-09-08,2015,2.194000005722046,97.04108428955078,6.599998474121094,0.06599998474121094,0.028190967492437213
2015-09-09,2015,2.180999994277954,95.95095825195312,-1.3000011444091797,-0.013000011444091797,-0.011233654751269473
2015-09-10,2015,2.2219998836517334,96.99491119384766,4.09998893737793,0.0409998893737793,0.010880067910872482
2015-09-11,2015,2.183000087738037,97.53074645996094,-3.899979591369629,-0.03899979591369629,0.00552436472715967
2015-09-14,2015,2.180000066757202,97.23509216308594,-0.3000020980834961,-0.003000020980834961,-0.0030313958172808464
2015-09-15,2015,2.2809998989105225,98.38066864013672,10.099983215332031,0.10099983215332031,0.011781512739550637
2015-09-16,2015,2.302999973297119,98.93497467041016,2.200007438659668,0.02200007438659668,0.005634298261389281
2015-09-17,2015,2.2170000076293945,98.9719467163086,-8.599996566772461,-0.08599996566772461,0.0003737004635782082
2015-09-18,2015,2.130000114440918,97.56429290771484,-8.699989318847656,-0.08699989318847656,-0.014222755591830727
2015-09-21,2015,2.2139999866485596,97.86988830566406,8.39998722076416,0.0839998722076416,0.0031322463253875554
2015-09-22,2015,2.125,96.40666961669922,-8.899998664855957,-0.08899998664855957,-0.014950652486646065
2015-09-23,2015,2.1440000534057617,96.48074340820312,1.9000053405761719,0.01900005340576172,0.0007683471672490505
2015-09-24,2015,2.119999885559082,96.12882995605469,-2.4000167846679688,-0.024000167846679688,-0.003647499383991226
2015-09-25,2015,2.1679999828338623,95.3138427734375,4.800009727478027,0.04800009727478027,-0.008478072426240435
2015-09-28,2015,2.0950000286102295,92.60039520263672,-7.299995422363281,-0.07299995422363281,-0.02846855705157847
2015-09-29,2015,2.053999900817871,92.11884307861328,-4.10001277923584,-0.0410001277923584,-0.005200324717509641
2015-09-30,2015,2.059999942779541,94.23957824707031,0.6000041961669922,0.006000041961669922,0.023021730381993732
2015-10-01,2015,2.0420000553131104,94.66560363769531,-1.7999887466430664,-0.017999887466430664,0.004520663170924699
2015-10-02,2015,1.9889999628067017,96.32331848144531,-5.300009250640869,-0.05300009250640869,0.017511268930311852
2015-10-05,2015,2.055999994277954,97.70320129394531,6.700003147125244,0.06700003147125244,0.014325532324406032
2015-10-06,2015,2.0350000858306885,97.2401351928711,-2.0999908447265625,-0.020999908447265625,-0.004739518203513704
2015-10-07,2015,2.062000036239624,97.82357788085938,2.6999950408935547,0.026999950408935547,0.006000019300991921
2015-10-08,2015,2.1080000400543213,98.2125473022461,4.600000381469727,0.046000003814697266,0.003976233846818111
2015-10-09,2015,2.0989999771118164,98.6570816040039,-0.9000062942504883,-0.009000062942504883,0.004526247551545293
2015-10-12,2015,2.0899999141693115,98.89786529541016,-0.9000062942504883,-0.009000062942504883,0.0024406123462350493
2015-10-13,2015,2.055000066757202,98.25884246826172,-3.4999847412109375,-0.034999847412109375,-0.006461442066920897
2015-10-14,2015,1.9809999465942383,98.10140991210938,-7.400012016296387,-0.07400012016296387,-0.0016022227842058534
2015-10-15,2015,2.0230000019073486,99.71283721923828,4.200005531311035,0.04200005531311035,0.01642613810109972
2015-10-16,2015,2.0230000019073486,100.12957000732422,0.0,0.0,0.004179329359264683
2015-10-19,2015,2.0280001163482666,100.7037353515625,0.5000114440917969,0.005000114440917969,0.005734223608433453
2015-10-20,2015,2.071000099182129,100.18511199951172,4.2999982833862305,0.042999982833862305,-0.005149991211748417
2015-10-21,2015,2.0299999713897705,99.57389831542969,-4.10001277923584,-0.0410001277923584,-0.006100843447527482
2015-10-22,2015,2.0250000953674316,101.60208129882812,-0.4999876022338867,-0.004999876022338867,0.020368620870637955
2015-10-23,2015,2.0829999446868896,104.44517517089844,5.799984931945801,0.05799984931945801,0.027982634171718423
2015-10-26,2015,2.058000087738037,104.510009765625,-2.499985694885254,-0.02499985694885254,0.0006207524150394494
2015-10-27,2015,2.0280001163482666,104.72301483154297,-2.999997138977051,-0.029999971389770508,0.0020381307627437284
2015-10-28,2015,2.0920000076293945,105.5935287475586,6.399989128112793,0.06399989128112793,0.00831253681357369
2015-10-29,2015,2.1730000972747803,105.4268569946289,8.100008964538574,0.08100008964538574,-0.0015784277209652808
2015-10-30,2015,2.1510000228881836,104.95452117919922,-2.200007438659668,-0.02200007438659668,-0.004480222866302008
2015-11-02,2015,2.187000036239624,106.1399154663086,3.600001335144043,0.03600001335144043,0.01129436134614381
2015-11-03,2015,2.2200000286102295,106.51036834716797,3.299999237060547,0.03299999237060547,0.0034902315423170904
2015-11-04,2015,2.2300000190734863,106.5196304321289,0.9999990463256836,0.009999990463256836,8.695946793402243e-05
2015-11-05,2015,2.244999885559082,106.23255157470703,1.4999866485595703,0.014999866485595703,-0.0026950793600883927
2015-11-06,2015,2.3329999446868896,106.30662536621094,8.800005912780762,0.08800005912780762,0.0006972796040940477
2015-11-09,2015,2.3420000076293945,105.1767807006836,0.9000062942504883,0.009000062942504883,-0.010628167921192033
2015-11-10,2015,2.322000026702881,104.90824127197266,-1.9999980926513672,-0.019999980926513672,-0.0025532197023139247
2015-11-11,2015,2.3380000591278076,104.77857208251953,1.6000032424926758,0.016000032424926758,-0.0012360248144562824
2015-11-12,2015,2.319000005722046,103.75987243652344,-1.9000053405761719,-0.01900005340576172,-0.00972240435948879
2015-11-13,2015,2.2799999713897705,101.72244262695312,-3.900003433227539,-0.03900003433227539,-0.019636009198225834
2015-11-16,2015,2.2730000019073486,103.18565368652344,-0.6999969482421875,-0.006999969482421875,0.014384348446451867
2015-11-17,2015,2.260999917984009,103.2505111694336,-1.2000083923339844,-0.012000083923339844,0.000628551359544538
2015-11-18,2015,2.2690000534057617,105.23233032226562,0.800013542175293,0.00800013542175293,0.019194279334655118
2015-11-19,2015,2.247999906539917,105.30645751953125,-2.1000146865844727,-0.021000146865844727,0.0007044146702692711
2015-11-20,2015,2.26200008392334,106.01952362060547,1.4000177383422852,0.014000177383422852,0.006771342592565732
2015-11-23,2015,2.25,105.71394348144531,-1.2000083923339844,-0.012000083923339844,-0.002882300624681977
2015-11-24,2015,2.243000030517578,105.6213150024414,-0.6999969482421875,-0.006999969482421875,-0.0008762181785429979
2015-11-25,2015,2.2320001125335693,105.71394348144531,-1.099991798400879,-0.010999917984008789,0.0008769866101532298
2015-11-27,2015,2.2249999046325684,105.8620834350586,-0.7000207901000977,-0.0070002079010009766,0.0014013284221043865
2015-11-30,2015,2.2179999351501465,105.5935287475586,-0.6999969482421875,-0.006999969482421875,-0.00253683546351835
2015-12-01,2015,2.1549999713897705,106.6492919921875,-6.299996376037598,-0.06299996376037598,0.009998370706531645
2015-12-02,2015,2.177999973297119,105.99173736572266,2.3000001907348633,0.023000001907348633,-0.0061655789192957
2015-12-03,2015,2.3299999237060547,104.19510650634766,15.199995040893555,0.15199995040893555,-0.016950669024093368
2015-12-04,2015,2.2750000953674316,106.6307601928711,-5.499982833862305,-0.05499982833862305,0.023375893246724067
2015-12-07,2015,2.2249999046325684,106.14917755126953,-5.000019073486328,-0.05000019073486328,-0.0045163575757172225
2015-12-08,2015,2.23799991607666,106.15846252441406,1.3000011444091797,0.013000011444091797,8.747098525607733e-05
2015-12-09,2015,2.2079999446868896,104.54705047607422,-2.999997138977051,-0.029999971389770508,-0.015179308460399499
2015-12-10,2015,2.239000082015991,105.01934814453125,3.1000137329101562,0.031000137329101562,0.00451756090971811
2015-12-11,2015,2.1389999389648438,102.60223388671875,-10.000014305114746,-0.10000014305114746,-0.023015894694813577
2015-12-14,2015,2.2249999046325684,103.38015747070312,8.599996566772461,0.08599996566772461,0.007581936128635114
2015-12-15,2015,2.2679998874664307,104.00990295410156,4.2999982833862305,0.042999982833862305,0.006091550823734249
2015-12-16,2015,2.2869999408721924,105.5564956665039,1.9000053405761719,0.01900005340576172,0.014869667872729808
2015-12-17,2015,2.23799991607666,104.01918029785156,-4.900002479553223,-0.04900002479553223,-0.01456391062383644
2015-12-18,2015,2.1989998817443848,102.02385711669922,-3.900003433227539,-0.03900003433227539,-0.019182262112034332
2015-12-21,2015,2.197000026702881,103.15715026855469,-0.19998550415039062,-0.0019998550415039062,0.011108119060418975
2015-12-22,2015,2.239000082015991,103.83525085449219,4.200005531311035,0.04200005531311035,0.0065734714866798605
2015-12-23,2015,2.2639999389648438,104.60624694824219,2.499985694885254,0.02499985694885254,0.007425186412179263
2015-12-24,2015,2.243000030517578,104.58769226074219,-2.0999908447265625,-0.020999908447265625,-0.00017737647646587362
2015-12-28,2015,2.2249999046325684,104.53192901611328,-1.8000125885009766,-0.018000125885009766,-0.0005331721488784913
2015-12-29,2015,2.306999921798706,106.17613983154297,8.20000171661377,0.0820000171661377,0.01572926885503323
2015-12-30,2015,2.302999973297119,105.2193374633789,-0.3999948501586914,-0.003999948501586914,-0.009011463118569818
2015-12-31,2015,2.2690000534057617,103.9095458984375,-3.399991989135742,-0.03399991989135742,-0.012448201979957108
2016-01-04,2016,2.244999885559082,101.71728515625,-2.4000167846679688,-0.024000167846679688,-0.021097780028124125
2016-01-05,2016,2.247999906539917,101.5407943725586,0.3000020980834961,0.003000020980834961,-0.0017351110327049613
2016-01-06,2016,2.177000045776367,100.56543731689453,-7.0999860763549805,-0.0709998607635498,-0.009605568497774608
2016-01-07,2016,2.1530001163482666,97.41637420654297,-2.3999929428100586,-0.023999929428100586,-0.03131357247946387
2016-01-08,2016,2.130000114440918,96.61750793457031,-2.3000001907348633,-0.023000001907348633,-0.00820053382687902
2016-01-11,2016,2.1579999923706055,96.91474151611328,2.79998779296875,0.0279998779296875,0.0030763946193297365
2016-01-12,2016,2.1019999980926514,98.03873443603516,-5.59999942779541,-0.0559999942779541,0.011597749757553677
2016-01-13,2016,2.065999984741211,94.65742492675781,-3.600001335144043,-0.03600001335144043,-0.03448952629517532
2016-01-14,2016,2.0980000495910645,96.6732177734375,3.2000064849853516,0.032000064849853516,0.021295665376904527
2016-01-15,2016,2.0329999923706055,93.67279052734375,-6.500005722045898,-0.06500005722045898,-0.031036799179743113
2016-01-19,2016,2.0350000858306885,93.87718200683594,0.20000934600830078,0.002000093460083008,0.0021819727835750147
2016-01-20,2016,1.9839999675750732,93.58919525146484,-5.100011825561523,-0.051000118255615234,-0.0030676970613596755
2016-01-21,2016,2.0190000534057617,93.68206787109375,3.5000085830688477,0.03500008583068848,0.0009923433936938064
2016-01-22,2016,2.0480000972747803,96.39453887939453,2.9000043869018555,0.029000043869018555,0.02895400443159657
2016-01-25,2016,2.0220000743865967,94.96399688720703,-2.6000022888183594,-0.026000022888183594,-0.014840487944834169
2016-01-26,2016,1.99399995803833,95.81859588623047,-2.80001163482666,-0.0280001163482666,0.008999189451118772
2016-01-27,2016,2.000999927520752,93.4312744140625,0.6999969482421875,0.006999969482421875,-0.024915012060942043
2016-01-28,2016,1.9850000143051147,94.7503662109375,-1.5999913215637207,-0.015999913215637207,0.014118311081031898
2016-01-29,2016,1.930999994277954,96.7289810180664,-5.4000020027160645,-0.054000020027160645,0.02088239746455467
2016-02-01,2016,1.965999960899353,96.98904418945312,3.4999966621398926,0.034999966621398926,0.0026885755297902936
2016-02-02,2016,1.8639999628067017,94.8896713256836,-10.199999809265137,-0.10199999809265137,-0.02164546399352829
2016-02-03,2016,1.88100004196167,94.43453979492188,1.7000079154968262,0.01700007915496826,-0.004796428572290012
2016-02-04,2016,1.8639999628067017,94.42523956298828,-1.7000079154968262,-0.01700007915496826,-9.848337222573278e-05
2016-02-05,2016,1.8480000495910645,91.14612579345703,-1.5999913215637207,-0.015999913215637207,-0.034727089755952956
2016-02-08,2016,1.7350000143051147,89.75274658203125,-11.30000352859497,-0.11300003528594971,-0.015287311438593298
2016-02-09,2016,1.7289999723434448,89.47405242919922,-0.6000041961669922,-0.006000041961669922,-0.0031051323045285795
2016-02-10,2016,1.7050000429153442,89.81780242919922,-2.3999929428100586,-0.023999929428100586,0.003841895953824226
2016-02-11,2016,1.6440000534057617,89.6877212524414,-6.099998950958252,-0.06099998950958252,-0.001448278328345376
2016-02-12,2016,1.7480000257492065,91.05323028564453,10.399997234344482,0.10399997234344482,0.015225150267333287
2016-02-16,2016,1.777999997138977,93.10615539550781,2.999997138977051,0.029999971389770508,0.022546428099508686
2016-02-17,2016,1.819000005722046,95.21479797363281,4.100000858306885,0.04100000858306885,0.022647724730632923
2016-02-18,2016,1.7589999437332153,94.12797546386719,-6.000006198883057,-0.060000061988830566,-0.011414428564629153
2016-02-19,2016,1.7480000257492065,94.40666198730469,-1.099991798400879,-0.010999917984008789,0.0029607194042378104
2016-02-22,2016,1.7660000324249268,95.93936920166016,1.8000006675720215,0.018000006675720215,0.01623515949077392
2016-02-23,2016,1.7450000047683716,94.3602066040039,-2.1000027656555176,-0.021000027656555176,-0.01646000605170672
2016-02-24,2016,1.7419999837875366,95.26128387451172,-0.3000020980834961,-0.003000020980834961,0.009549335497847311
2016-02-25,2016,1.6970000267028809,96.199462890625,-4.499995708465576,-0.04499995708465576,0.009848481754131555
2016-02-26,2016,1.7619999647140503,96.07872772216797,6.499993801116943,0.06499993801116943,-0.0012550503384234357
2016-02-29,2016,1.7400000095367432,95.21479797363281,-2.199995517730713,-0.02199995517730713,-0.00899189413741397
2016-03-01,2016,1.8339999914169312,98.27100372314453,9.399998188018799,0.09399998188018799,0.03209801222660835
2016-03-02,2016,1.8480000495910645,98.30815887451172,1.40000581741333,0.0140000581741333,0.00037808865239497
2016-03-03,2016,1.8300000429153442,98.12235260009766,-1.8000006675720215,-0.018000006675720215,-0.0018900392046934389
2016-03-04,2016,1.8830000162124634,98.15950775146484,5.299997329711914,0.05299997329711914,0.00037866144036136085
2016-03-07,2016,1.9019999504089355,97.55569458007812,1.8999934196472168,0.018999934196472168,-0.006151346774431077
2016-03-08,2016,1.8320000171661377,96.74752807617188,-6.999993324279785,-0.06999993324279785,-0.008284155090945156
2016-03-09,2016,1.8919999599456787,97.36992645263672,5.999994277954102,0.059999942779541016,0.006433222520939363
2016-03-10,2016,1.9290000200271606,97.22130584716797,3.7000060081481934,0.037000060081481934,-0.0015263501872012641
2016-03-11,2016,1.9769999980926514,98.92123413085938,4.799997806549072,0.04799997806549072,0.01748514143971369
2016-03-14,2016,1.9630000591278076,99.08841705322266,-1.399993896484375,-0.01399993896484375,0.0016900610251395776
2016-03-15,2016,1.9589999914169312,99.05126953125,-0.4000067710876465,-0.004000067710876465,-0.0003748926774428396
2016-03-16,2016,1.937999963760376,99.9337387084961,-2.1000027656555176,-0.021000027656555176,0.008909216221278937
2016-03-17,2016,1.902999997138977,99.87801361083984,-3.4999966621398926,-0.034999966621398926,-0.0005576204630830528
2016-03-18,2016,1.871000051498413,100.03453063964844,-3.1999945640563965,-0.031999945640563965,0.001567081914728874
2016-03-21,2016,1.9229999780654907,100.42584991455078,5.199992656707764,0.05199992656707764,0.0039118419649708525
2016-03-22,2016,1.934999942779541,100.73332214355469,1.1999964714050293,0.011999964714050293,0.003061684110869045
2016-03-23,2016,1.875,99.90412902832031,-5.999994277954102,-0.059999942779541016,-0.00823156724696017
2016-03-24,2016,1.899999976158142,99.93205261230469,2.499997615814209,0.02499997615814209,0.00027950380285535203
2016-03-28,2016,1.8700000047683716,99.79228973388672,-2.999997138977051,-0.029999971389770508,-0.001398579082130813
2016-03-29,2016,1.8140000104904175,101.3947982788086,-5.59999942779541,-0.0559999942779541,0.016058440478670555
2016-03-30,2016,1.8300000429153442,101.88856506347656,1.6000032424926758,0.016000032424926758,0.004869744730989556
2016-03-31,2016,1.7860000133514404,101.739501953125,-4.400002956390381,-0.04400002956390381,-0.001463001370749506
2016-04-01,2016,1.7920000553131104,102.82027435302734,0.6000041961669922,0.006000041961669922,0.010622937788709486
2016-04-04,2016,1.7790000438690186,102.428955078125,-1.3000011444091797,-0.013000011444091797,-0.003805857136295665
2016-04-05,2016,1.7269999980926514,101.44137573242188,-5.200004577636719,-0.05200004577636719,-0.009641603245389652
2016-04-06,2016,1.7549999952316284,103.10909271240234,2.799999713897705,0.02799999713897705,0.016440204679198267
2016-04-07,2016,1.690999984741211,101.62770080566406,-6.400001049041748,-0.06400001049041748,-0.014367228609704297
2016-04-08,2016,1.7200000286102295,101.55316162109375,2.9000043869018555,0.029000043869018555,-0.0007334534185010622
2016-04-11,2016,1.7239999771118164,101.18049621582031,0.3999948501586914,0.003999948501586914,-0.003669658327959291
2016-04-12,2016,1.781000018119812,102.02833557128906,5.7000041007995605,0.057000041007995605,0.008379474179097679
2016-04-13,2016,1.7619999647140503,103.33269500732422,-1.9000053405761719,-0.01900005340576172,0.012784286137097478
2016-04-14,2016,1.781000018119812,103.34199523925781,1.9000053405761719,0.01900005340576172,9.000280049731302e-05
2016-04-15,2016,1.7519999742507935,103.08114624023438,-2.9000043869018555,-0.029000043869018555,-0.0025241335666058573
2016-04-18,2016,1.7730000019073486,103.63082122802734,2.1000027656555176,0.021000027656555176,0.00533244931630783
2016-04-19,2016,1.7829999923706055,102.99725341796875,0.9999990463256836,0.009999990463256836,-0.00611370056273608
2016-04-20,2016,1.8539999723434448,103.08114624023438,7.0999979972839355,0.07099997997283936,0.0008145151397891404
2016-04-21,2016,1.8700000047683716,103.09046173095703,1.6000032424926758,0.016000032424926758,9.037046116033842e-05
2016-04-22,2016,1.8880000114440918,101.53456115722656,1.8000006675720215,0.018000006675720215,-0.01509257546824283
2016-04-25,2016,1.9019999504089355,101.53456115722656,1.399993896484375,0.01399993896484375,0.0
2016-04-26,2016,1.930999994277954,101.04075622558594,2.9000043869018555,0.029000043869018555,-0.004863417205063447
2016-04-27,2016,1.8600000143051147,100.23019409179688,-7.0999979972839355,-0.07099997997283936,-0.008022130515129788
2016-04-28,2016,1.8380000591278076,99.01898193359375,-2.199995517730713,-0.02199995517730713,-0.012084304227664378
2016-04-29,2016,1.819000005722046,98.49726104736328,-1.9000053405761719,-0.01900005340576172,-0.005268897700648534
2016-05-02,2016,1.8650000095367432,99.42894744873047,4.600000381469727,0.046000003814697266,0.009459008214646403
2016-05-03,2016,1.7999999523162842,98.506591796875,-6.500005722045898,-0.06500005722045898,-0.009276530381970183
2016-05-04,2016,1.784000039100647,97.87305450439453,-1.5999913215637207,-0.015999913215637207,-0.006431420282886791
2016-05-05,2016,1.746999979019165,97.84507751464844,-3.7000060081481934,-0.037000060081481934,-0.0002858497661870629
2016-05-06,2016,1.7790000438690186,98.36683654785156,3.2000064849853516,0.032000064849853516,0.00533250160821841
2016-05-09,2016,1.7599999904632568,98.64633178710938,-1.9000053405761719,-0.01900005340576172,0.0028413563866298563
2016-05-10,2016,1.7599999904632568,99.99727630615234,0.0,0.0,0.013694827720086566
2016-05-11,2016,1.7369999885559082,99.09354400634766,-2.3000001907348633,-0.023000001907348633,-0.00903756915376186
2016-05-12,2016,1.7569999694824219,98.6556625366211,1.9999980926513672,0.019999980926513672,-0.004418869807487291
2016-05-13,2016,1.7050000429153442,98.29228973388672,-5.199992656707764,-0.05199992656707764,-0.003683243246169421
2016-05-16,2016,1.753000020980835,99.52212524414062,4.799997806549072,0.04799997806549072,0.012512024224723195
2016-05-17,2016,1.7589999437332153,98.27365112304688,0.5999922752380371,0.005999922752380371,-0.012544689113411556
2016-05-18,2016,1.8799999952316284,98.627685546875,12.100005149841309,0.12100005149841309,0.003602536588213745
2016-05-19,2016,1.8450000286102295,98.11528015136719,-3.4999966621398926,-0.034999966621398926,-0.005195350500892371
2016-05-20,2016,1.8489999771118164,99.1960220336914,0.3999948501586914,0.003999948501586914,0.011015021112480206
2016-05-23,2016,1.8380000591278076,99.06558990478516,-1.099991798400879,-0.010999917984008789,-0.001314892736948181
2016-05-24,2016,1.8589999675750732,101.0500717163086,2.0999908447265625,0.020999908447265625,0.02003199913744802
2016-05-25,2016,1.8700000047683716,101.77676391601562,1.100003719329834,0.01100003719329834,0.007191407065471278
2016-05-26,2016,1.8229999542236328,102.07492065429688,-4.700005054473877,-0.04700005054473877,0.0029295167856513427
2016-05-27,2016,1.8509999513626099,102.60598754882812,2.799999713897705,0.02799999713897705,0.005202716701880661
2016-05-31,2016,1.8339999914169312,102.80162811279297,-1.699995994567871,-0.01699995994567871,0.0019067168363029463
2016-06-01,2016,1.8459999561309814,102.81092071533203,1.1999964714050293,0.011999964714050293,9.039353471007594e-05
2016-06-02,2016,1.8109999895095825,103.02526092529297,-3.4999966621398926,-0.034999966621398926,0.002084800023865352
2016-06-03,2016,1.7039999961853027,102.54076385498047,-10.699999332427979,-0.10699999332427979,-0.004702701705980861
2016-06-06,2016,1.7230000495910645,102.91346740722656,1.9000053405761719,0.01900005340576172,0.003634686716135649
2016-06-07,2016,1.7130000591278076,102.6525650024414,-0.9999990463256836,-0.009999990463256836,-0.002535162902953858
2016-06-08,2016,1.7059999704360962,102.82958221435547,-0.7000088691711426,-0.007000088691711426,0.0017244304797434662
2016-06-09,2016,1.6799999475479126,102.6618881225586,-2.6000022888183594,-0.026000022888183594,-0.001630796198775819
2016-06-10,2016,1.6390000581741333,101.49726104736328,-4.09998893737793,-0.0409998893737793,-0.01134429822491645
2016-06-13,2016,1.6160000562667847,100.64945983886719,-2.3000001907348633,-0.023000001907348633,-0.008352946668191086
2016-06-14,2016,1.6109999418258667,100.64945983886719,-0.5000114440917969,-0.005000114440917969,0.0
2016-06-15,2016,1.5959999561309814,100.3606185913086,-1.4999985694885254,-0.014999985694885254,-0.002869774443111872
2016-06-16,2016,1.5640000104904175,100.65873718261719,-3.1999945640563965,-0.031999945640563965,0.0029704738321971735
2016-06-17,2016,1.6180000305175781,99.47893524169922,5.4000020027160645,0.054000020027160645,-0.011720810075110943
2016-06-20,2016,1.6699999570846558,100.10479736328125,5.199992656707764,0.05199992656707764,0.006291403502273196
2016-06-21,2016,1.6970000267028809,100.42241668701172,2.7000069618225098,0.027000069618225098,0.0031728681551377313
2016-06-22,2016,1.684999942779541,100.1795425415039,-1.2000083923339844,-0.012000083923339844,-0.0024185252010493485
2016-06-23,2016,1.7389999628067017,101.60880279541016,5.4000020027160645,0.054000020027160645,0.014266987227598005
2016-06-24,2016,1.5789999961853027,97.42375183105469,-15.999996662139893,-0.15999996662139893,-0.04118787791233103
2016-06-27,2016,1.4600000381469727,95.49006652832031,-11.899995803833008,-0.11899995803833008,-0.019848191702652063
2016-06-28,2016,1.4609999656677246,97.58258056640625,0.09999275207519531,0.0009999275207519531,0.021913421093547436
2016-06-29,2016,1.4769999980926514,99.31076049804688,1.6000032424926758,0.016000032424926758,0.01770992242272773
2016-06-30,2016,1.4880000352859497,100.45977020263672,1.100003719329834,0.01100003719329834,0.011569840960108602
2016-07-01,2016,1.4559999704360962,100.9642333984375,-3.2000064849853516,-0.032000064849853516,0.005021544393175814
2016-07-05,2016,1.3669999837875366,100.34769439697266,-8.899998664855957,-0.08899998664855957,-0.006106509015244899
2016-07-06,2016,1.3849999904632568,101.16973876953125,1.8000006675720215,0.018000006675720215,0.008191960737100823
2016-07-07,2016,1.3869999647140503,101.46866607666016,0.1999974250793457,0.001999974250793457,0.002954710674996086
2016-07-08,2016,1.3660000562667847,103.03807830810547,-2.0999908447265625,-0.020999908447265625,0.015466964257316862
2016-07-11,2016,1.434000015258789,103.6265869140625,6.7999958992004395,0.0679999589920044,0.005711564264594182
2016-07-12,2016,1.5130000114440918,104.14972686767578,7.899999618530273,0.07899999618530273,0.005048317899798427
2016-07-13,2016,1.468000054359436,103.89750671386719,-4.499995708465576,-0.04499995708465576,-0.002421707299617215
2016-07-14,2016,1.531000018119812,104.60747528076172,6.299996376037598,0.06299996376037598,0.006833355191571355
2016-07-15,2016,1.593999981880188,104.4393539428711,6.299996376037598,0.06299996376037598,-0.001607163708323811
2016-07-18,2016,1.5870000123977661,105.13059997558594,-0.6999969482421875,-0.006999969482421875,0.006618635663841355
2016-07-19,2016,1.5579999685287476,104.74755859375,-2.9000043869018555,-0.029000043869018555,-0.0036434813643686503
2016-07-20,2016,1.5800000429153442,105.97132873535156,2.200007438659668,0.02200007438659668,0.011683042144665201
2016-07-21,2016,1.565000057220459,105.72845458984375,-1.4999985694885254,-0.014999985694885254,-0.002291885441149444
2016-07-22,2016,1.5700000524520874,106.16752624511719,0.4999995231628418,0.004999995231628418,0.004152823920265725
2016-07-25,2016,1.5709999799728394,106.17684936523438,0.09999275207519531,0.0009999275207519531,8.78151770784541e-05
2016-07-26,2016,1.562999963760376,106.29828643798828,-0.8000016212463379,-0.008000016212463379,0.0011437245829002407
2016-07-27,2016,1.5149999856948853,107.03630065917969,-4.799997806549072,-0.04799997806549072,0.006942860942748652
2016-07-28,2016,1.5110000371932983,107.40995025634766,-0.3999948501586914,-0.003999948501586914,0.003490868003348968
2016-07-29,2016,1.4579999446868896,107.64350128173828,-5.300009250640869,-0.05300009250640869,0.0021743891029948337
2016-08-01,2016,1.496000051498413,108.21332550048828,3.8000106811523438,0.03800010681152344,0.005293623971395878
2016-08-02,2016,1.5369999408721924,107.39129638671875,4.09998893737793,0.0409998893737793,-0.007596376046735798
2016-08-03,2016,1.5420000553131104,107.74626159667969,0.5000114440917969,0.005000114440917969,0.003305344305396085
2016-08-04,2016,1.503000020980835,108.05451965332031,-3.900003433227539,-0.03900003433227539,0.0028609628962767975
2016-08-05,2016,1.5820000171661377,109.09146881103516,7.899999618530273,0.07899999618530273,0.009596536646886866
2016-08-08,2016,1.5829999446868896,108.97000122070312,0.09999275207519531,0.0009999275207519531,-0.001113447198537898
2016-08-09,2016,1.5449999570846558,109.22222137451172,-3.7999987602233887,-0.03799998760223389,0.0023145833805926497
2016-08-10,2016,1.5089999437332153,108.9419937133789,-3.600001335144043,-0.03600001335144043,-0.002565665279521623
2016-08-11,2016,1.5729999542236328,109.40908813476562,6.400001049041748,0.06400001049041748,0.004287551617750074
2016-08-12,2016,1.5149999856948853,109.48380279541016,-5.799996852874756,-0.05799996852874756,0.0006828926364188526
2016-08-15,2016,1.5529999732971191,109.95086669921875,3.7999987602233887,0.03799998760223389,0.00426605481252218
2016-08-16,2016,1.5759999752044678,109.34364318847656,2.3000001907348633,0.023000001907348633,-0.00552268052968885
2016-08-17,2016,1.5609999895095825,109.53985595703125,-1.4999985694885254,-0.014999985694885254,0.0017944597676928797
2016-08-18,2016,1.5360000133514404,109.56785583496094,-2.499997615814209,-0.02499997615814209,0.0002556136091749206
2016-08-19,2016,1.5779999494552612,109.53985595703125,4.19999361038208,0.0419999361038208,-0.00025554828755491865
2016-08-22,2016,1.5390000343322754,109.62391662597656,-3.899991512298584,-0.03899991512298584,0.0007673980234033095
2016-08-23,2016,1.5529999732971191,109.82009887695312,1.399993896484375,0.01399993896484375,0.0017895935213290137
2016-08-24,2016,1.559000015258789,109.11011505126953,0.6000041961669922,0.006000041961669922,-0.00646497164857851
2016-08-25,2016,1.5770000219345093,108.93264770507812,1.8000006675720215,0.018000006675720215,-0.0016264976543010068
2016-08-26,2016,1.6349999904632568,109.09146881103516,5.799996852874756,0.05799996852874756,0.0014579752654779732
2016-08-29,2016,1.565999984741211,109.24092102050781,-6.90000057220459,-0.0690000057220459,0.001369971557826588
2016-08-30,2016,1.5700000524520874,108.88593292236328,0.4000067710876465,0.004000067710876465,-0.003249589026056321
2016-08-31,2016,1.5679999589920044,108.77383422851562,-0.20000934600830078,-0.002000093460083008,-0.0010295057482547776
2016-09-01,2016,1.5700000524520874,109.0541000366211,0.20000934600830078,0.002000093460083008,0.002576592156498636
2016-09-02,2016,1.5959999561309814,109.40908813476562,2.5999903678894043,0.025999903678894043,0.0032551559090885362
2016-09-06,2016,1.5429999828338623,110.09099578857422,-5.299997329711914,-0.05299997329711914,0.00623264177989169
2016-09-07,2016,1.5410000085830688,110.1563949584961,-0.1999974250793457,-0.001999974250793457,0.000594046492662148
2016-09-08,2016,1.6160000562667847,109.51182556152344,7.500004768371582,0.07500004768371582,-0.005851402428479147
2016-09-09,2016,1.6720000505447388,106.75605773925781,5.59999942779541,0.0559999942779541,-0.025164111803774536
2016-09-12,2016,1.6720000505447388,108.67107391357422,0.0,0.0,0.017938243645092777
2016-09-13,2016,1.7339999675750732,107.69955444335938,6.199991703033447,0.06199991703033447,-0.008940000638877343
2016-09-14,2016,1.6890000104904175,108.21332550048828,-4.499995708465576,-0.04499995708465576,0.00477041023785385
2016-09-15,2016,1.7029999494552612,109.89482879638672,1.399993896484375,0.01399993896484375,0.015538782198231571
2016-09-16,2016,1.7009999752044678,109.84236145019531,-0.1999974250793457,-0.001999974250793457,-0.0004774323484193488
2016-09-19,2016,1.6959999799728394,109.36477661132812,-0.4999995231628418,-0.004999995231628418,-0.004347911248100189
2016-09-20,2016,1.687999963760376,109.57080841064453,-0.8000016212463379,-0.008000016212463379,0.0018838953975888195
2016-09-21,2016,1.6679999828338623,110.64777374267578,-1.9999980926513672,-0.019999980926513672,0.009828943928158695
2016-09-22,2016,1.6319999694824219,111.528076171875,-3.600001335144043,-0.03600001335144043,0.007955898247410387
2016-09-23,2016,1.6150000095367432,110.81634521484375,-1.699995994567871,-0.01699995994567871,-0.00638163036125905
2016-09-26,2016,1.5889999866485596,109.88921356201172,-2.6000022888183594,-0.026000022888183594,-0.00836637998694656
2016-09-27,2016,1.555999994277954,110.9755630493164,-3.299999237060547,-0.03299999237060547,0.00988586096934485
2016-09-28,2016,1.5670000314712524,111.16285705566406,1.100003719329834,0.01100003719329834,0.0016877049433343672
2016-09-29,2016,1.5570000410079956,110.35746002197266,-0.9999990463256836,-0.009999990463256836,-0.007245199116176937
2016-09-30,2016,1.6080000400543213,111.18157196044922,5.099999904632568,0.050999999046325684,0.0074676595339588925
2016-10-03,2016,1.621999979019165,111.02239990234375,1.399993896484375,0.01399993896484375,-0.001431640651402999
2016-10-04,2016,1.6829999685287476,110.85379791259766,6.099998950958252,0.06099998950958252,-0.0015186303835478254
2016-10-05,2016,1.715999960899353,111.24713134765625,3.299999237060547,0.03299999237060547,0.003548217945304133
2016-10-06,2016,1.7419999837875366,111.19094848632812,2.6000022888183594,0.026000022888183594,-0.0005050275063053222
2016-10-07,2016,1.7359999418258667,110.94746398925781,-0.6000041961669922,-0.006000041961669922,-0.002189787031992574
2016-10-10,2016,1.7230000495910645,111.64984893798828,-1.2999892234802246,-0.012999892234802246,0.006330788676688126
2016-10-11,2016,1.7589999437332153,110.05780029296875,3.599989414215088,0.03599989414215088,-0.014259299588517793
2016-10-12,2016,1.777999997138977,109.96412658691406,1.9000053405761719,0.01900005340576172,-0.000851131912552594
2016-10-13,2016,1.7380000352859497,109.57080841064453,-3.9999961853027344,-0.039999961853027344,-0.0035767862527299465
2016-10-14,2016,1.7940000295639038,109.70189666748047,5.59999942779541,0.0559999942779541,0.0011963793891585084
2016-10-17,2016,1.7660000324249268,109.40223693847656,-2.799999713897705,-0.02799999713897705,-0.0027315820246226474
2016-10-18,2016,1.7489999532699585,110.37619018554688,-1.7000079154968262,-0.01700007915496826,0.008902498471014209
2016-10-19,2016,1.7519999742507935,110.36682891845703,0.3000020980834961,0.003000020980834961,-8.481237732615998e-05
2016-10-20,2016,1.746999979019165,110.23570251464844,-0.4999995231628418,-0.004999995231628418,-0.0011880961435022375
2016-10-21,2016,1.7400000095367432,110.64777374267578,-0.6999969482421875,-0.006999969482421875,0.0037380922752552337
2016-10-24,2016,1.7630000114440918,111.97760772705078,2.3000001907348633,0.023000001907348633,0.012018623957746222
2016-10-25,2016,1.7580000162124634,111.62174987792969,-0.4999995231628418,-0.004999995231628418,-0.0031779375925632403
2016-10-26,2016,1.7899999618530273,110.86317443847656,3.1999945640563965,0.031999945640563965,-0.006795946491456317
2016-10-27,2016,1.843000054359436,110.35746002197266,5.300009250640869,0.05300009250640869,-0.00456160865919053
2016-10-28,2016,1.8450000286102295,109.66443634033203,0.1999974250793457,0.001999974250793457,-0.006279808193325964
2016-10-31,2016,1.8339999914169312,109.5614242553711,-1.100003719329834,-0.01100003719329834,-0.0009393390272963709
2016-11-01,2016,1.8200000524520874,108.73729705810547,-1.399993896484375,-0.01399993896484375,-0.0075220562608305785
2016-11-02,2016,1.7990000247955322,107.8663330078125,-2.1000027656555176,-0.021000027656555176,-0.008009800444345738
2016-11-03,2016,1.812000036239624,106.80809783935547,1.3000011444091797,0.013000011444091797,-0.009810615962817515
2016-11-04,2016,1.7829999923706055,106.43353271484375,-2.9000043869018555,-0.029000043869018555,-0.003506898185520413
2016-11-07,2016,1.8279999494552612,108.9620590209961,4.499995708465576,0.04499995708465576,0.023756857840345758
2016-11-08,2016,1.8619999885559082,109.6738052368164,3.4000039100646973,0.03400003910064697,0.006532055489912869
2016-11-09,2016,2.072000026702881,110.17951202392578,21.000003814697266,0.21000003814697266,0.004611007943213119
2016-11-10,2016,2.117000102996826,108.40019226074219,4.500007629394531,0.04500007629394531,-0.016149279757176727
2016-11-14,2016,2.2219998836517334,107.35131072998047,10.499978065490723,0.10499978065490723,-0.009676011719967903
2016-11-15,2016,2.23799991607666,108.84034729003906,1.6000032424926758,0.016000032424926758,0.013870688209890236
2016-11-16,2016,2.2230000495910645,109.48650360107422,-1.4999866485595703,-0.014999866485595703,0.005936735109024038
2016-11-17,2016,2.2760000228881836,110.28253936767578,5.299997329711914,0.05299997329711914,0.007270629168157683
2016-11-18,2016,2.3350000381469727,109.87046813964844,5.900001525878906,0.05900001525878906,-0.003736504712260169
2016-11-21,2016,2.3389999866485596,111.01300048828125,0.3999948501586914,0.003999948501586914,0.010398903071757282
2016-11-22,2016,2.321000099182129,111.35015869140625,-1.7999887466430664,-0.017999887466430664,0.0030371055790046064
2016-11-23,2016,2.3570001125335693,110.90062713623047,3.600001335144043,0.03600001335144043,-0.004037098468998135
2016-11-25,2016,2.371999979019165,111.25652313232422,1.4999866485595703,0.014999866485595703,0.0032091432238392503
2016-11-28,2016,2.319999933242798,111.00364685058594,-5.200004577636719,-0.05200004577636719,-0.0022729119571489598
2016-11-29,2016,2.302000045776367,111.38761901855469,-1.7999887466430664,-0.017999887466430664,0.003459095073566232
2016-11-30,2016,2.368000030517578,110.0390625,6.599998474121094,0.06599998474121094,-0.012106879834912765
2016-12-01,2016,2.440999984741211,108.13793182373047,7.299995422363281,0.07299995422363281,-0.017276870895456153
2016-12-02,2016,2.390000104904175,108.35334014892578,-5.099987983703613,-0.05099987983703613,0.001991977482484586
2016-12-05,2016,2.38700008392334,109.19622039794922,-0.3000020980834961,-0.003000020980834961,0.007778996456084819
2016-12-06,2016,2.3959999084472656,109.45838928222656,0.8999824523925781,0.008999824523925781,0.002400897057809326
2016-12-07,2016,2.3469998836517334,110.84442138671875,-4.900002479553223,-0.04900002479553223,0.012662639324231728
2016-12-08,2016,2.38700008392334,111.0411148071289,4.0000200271606445,0.040000200271606445,0.0017744999518192195
2016-12-09,2016,2.4639999866485596,111.91204071044922,7.699990272521973,0.07699990272521973,0.00784327413168584
2016-12-12,2016,2.4790000915527344,111.4063720703125,1.5000104904174805,0.015000104904174805,-0.0045184471387224034
2016-12-13,2016,2.4809999465942383,112.81108856201172,0.19998550415039062,0.0019998550415039062,0.01260894207032126
2016-12-14,2016,2.5250000953674316,112.57697296142578,4.400014877319336,0.04400014877319336,-0.0020752889061720348
2016-12-15,2016,2.5799999237060547,112.75489044189453,5.499982833862305,0.05499982833862305,0.0015804073940566266
2016-12-16,2016,2.5969998836517334,112.3369369506836,1.699995994567871,0.01699995994567871,-0.0037067438012927667
2016-12-19,2016,2.5420000553131104,112.79716491699219,-5.499982833862305,-0.05499982833862305,0.004096853437535186
2016-12-20,2016,2.568000078201294,113.2292251586914,2.6000022888183594,0.026000022888183594,0.0038304175642815963
2016-12-21,2016,2.5460000038146973,113.14470672607422,-2.200007438659668,-0.02200007438659668,-0.0007464365538025763
2016-12-22,2016,2.552999973297119,112.82535552978516,0.6999969482421875,0.006999969482421875,-0.0028225023116832393
2016-12-23,2016,2.5429999828338623,112.90049743652344,-0.9999990463256836,-0.009999990463256836,0.0006660019495214886
2016-12-27,2016,2.562999963760376,113.48287200927734,1.9999980926513672,0.019999980926513672,0.005158299440454872
2016-12-28,2016,2.50600004196167,112.59992980957031,-5.6999921798706055,-0.056999921798706055,-0.007780400549211031
2016-12-29,2016,2.4769999980926514,112.44025421142578,-2.9000043869018555,-0.029000043869018555,-0.0014180790202495963
2016-12-30,2016,2.446000099182129,111.2849349975586,-3.099989891052246,-0.03099989891052246,-0.01027496088451385
2017-01-03,2017,2.450000047683716,112.28056335449219,0.3999948501586914,0.003999948501586914,0.008946658925176543
2017-01-04,2017,2.4519999027252197,112.89109802246094,0.19998550415039062,0.0019998550415039062,0.005437581089089871
2017-01-05,2017,2.368000030517578,113.52982330322266,-8.39998722076416,-0.0839998722076416,0.005657888814533774
2017-01-06,2017,2.4179999828338623,114.52543640136719,4.999995231628418,0.04999995231628418,0.008769617261584095
2017-01-09,2017,2.375999927520752,114.90115356445312,-4.200005531311035,-0.04200005531311035,0.0032806438018642137
2017-01-10,2017,2.378999948501587,115.15474700927734,0.3000020980834961,0.003000020980834961,0.0022070574311681135
2017-01-11,2017,2.369999885559082,115.46470642089844,-0.9000062942504883,-0.009000062942504883,0.0026916772401586186
2017-01-12,2017,2.3610000610351562,115.28626251220703,-0.8999824523925781,-0.008999824523925781,-0.0015454411501375498
2017-01-13,2017,2.380000114440918,115.68074035644531,1.9000053405761719,0.01900005340576172,0.0034217246325989326
2017-01-17,2017,2.3269999027252197,115.33321380615234,-5.300021171569824,-0.05300021171569824,-0.0030041867749301954
2017-01-18,2017,2.3889999389648438,115.56803131103516,6.200003623962402,0.06200003623962402,0.0020359920367560846
2017-01-19,2017,2.4590001106262207,115.51168823242188,7.000017166137695,0.07000017166137695,-0.00048753169863768875
2017-01-20,2017,2.4670000076293945,115.7652587890625,0.7999897003173828,0.007999897003173828,0.0021951939281712463
2017-01-23,2017,2.4030001163482666,115.85920715332031,-6.399989128112793,-0.06399989128112793,0.0008115419534369117
2017-01-24,2017,2.4709999561309814,116.63877868652344,6.799983978271484,0.06799983978271484,0.006728610978422145
2017-01-25,2017,2.5230000019073486,117.8128662109375,5.200004577636719,0.05200004577636719,0.01006601353028147
2017-01-26,2017,2.507999897003174,117.93499755859375,-1.5000104904174805,-0.015000104904174805,0.0010366554314837906
2017-01-27,2017,2.4809999465942383,118.16043853759766,-2.6999950408935547,-0.026999950408935547,0.001911569794130985
2017-01-30,2017,2.4830000400543213,117.23992156982422,0.20000934600830078,0.002000093460083008,-0.007790399046974872
2017-01-31,2017,2.4509999752044678,117.005126953125,-3.2000064849853516,-0.032000064849853516,-0.0020026848666849784
2017-02-01,2017,2.4739999771118164,117.8128662109375,2.3000001907348633,0.023000001907348633,0.006903451830244212
2017-02-02,2017,2.4700000286102295,117.70955657958984,-0.3999948501586914,-0.003999948501586914,-0.0008768960018568084
2017-02-03,2017,2.490999937057495,118.0477066040039,2.0999908447265625,0.020999908447265625,0.002872749114345874
2017-02-06,2017,2.4130001068115234,118.1885986328125,-7.799983024597168,-0.07799983024597168,0.0011935177129804853
2017-02-07,2017,2.3889999389648438,118.62064361572266,-2.4000167846679688,-0.024000167846679688,0.0036555555096513537
2017-02-08,2017,2.3510000705718994,118.8178939819336,-3.7999868392944336,-0.037999868392944336,0.001662867104733845
2017-02-09,2017,2.3949999809265137,119.2499771118164,4.399991035461426,0.04399991035461426,0.003636515640889071
2017-02-10,2017,2.4089999198913574,119.64443969726562,1.399993896484375,0.01399993896484375,0.0033078629866682974
2017-02-13,2017,2.434000015258789,120.32075500488281,2.500009536743164,0.02500009536743164,0.005652709890475949
2017-02-14,2017,2.4700000286102295,120.72463989257812,3.600001335144043,0.03600001335144043,0.00335673498457445
2017-02-15,2017,2.502000093460083,121.43844604492188,3.2000064849853516,0.032000064849853516,0.0059126799051039125
2017-02-16,2017,2.450000047683716,121.40087890625,-5.200004577636719,-0.05200004577636719,-0.0003093512795607767
2017-02-17,2017,2.424999952316284,121.9269027709961,-2.500009536743164,-0.02500009536743164,0.004332949394479257
2017-02-21,2017,2.427000045776367,122.52803802490234,0.20000934600830078,0.002000093460083008,0.004930292168868533
2017-02-22,2017,2.4179999828338623,122.57500457763672,-0.9000062942504883,-0.009000062942504883,0.0003833126971708456
2017-02-23,2017,2.388000011444092,122.11473846435547,-2.999997138977051,-0.029999971389770508,-0.0037549752893520916
2017-02-24,2017,2.316999912261963,122.3495864868164,-7.100009918212891,-0.0710000991821289,0.0019231750844677098
2017-02-27,2017,2.36899995803833,122.49982452392578,5.200004577636719,0.05200004577636719,0.0012279407019128996
2017-02-28,2017,2.3580000400543213,122.12413787841797,-1.099991798400879,-0.010999917984008789,-0.003066834152357756
2017-03-01,2017,2.4630000591278076,123.4578628540039,10.500001907348633,0.10500001907348633,0.010921059495328844
2017-03-02,2017,2.489000082015991,122.83799743652344,2.6000022888183594,0.026000022888183594,-0.005020866254695333
2017-03-03,2017,2.492000102996826,123.06341552734375,0.3000020980834961,0.003000020980834961,0.0018350843836965058
2017-03-06,2017,2.49399995803833,122.79100799560547,0.19998550415039062,0.0019998550415039062,-0.002213554130372386
2017-03-07,2017,2.510999917984009,122.5843734741211,1.699995994567871,0.01699995994567871,-0.0016828147667927729
2017-03-08,2017,2.552000045776367,122.80039978027344,4.10001277923584,0.0410001277923584,0.0017622662663274724
2017-03-09,2017,2.5980000495910645,122.89432525634766,4.600000381469727,0.046000003814697266,0.0007648629503020921
2017-03-10,2017,2.5820000171661377,123.41094207763672,-1.6000032424926758,-0.016000032424926758,0.004203748384731698
2017-03-13,2017,2.6080000400543213,123.61760711669922,2.6000022888183594,0.026000022888183594,0.0016746087144565713
2017-03-14,2017,2.5950000286102295,123.31700134277344,-1.3000011444091797,-0.013000011444091797,-0.0024317391424831802
2017-03-15,2017,2.507999897003174,124.07781982421875,-8.700013160705566,-0.08700013160705566,0.006169615488220703
2017-03-16,2017,2.5220000743865967,123.99330139160156,1.4000177383422852,0.014000177383422852,-0.0006811727731590445
2017-03-17,2017,2.500999927520752,123.94999694824219,-2.1000146865844727,-0.021000146865844727,-0.0003492482486824322
2017-03-20,2017,2.4730000495910645,124.06293487548828,-2.79998779296875,-0.0279998779296875,0.0009111571603608315
2017-03-21,2017,2.436000108718872,122.1805191040039,-3.6999940872192383,-0.03699994087219238,-0.015173071420352957
2017-03-22,2017,2.3959999084472656,123.0087890625,-4.0000200271606445,-0.040000200271606445,0.006779067273327222
2017-03-23,2017,2.4179999828338623,122.69815063476562,2.200007438659668,0.02200007438659668,-0.002525335222807068
2017-03-24,2017,2.4000000953674316,122.95233154296875,-1.7999887466430664,-0.017999887466430664,0.002071595267639781
2017-03-27,2017,2.372999906539917,123.14995574951172,-2.700018882751465,-0.02700018882751465,0.0016073237820131148
2017-03-28,2017,2.4089999198913574,123.90291595458984,3.600001335144043,0.03600001335144043,0.006114173573960935
2017-03-29,2017,2.385999917984009,124.47706604003906,-2.3000001907348633,-0.023000001907348633,0.004633870648045546
2017-03-30,2017,2.4159998893737793,124.68415832519531,2.999997138977051,0.029999971389770508,0.001663698316038742
2017-03-31,2017,2.3959999084472656,124.59947204589844,-1.9999980926513672,-0.019999980926513672,-0.0006792064078902094
2017-04-03,2017,2.3499999046325684,124.52415466308594,-4.600000381469727,-0.046000003814697266,-0.0006044759385879228
2017-04-04,2017,2.3499999046325684,124.72181701660156,0.0,0.0,0.0015873414603810865
2017-04-05,2017,2.3570001125335693,124.21353912353516,0.7000207901000977,0.0070002079010009766,-0.004075292560873689
2017-04-06,2017,2.3429999351501465,124.27942657470703,-1.4000177383422852,-0.014000177383422852,0.0005304369526606401
2017-04-07,2017,2.372999906539917,124.21353912353516,2.999997138977051,0.029999971389770508,-0.0005301557384662647
2017-04-10,2017,2.3610000610351562,124.26061248779297,-1.1999845504760742,-0.011999845504760742,0.0003789712827599878
2017-04-11,2017,2.2980000972747803,123.72412872314453,-6.299996376037598,-0.06299996376037598,-0.004317408017775026
2017-04-12,2017,2.2960000038146973,123.2252426147461,-0.20000934600830078,-0.002000093460083008,-0.004032245880791652
2017-04-13,2017,2.2320001125335693,122.73580932617188,-6.399989128112793,-0.06399989128112793,-0.003971858997302902
2017-04-17,2017,2.252000093460083,123.75231170654297,1.9999980926513672,0.019999980926513672,0.008282035910723629
2017-04-18,2017,2.178999900817871,123.5640869140625,-7.300019264221191,-0.07300019264221191,-0.0015209800114830418
2017-04-19,2017,2.2019999027252197,123.76177215576172,2.3000001907348633,0.023000001907348633,0.0015998600130207041
2017-04-20,2017,2.240999937057495,124.7970962524414,3.900003433227539,0.03900003433227539,0.008365459532824637
2017-04-21,2017,2.236999988555908,124.76885223388672,-0.3999948501586914,-0.003999948501586914,-0.00022631951706275633
2017-04-24,2017,2.2730000019073486,126.27484130859375,3.600001335144043,0.03600001335144043,0.012070232656175683
2017-04-25,2017,2.3269999027252197,127.18782043457031,5.399990081787109,0.053999900817871094,0.007230095215446708
2017-04-26,2017,2.311000108718872,127.00894927978516,-1.5999794006347656,-0.015999794006347656,-0.0014063544305893405
2017-04-27,2017,2.2960000038146973,127.77140808105469,-1.5000104904174805,-0.015000104904174805,0.0060031895830421345
2017-04-28,2017,2.2820000648498535,127.9972915649414,-1.399993896484375,-0.01399993896484375,0.0017678719150016065
2017-05-01,2017,2.325000047683716,129.1361541748047,4.2999982833862305,0.042999982833862305,0.008897552408641873
2017-05-02,2017,2.2960000038146973,129.35264587402344,-2.9000043869018555,-0.029000043869018555,0.0016764607913419827
2017-05-03,2017,2.309000015258789,128.93849182128906,1.3000011444091797,0.013000011444091797,-0.0032017439607514575
2017-05-04,2017,2.3559999465942383,128.985595703125,4.699993133544922,0.04699993133544922,0.00036532055843507827
2017-05-05,2017,2.3519999980926514,129.4561767578125,-0.3999948501586914,-0.003999948501586914,0.0036483225287464727
2017-05-08,2017,2.375999927520752,129.738525390625,2.3999929428100586,0.023999929428100586,0.0021810363930392374
2017-05-09,2017,2.4070000648498535,130.19039916992188,3.1000137329101562,0.031000137329101562,0.0034829575712869154
2017-05-10,2017,2.4140000343322754,130.26565551757812,0.6999969482421875,0.006999969482421875,0.0005780483671304903
2017-05-11,2017,2.4000000953674316,130.16209411621094,-1.399993896484375,-0.01399993896484375,-0.0007950015754782935
2017-05-12,2017,2.3350000381469727,130.45384216308594,-6.500005722045898,-0.06500005722045898,0.002241420967109775
2017-05-15,2017,2.3380000591278076,130.86798095703125,0.3000020980834961,0.003000020980834961,0.0031746002040138332
2017-05-16,2017,2.3289999961853027,131.41392517089844,-0.9000062942504883,-0.009000062942504883,0.004171717251803875
2017-05-17,2017,2.2160000801086426,128.0726318359375,-11.299991607666016,-0.11299991607666016,-0.0254257174847774
2017-05-18,2017,2.2330000400543213,129.19261169433594,1.699995994567871,0.01699995994567871,0.008744880481827977
2017-05-19,2017,2.244999885559082,129.738525390625,1.1999845504760742,0.011999845504760742,0.0042255798464749805
2017-05-22,2017,2.253999948501587,130.83033752441406,0.9000062942504883,0.009000062942504883,0.008415481295950933
2017-05-23,2017,2.2850000858306885,130.9621124267578,3.1000137329101562,0.031000137329101562,0.001007219769032286
2017-05-24,2017,2.2660000324249268,131.56451416015625,-1.9000053405761719,-0.01900005340576172,0.004599816864861106
2017-05-25,2017,2.255000114440918,132.68460083007812,-1.099991798400879,-0.010999917984008789,0.008513592567661377
2017-05-26,2017,2.25,132.9198760986328,-0.5000114440917969,-0.005000114440917969,0.0017731919686443387
2017-05-30,2017,2.2170000076293945,133.0328369140625,-3.299999237060547,-0.03299999237060547,0.0008498414138293775
2017-05-31,2017,2.196000099182129,132.9857635498047,-2.0999908447265625,-0.020999908447265625,-0.0003538477066997725
2017-06-01,2017,2.2170000076293945,133.50344848632812,2.0999908447265625,0.020999908447265625,0.003892784631262858
2017-06-02,2017,2.1589999198913574,135.02818298339844,-5.800008773803711,-0.05800008773803711,0.0114209371694729
2017-06-05,2017,2.181999921798706,134.99996948242188,2.3000001907348633,0.023000001907348633,-0.00020894527611348135
2017-06-06,2017,2.1470000743865967,134.46353149414062,-3.4999847412109375,-0.034999847412109375,-0.003973615626269411
2017-06-07,2017,2.177999973297119,134.99057006835938,3.099989891052246,0.03099989891052246,0.003919565166572436
2017-06-08,2017,2.194000005722046,135.1317901611328,1.6000032424926758,0.016000032424926758,0.0010461478361185605
2017-06-09,2017,2.1989998817443848,131.7527618408203,0.4999876022338867,0.004999876022338867,-0.025005428524874196
2017-06-12,2017,2.2130000591278076,131.04684448242188,1.4000177383422852,0.014000177383422852,-0.0053578941992221685
2017-06-13,2017,2.2070000171661377,132.1104278564453,-0.6000041961669922,-0.006000041961669922,0.00811605482164901
2017-06-14,2017,2.138000011444092,131.5363006591797,-6.90000057220459,-0.0690000057220459,-0.004345812867168064
2017-06-15,2017,2.1619999408721924,130.9527130126953,2.3999929428100586,0.023999929428100586,-0.0044367041155923825
2017-06-16,2017,2.1570000648498535,130.38458251953125,-0.4999876022338867,-0.004999876022338867,-0.004338440037580438
2017-06-19,2017,2.190000057220459,132.5647430419922,3.299999237060547,0.03299999237060547,0.016720999372255907
2017-06-20,2017,2.1530001163482666,131.52655029296875,-3.6999940872192383,-0.03699994087219238,-0.007831590249411713
2017-06-21,2017,2.1549999713897705,132.8289794921875,0.19998550415039062,0.0019998550415039062,0.00990240522782404
2017-06-22,2017,2.1530001163482666,132.7912139892578,-0.19998550415039062,-0.0019998550415039062,-0.0002843167437863725
2017-06-23,2017,2.1440000534057617,133.30088806152344,-0.9000062942504883,-0.009000062942504883,0.0038381611023365902
2017-06-26,2017,2.13700008392334,132.67794799804688,-0.6999969482421875,-0.006999969482421875,-0.00467318764739999
2017-06-27,2017,2.197999954223633,130.27133178710938,6.099987030029297,0.06099987030029297,-0.018138780763875872
2017-06-28,2017,2.2209999561309814,132.14944458007812,2.3000001907348633,0.023000001907348633,0.014416930933338179
2017-06-29,2017,2.2669999599456787,129.85601806640625,4.600000381469727,0.046000003814697266,-0.017354794951727093
2017-06-30,2017,2.302000045776367,129.90325927734375,3.5000085830688477,0.03500008583068848,0.00036379685470833145
2017-07-03,2017,2.3459999561309814,128.5347137451172,4.399991035461426,0.04399991035461426,-0.010535113128337437
2017-07-05,2017,2.3340001106262207,129.79942321777344,-1.1999845504760742,-0.011999845504760742,0.009839438979606374
2017-07-06,2017,2.369999885559082,128.6291046142578,3.599977493286133,0.03599977493286133,-0.009016362126294641
2017-07-07,2017,2.3929998874664307,130.01649475097656,2.3000001907348633,0.023000001907348633,0.010785973678969052
2017-07-10,2017,2.371000051498413,130.8659210205078,-2.199983596801758,-0.021999835968017578,0.006533219274663438
2017-07-11,2017,2.361999988555908,131.23397827148438,-0.9000062942504883,-0.009000062942504883,0.0028124759150924827
2017-07-12,2017,2.3269999027252197,132.7912139892578,-3.5000085830688477,-0.03500008583068848,0.011866101586526456
2017-07-13,2017,2.3480000495910645,133.08375549316406,2.1000146865844727,0.021000146865844727,0.0022030185214656495
2017-07-14,2017,2.319000005722046,134.1313934326172,-2.9000043869018555,-0.029000043869018555,0.007872019658379248
2017-07-17,2017,2.309000015258789,134.19747924804688,-0.9999990463256836,-0.009999990463256836,0.0004926946163643642
2017-07-18,2017,2.263000011444092,135.09405517578125,-4.600000381469727,-0.046000003814697266,0.006681019142521727
2017-07-19,2017,2.2679998874664307,135.88682556152344,0.4999876022338867,0.004999876022338867,0.0058682847643491964
2017-07-20,2017,2.2660000324249268,136.066162109375,-0.19998550415039062,-0.0019998550415039062,0.0013197493363354962
2017-07-21,2017,2.2320001125335693,136.0095672607422,-3.399991989135742,-0.03399991989135742,-0.0004159362456870319
2017-07-24,2017,2.253999948501587,136.63243103027344,2.199983596801758,0.021999835968017578,0.004579558497801672
2017-07-25,2017,2.3259999752044678,136.28318786621094,7.200002670288086,0.07200002670288086,-0.002556078095288461
2017-07-26,2017,2.2820000648498535,136.726806640625,-4.399991035461426,-0.04399991035461426,0.0032551247249188453
2017-07-27,2017,2.309999942779541,135.8679962158203,2.79998779296875,0.0279998779296875,-0.006281214678420688
2017-07-28,2017,2.2890000343322754,135.75469970703125,-2.0999908447265625,-0.020999908447265625,-0.00083387193411677
2017-07-31,2017,2.2920000553131104,135.17901611328125,0.3000020980834961,0.003000020980834961,-0.0042406163100973115
2017-08-01,2017,2.250999927520752,135.49044799804688,-4.10001277923584,-0.0410001277923584,0.0023038478435486454
2017-08-02,2017,2.26200008392334,135.85850524902344,1.100015640258789,0.01100015640258789,0.0027164811720297166
2017-08-03,2017,2.2279999256134033,135.33001708984375,-3.4000158309936523,-0.03400015830993652,-0.0038899895020263475
2017-08-04,2017,2.2669999599456787,135.57540893554688,3.900003433227539,0.03900003433227539,0.0018132846723888374
2017-08-07,2017,2.256999969482422,136.43426513671875,-0.9999990463256836,-0.009999990463256836,0.006334896629964559
2017-08-08,2017,2.2829999923706055,136.1982879638672,2.6000022888183594,0.026000022888183594,-0.0017296034292785256
2017-08-09,2017,2.240999937057495,136.01901245117188,-4.200005531311035,-0.04200005531311035,-0.0013162831587345547
2017-08-10,2017,2.2119998931884766,133.10267639160156,-2.9000043869018555,-0.029000043869018555,-0.02144065014894314
2017-08-11,2017,2.188999891281128,134.11256408691406,-2.3000001907348633,-0.023000001907348633,0.0075872831613190694
2017-08-14,2017,2.2190001010894775,135.83969116210938,3.000020980834961,0.03000020980834961,0.0128781899515098
2017-08-15,2017,2.2660000324249268,135.93402099609375,4.699993133544922,0.04699993133544922,0.0006944202624239448
2017-08-16,2017,2.2260000705718994,136.17002868652344,-3.9999961853027344,-0.039999961853027344,0.0017361929611166005
2017-08-17,2017,2.1989998817443848,133.38583374023438,-2.700018882751465,-0.02700018882751465,-0.020446459277015716
2017-08-18,2017,2.194000005722046,133.2914581298828,-0.4999876022338867,-0.004999876022338867,-0.0007075384822000652
2017-08-21,2017,2.180000066757202,133.12155151367188,-1.399993896484375,-0.01399993896484375,-0.0012746999589828834
2017-08-22,2017,2.2149999141693115,135.1507110595703,3.4999847412109375,0.034999847412109375,0.015242907874988498
2017-08-23,2017,2.1710000038146973,134.66934204101562,-4.399991035461426,-0.04399991035461426,-0.0035617202068771725
2017-08-24,2017,2.194000005722046,134.27296447753906,2.3000001907348633,0.023000001907348633,-0.002943339274322998
2017-08-25,2017,2.1689999103546143,133.98988342285156,-2.500009536743164,-0.02500009536743164,-0.002108250575899473
2017-08-28,2017,2.1589999198913574,134.40512084960938,-0.9999990463256836,-0.009999990463256836,0.0030990207331353936
2017-08-29,2017,2.135999917984009,134.93360900878906,-2.3000001907348633,-0.023000001907348633,0.003932053747944808
2017-08-30,2017,2.1429998874664307,136.51919555664062,0.6999969482421875,0.006999969482421875,0.011750864439920905
2017-08-31,2017,2.121000051498413,137.98208618164062,-2.199983596801758,-0.021999835968017578,0.010715640529782133
2017-09-01,2017,2.1570000648498535,137.79336547851562,3.600001335144043,0.03600001335144043,-0.0013677188709595445
2017-09-05,2017,2.069999933242798,136.55691528320312,-8.700013160705566,-0.08700013160705566,-0.008973220089506295
2017-09-06,2017,2.1080000400543213,136.97219848632812,3.8000106811523438,0.03800010681152344,0.0030410997660847983
2017-09-07,2017,2.061000108718872,137.29310607910156,-4.699993133544922,-0.04699993133544922,0.002342866627824902
2017-09-08,2017,2.061000108718872,136.1039581298828,0.0,0.0,-0.008661381355401954
2017-09-11,2017,2.125,137.67063903808594,6.399989128112793,0.06399989128112793,0.011510913640792486
2017-09-12,2017,2.1710000038146973,138.00094604492188,4.600000381469727,0.046000003814697266,0.0023992552743548057
2017-09-13,2017,2.194999933242798,138.189697265625,2.3999929428100586,0.023999929428100586,0.001367753092371471
2017-09-14,2017,2.197000026702881,137.37799072265625,0.20000934600830078,0.002000093460083008,-0.005873857161786122
2017-09-15,2017,2.2019999027252197,137.8499298095703,0.4999876022338867,0.004999876022338867,0.0034353325771581122
2017-09-18,2017,2.2290000915527344,137.66928100585938,2.700018882751465,0.02700018882751465,-0.0013104743974878819
2017-09-19,2017,2.243000030517578,137.90577697753906,1.399993896484375,0.01399993896484375,0.0017178557914427905
2017-09-20,2017,2.2769999504089355,137.48008728027344,3.399991989135742,0.03399991989135742,-0.0030868155533103625
2017-09-21,2017,2.2780001163482666,136.63829040527344,0.10001659393310547,0.0010001659393310547,-0.0061230458290579826
2017-09-22,2017,2.26200008392334,136.50588989257812,-1.6000032424926758,-0.016000032424926758,-0.0009689854308232437
2017-09-25,2017,2.2200000286102295,135.06820678710938,-4.200005531311035,-0.04200005531311035,-0.010532022512729111
2017-09-26,2017,2.2290000915527344,135.4181365966797,0.9000062942504883,0.009000062942504883,0.002590763717784883
2017-09-27,2017,2.309000015258789,136.63829040527344,7.999992370605469,0.07999992370605469,0.009010268781262099
2017-09-28,2017,2.309000015258789,136.5910186767578,0.0,0.0,-0.00034596252906426983
2017-09-29,2017,2.3259999752044678,137.57469177246094,1.699995994567871,0.01699995994567871,0.007201594257313371
2017-10-02,2017,2.3369998931884766,137.69764709472656,1.099991798400879,0.010999917984008789,0.0008937350371751585
2017-10-03,2017,2.3340001106262207,137.99087524414062,-0.29997825622558594,-0.0029997825622558594,0.00212950733437256
2017-10-04,2017,2.3299999237060547,138.123291015625,-0.40001869201660156,-0.004000186920166016,0.0009595980259571313
2017-10-05,2017,2.3499999046325684,139.4759063720703,1.9999980926513672,0.019999980926513672,0.009792811527292056
2017-10-06,2017,2.369999885559082,139.66502380371094,1.9999980926513672,0.019999980926513672,0.0013559146992465632
2017-10-09,2017,2.3610000610351562,139.5042266845703,-0.8999824523925781,-0.008999824523925781,-0.001151305564996763
2017-10-10,2017,2.3450000286102295,139.6082763671875,-1.6000032424926758,-0.016000032424926758,0.000745853262585694
2017-10-11,2017,2.3450000286102295,140.02447509765625,0.0,0.0,0.002981189520412819
2017-10-12,2017,2.322999954223633,139.76902770996094,-2.200007438659668,-0.02200007438659668,-0.0018243052688978745
2017-10-13,2017,2.2799999713897705,140.30821228027344,-4.2999982833862305,-0.042999982833862305,0.0038576827724048357
2017-10-16,2017,2.306999921798706,140.79058837890625,2.6999950408935547,0.026999950408935547,0.003437974804135102
2017-10-17,2017,2.2980000972747803,140.97032165527344,-0.8999824523925781,-0.008999824523925781,0.0012766000798538624
2017-10-18,2017,2.3389999866485596,140.80003356933594,4.09998893737793,0.0409998893737793,-0.001207971181011569
2017-10-19,2017,2.321000099182129,140.27984619140625,-1.7999887466430664,-0.017999887466430664,-0.003694511746501261
2017-10-20,2017,2.38100004196167,140.65821838378906,5.999994277954102,0.059999942779541016,0.00269726694643313
2017-10-23,2017,2.375999927520752,139.74069213867188,-0.5000114440917969,-0.005000114440917969,-0.00652309019451458
2017-10-24,2017,2.4059998989105225,139.9771728515625,2.999997138977051,0.029999971389770508,0.001692282392990796
2017-10-25,2017,2.444000005722046,139.44747924804688,3.8000106811523438,0.03800010681152344,-0.0037841427478845224
2017-10-26,2017,2.4519999027252197,139.00294494628906,0.7999897003173828,0.007999897003173828,-0.0031878260127390368
2017-10-27,2017,2.427999973297119,143.05116271972656,-2.3999929428100586,-0.023999929428100586,0.029123251849100917
2017-10-30,2017,2.369999885559082,143.37281799316406,-5.800008773803711,-0.05800008773803711,0.002248533093489824
2017-10-31,2017,2.375999927520752,143.9119110107422,0.6000041961669922,0.006000041961669922,0.0037600782709301672
2017-11-01,2017,2.375999927520752,143.86465454101562,0.0,0.0,-0.00032837080262959617
2017-11-02,2017,2.3469998836517334,143.59033203125,-2.9000043869018555,-0.029000043869018555,-0.0019068096374389443
2017-11-03,2017,2.3429999351501465,144.9713134765625,-0.3999948501586914,-0.003999948501586914,0.009617509938008695
2017-11-06,2017,2.319999933242798,145.4630584716797,-2.3000001907348633,-0.023000001907348633,0.003392015863860509
2017-11-07,2017,2.306999921798706,145.5482635498047,-1.3000011444091797,-0.013000011444091797,0.0005857506298865278
2017-11-08,2017,2.325000047683716,146.1346893310547,1.8000125885009766,0.018000125885009766,0.004029081261071488
2017-11-09,2017,2.3310000896453857,145.36851501464844,0.6000041961669922,0.006000041961669922,-0.00524293252966479
2017-11-10,2017,2.4000000953674316,145.35910034179688,6.90000057220459,0.0690000057220459,-6.476418123013694e-05
2017-11-13,2017,2.4000000953674316,145.53878784179688,0.0,0.0,0.0012361627141161957
2017-11-14,2017,2.38100004196167,145.0091094970703,-1.9000053405761719,-0.01900005340576172,-0.003639430783925035
2017-11-15,2017,2.3350000381469727,144.32809448242188,-4.600000381469727,-0.046000003814697266,-0.004696360228749641
2017-11-16,2017,2.3610000610351562,146.1725311279297,2.6000022888183594,0.026000022888183594,0.012779470636830492
2017-11-17,2017,2.3540000915527344,145.61444091796875,-0.6999969482421875,-0.006999969482421875,-0.003818023849313401
2017-11-20,2017,2.371999979019165,145.50099182128906,1.7999887466430664,0.017999887466430664,-0.0007791060829165364
2017-11-21,2017,2.36299991607666,147.08055114746094,-0.9000062942504883,-0.009000062942504883,0.010856003841622996
2017-11-22,2017,2.322000026702881,147.26026916503906,-4.09998893737793,-0.0409998893737793,0.0012219019861976488
2017-11-24,2017,2.3399999141693115,147.7993927001953,1.7999887466430664,0.017999887466430664,0.003661025055930356
2017-11-27,2017,2.328000068664551,147.7332000732422,-1.1999845504760742,-0.011999845504760742,-0.0004478545259478661
2017-11-28,2017,2.3380000591278076,148.11158752441406,0.9999990463256836,0.009999990463256836,0.002561289209089601
2017-11-29,2017,2.375999927520752,145.52932739257812,3.7999868392944336,0.037999868392944336,-0.017434558463633287
2017-11-30,2017,2.4170000553131104,146.74949645996094,4.10001277923584,0.0410001277923584,0.00838435172651697
2017-12-01,2017,2.361999988555908,146.12525939941406,-5.500006675720215,-0.05500006675720215,-0.004253759471789298
2017-12-04,2017,2.378999948501587,144.44161987304688,1.699995994567871,0.01699995994567871,-0.01152189247284885
2017-12-05,2017,2.3559999465942383,144.53619384765625,-2.3000001907348633,-0.023000001907348633,0.0006547557047096308
2017-12-06,2017,2.3299999237060547,145.18885803222656,-2.6000022888183594,-0.026000022888183594,0.004515576114161535
2017-12-07,2017,2.375999927520752,145.68069458007812,4.600000381469727,0.046000003814697266,0.003387563994355469
2017-12-08,2017,2.382999897003174,146.3238525390625,0.6999969482421875,0.006999969482421875,0.004414846873419087
2017-12-11,2017,2.384999990463257,147.4588623046875,0.20000934600830078,0.002000093460083008,0.007756833530076612
2017-12-12,2017,2.4030001163482666,147.26026916503906,1.8000125885009766,0.018000125885009766,-0.0013467697807005852
2017-12-13,2017,2.3489999771118164,147.54400634765625,-5.4000139236450195,-0.054000139236450195,0.001926773489047351
2017-12-14,2017,2.3459999561309814,147.43994140625,-0.3000020980834961,-0.003000020980834961,-0.0007053145971991359
2017-12-15,2017,2.3550000190734863,149.1140899658203,0.9000062942504883,0.009000062942504883,0.011354783131372947
2017-12-18,2017,2.3919999599456787,150.3643341064453,3.6999940872192383,0.03699994087219238,0.008384480238665448
2017-12-19,2017,2.4630000591278076,149.4733428955078,7.100009918212891,0.0710000991821289,-0.005925548875884035
2017-12-20,2017,2.496999979019165,149.31224060058594,3.399991989135742,0.03399991989135742,-0.0010777995045878619
2017-12-21,2017,2.4809999465942383,149.33120727539062,-1.6000032424926758,-0.016000032424926758,0.00012702692510946356
2017-12-22,2017,2.484999895095825,149.16058349609375,0.3999948501586914,0.003999948501586914,-0.0011425862176431822
2017-12-26,2017,2.4670000076293945,148.3549346923828,-1.7999887466430664,-0.017999887466430664,-0.005401217834013372
2017-12-27,2017,2.4140000343322754,148.37387084960938,-5.299997329711914,-0.05299997329711914,0.0001276408989416833
2017-12-28,2017,2.431999921798706,148.55392456054688,1.7999887466430664,0.017999887466430664,0.0012135136052358053
2017-12-29,2017,2.4049999713897705,147.63458251953125,-2.6999950408935547,-0.026999950408935547,-0.006188608235933368
2018-01-02,2018,2.4649999141693115,150.22218322753906,5.999994277954102,0.059999942779541016,0.017527063536522558
2018-01-03,2018,2.447000026702881,151.6818084716797,-1.7999887466430664,-0.017999887466430664,0.009716442756858124
2018-01-04,2018,2.453000068664551,151.94717407226562,0.6000041961669922,0.006000041961669922,0.0017494886384841202
2018-01-05,2018,2.4760000705718994,153.47323608398438,2.3000001907348633,0.023000001907348633,0.01004337211952988
2018-01-08,2018,2.4800000190734863,154.0703582763672,0.3999948501586914,0.003999948501586914,0.0038907252340469878
2018-01-09,2018,2.5460000038146973,154.07980346679688,6.599998474121094,0.06599998474121094,6.130439712959124e-05
2018-01-10,2018,2.549999952316284,153.71963500976562,0.3999948501586914,0.003999948501586914,-0.002337544888606158
2018-01-11,2018,2.5309998989105225,154.77174377441406,-1.9000053405761719,-0.01900005340576172,0.006844335563128245
2018-01-12,2018,2.552000045776367,155.90911865234375,2.1000146865844727,0.021000146865844727,0.007348724322622235
2018-01-16,2018,2.5439999103546143,155.4636688232422,-0.800013542175293,-0.00800013542175293,-0.0028571120980733777
2018-01-17,2018,2.578000068664551,157.1413116455078,3.4000158309936523,0.03400015830993652,0.01079122109341868
2018-01-18,2018,2.6110000610351562,157.16978454589844,3.299999237060547,0.03299999237060547,0.00018119296633378745
2018-01-19,2018,2.63700008392334,157.6626739501953,2.6000022888183594,0.026000022888183594,0.0031360315579800346
2018-01-22,2018,2.6649999618530273,159.3497772216797,2.79998779296875,0.0279998779296875,0.010700714564928271
2018-01-23,2018,2.624000072479248,160.6672821044922,-4.09998893737793,-0.0409998893737793,0.008268005803231615
2018-01-24,2018,2.6540000438690186,159.6246337890625,2.999997138977051,0.029999971389770508,-0.006489487478549494
2018-01-25,2018,2.621000051498413,159.5677490234375,-3.299999237060547,-0.03299999237060547,-0.00035636583323450655
2018-01-26,2018,2.6619999408721924,162.01319885253906,4.09998893737793,0.0409998893737793,0.015325464224869023
2018-01-29,2018,2.6989998817443848,161.22650146484375,3.6999940872192383,0.03699994087219238,-0.004855761093954691
2018-01-30,2018,2.7260000705718994,159.89955139160156,2.700018882751465,0.02700018882751465,-0.008230347127711757
2018-01-31,2018,2.7200000286102295,160.56297302246094,-0.6000041961669922,-0.006000041961669922,0.004148989944534831
2018-02-01,2018,2.7730000019073486,159.1981658935547,5.299997329711914,0.05299997329711914,-0.00850013613484435
2018-02-02,2018,2.8540000915527344,156.0228729248047,8.100008964538574,0.08100008964538574,-0.019945537380582024
2018-02-05,2018,2.7939999103546143,149.87144470214844,-6.000018119812012,-0.06000018119812012,-0.03942645143844348
2018-02-06,2018,2.7679998874664307,153.84288024902344,-2.6000022888183594,-0.026000022888183594,0.02649894751310189
2018-02-07,2018,2.8440001010894775,151.8524169921875,7.6000213623046875,0.07600021362304688,-0.012938286475227212
2018-02-08,2018,2.8510000705718994,145.445068359375,0.6999969482421875,0.006999969482421875,-0.04219457786531078
2018-02-09,2018,2.8289999961853027,147.9568328857422,-2.200007438659668,-0.02200007438659668,0.01726950631396429
2018-02-12,2018,2.8570001125335693,150.58229064941406,2.80001163482666,0.0280001163482666,0.01774475509150264
2018-02-13,2018,2.8399999141693115,151.35958862304688,-1.7000198364257812,-0.017000198364257812,0.005161948130026239
2018-02-14,2018,2.9130001068115234,154.193603515625,7.300019264221191,0.07300019264221191,0.018723722219119443
2018-02-15,2018,2.8910000324249268,157.05604553222656,-2.200007438659668,-0.02200007438659668,0.018563947863839303
2018-02-16,2018,2.877000093460083,156.35462951660156,-1.399993896484375,-0.01399993896484375,-0.004466023662114127
2018-02-20,2018,2.8929998874664307,156.6673583984375,1.5999794006347656,0.015999794006347656,0.002000125501897765
2018-02-21,2018,2.943000078201294,156.22195434570312,5.000019073486328,0.05000019073486328,-0.0028429920392326613
2018-02-22,2018,2.9170000553131104,156.2029571533203,-2.6000022888183594,-0.026000022888183594,-0.0001216038581924872
2018-02-23,2018,2.871000051498413,159.39723205566406,-4.600000381469727,-0.046000003814697266,0.02044951619711277
2018-02-26,2018,2.8589999675750732,161.51084899902344,-1.2000083923339844,-0.012000083923339844,0.013260060517370054
2018-02-27,2018,2.9079999923706055,159.51087951660156,4.900002479553223,0.04900002479553223,-0.01238288012735278
2018-02-28,2018,2.868000030517578,158.48724365234375,-3.9999961853027344,-0.039999961853027344,-0.0064173419854491875
2018-03-01,2018,2.803999900817871,155.89964294433594,-6.400012969970703,-0.06400012969970703,-0.016326870531510718
2018-03-02,2018,2.8570001125335693,157.3309326171875,5.300021171569824,0.05300021171569824,0.00918083996743091
2018-03-05,2018,2.88100004196167,159.07489013671875,2.3999929428100586,0.023999929428100586,0.01108464489799088
2018-03-06,2018,2.877000093460083,159.7478790283203,-0.3999948501586914,-0.003999948501586914,0.004230641875805574
2018-03-07,2018,2.882999897003174,160.11749267578125,0.599980354309082,0.00599980354309082,0.0023137311725773824
2018-03-08,2018,2.865999937057495,160.9990234375,-1.699995994567871,-0.01699995994567871,0.005505524393288663
2018-03-09,2018,2.8940000534057617,164.12689208984375,2.80001163482666,0.0280001163482666,0.01942787344643726
2018-03-12,2018,2.869999885559082,164.99884033203125,-2.4000167846679688,-0.024000167846679688,0.0053126470079638555
2018-03-13,2018,2.8480000495910645,162.7524871826172,-2.199983596801758,-0.021999835968017578,-0.013614357197260674
2018-03-14,2018,2.816999912261963,162.72402954101562,-3.1000137329101562,-0.031000137329101562,-0.000174852268583936
2018-03-15,2018,2.8259999752044678,162.58189392089844,0.9000062942504883,0.009000062942504883,-0.0008734765265959732
2018-03-16,2018,2.8480000495910645,162.09849548339844,2.200007438659668,0.02200007438659668,-0.002973261202967592
2018-03-19,2018,2.8450000286102295,158.63990783691406,-0.3000020980834961,-0.003000020980834961,-0.02133633403672519
2018-03-20,2018,2.878999948501587,159.16212463378906,3.399991989135742,0.03399991989135742,0.00329183749534101
2018-03-21,2018,2.9070000648498535,158.4690399169922,2.80001163482666,0.0280001163482666,-0.004354583217531016
2018-03-22,2018,2.8320000171661377,154.55767822265625,-7.500004768371582,-0.07500004768371582,-0.02468218206145978
2018-03-23,2018,2.8299999237060547,150.48486328125,-0.20000934600830078,-0.002000093460083008,-0.026351424194784645
2018-03-26,2018,2.8429999351501465,156.07664489746094,1.3000011444091797,0.013000011444091797,0.03715843237841221
2018-03-27,2018,2.7860000133514404,151.02598571777344,-5.6999921798706055,-0.056999921798706055,-0.032360121419868326
2018-03-28,2018,2.7750000953674316,149.2886505126953,-1.099991798400879,-0.010999917984008789,-0.011503551503545428
2018-03-29,2018,2.740999937057495,152.0228271484375,-3.4000158309936523,-0.03400015830993652,0.01831469858125412
2018-04-02,2018,2.7320001125335693,147.63674926757812,-0.8999824523925781,-0.008999824523925781,-0.02885144266246764
2018-04-03,2018,2.7839999198913574,149.29812622070312,5.199980735778809,0.051999807357788086,0.011253139623887964
2018-04-04,2018,2.7880001068115234,151.65255737304688,0.40001869201660156,0.004000186920166016,0.015769998002943764
2018-04-05,2018,2.8320000171661377,152.5165252685547,4.399991035461426,0.04399991035461426,0.005697021603022101
2018-04-06,2018,2.7750000953674316,148.70004272460938,-5.6999921798706055,-0.056999921798706055,-0.02502340344579157
2018-04-09,2018,2.7860000133514404,149.74435424804688,1.099991798400879,0.010999917984008789,0.007022940305212666
2018-04-10,2018,2.796999931335449,153.04818725585938,1.099991798400879,0.010999917984008789,0.022063155732334305
2018-04-11,2018,2.7899999618530273,152.1652374267578,-0.6999969482421875,-0.006999969482421875,-0.00576909694216432
2018-04-12,2018,2.8340001106262207,153.9975128173828,4.400014877319336,0.04400014877319336,0.012041353344629302
2018-04-13,2018,2.8289999961853027,153.2000274658203,-0.5000114440917969,-0.005000114440917969,-0.005178559945368644
2018-04-16,2018,2.8320000171661377,154.36778259277344,0.3000020980834961,0.003000020980834961,0.007622421133140156
2018-04-17,2018,2.813999891281128,157.69061279296875,-1.8000125885009766,-0.018000125885009766,0.021525412520571274
2018-04-18,2018,2.867000102996826,158.01336669921875,5.300021171569824,0.05300021171569824,0.0020467540872184387
2018-04-19,2018,2.9140000343322754,156.56077575683594,4.699993133544922,0.04699993133544922,-0.009192835851335568
2018-04-20,2018,2.9509999752044678,154.0829620361328,3.6999940872192383,0.03699994087219238,-0.015826529401920975
2018-04-23,2018,2.9730000495910645,153.6937255859375,2.200007438659668,0.02200007438659668,-0.002526148543951501
2018-04-24,2018,2.9830000400543213,150.43740844726562,0.9999990463256836,0.009999990463256836,-0.021187053188134963
2018-04-25,2018,3.0239999294281006,150.61773681640625,4.09998893737793,0.0409998893737793,0.0011986936693597627
2018-04-26,2018,2.990000009536743,153.78868103027344,-3.399991989135742,-0.03399991989135742,0.021052926971890207
2018-04-27,2018,2.9570000171661377,153.88360595703125,-3.299999237060547,-0.03299999237060547,0.0006172426092863059
2018-04-30,2018,2.936000108718872,152.7917938232422,-2.0999908447265625,-0.020999908447265625,-0.007095051659329665
2018-05-01,2018,2.9760000705718994,154.53863525390625,3.9999961853027344,0.039999961853027344,0.011432822319534353
2018-05-02,2018,2.9639999866485596,153.62728881835938,-1.2000083923339844,-0.012000083923339844,-0.005897207737401988
2018-05-03,2018,2.946000099182129,153.60826110839844,-1.7999887466430664,-0.017999887466430664,-0.00012385631554978627
2018-05-04,2018,2.944000005722046,156.52284240722656,-0.20000934600830078,-0.002000093460083008,0.018974118174356347
2018-05-07,2018,2.950000047683716,157.823486328125,0.6000041961669922,0.006000041961669922,0.008309610922567767
2018-05-08,2018,2.9690001010894775,157.66207885742188,1.9000053405761719,0.01900005340576172,-0.0010227088151351094
2018-05-09,2018,3.003999948501587,159.38046264648438,3.4999847412109375,0.034999847412109375,0.01089915724513868
2018-05-10,2018,2.9709999561309814,161.03237915039062,-3.299999237060547,-0.03299999237060547,0.010364611047530392
2018-05-11,2018,2.9709999561309814,160.8804473876953,0.0,0.0,-0.0009434857976818867
2018-05-14,2018,2.994999885559082,161.15582275390625,2.3999929428100586,0.023999929428100586,0.0017116770290135364
2018-05-15,2018,3.0799999237060547,159.37094116210938,8.500003814697266,0.08500003814697266,-0.01107550171812588
2018-05-16,2018,3.0950000286102295,160.42477416992188,1.5000104904174805,0.015000104904174805,0.006612453940022522
2018-05-17,2018,3.1089999675750732,159.80767822265625,1.399993896484375,0.01399993896484375,-0.0038466374689235527
2018-05-18,2018,3.066999912261963,158.98167419433594,-4.200005531311035,-0.04200005531311035,-0.005168738057563571
2018-05-21,2018,3.065000057220459,159.8741455078125,-0.19998550415039062,-0.0019998550415039062,0.005613674141999647
2018-05-22,2018,3.065000057220459,159.66525268554688,0.0,0.0,-0.0013066079046246681
2018-05-23,2018,3.003000020980835,161.0133819580078,-6.200003623962402,-0.06200003623962402,0.008443473140120394
2018-05-24,2018,2.9809999465942383,160.9658660888672,-2.200007438659668,-0.02200007438659668,-0.0002951050935195987
2018-05-25,2018,2.930999994277954,161.12728881835938,-4.999995231628418,-0.04999995231628418,0.0010028382626354748
2018-05-29,2018,2.7679998874664307,160.41531372070312,-16.300010681152344,-0.16300010681152344,-0.004418712080849763
2018-05-30,2018,2.8420000076293945,161.5640106201172,7.400012016296387,0.07400012016296387,0.007160768337953316
2018-05-31,2018,2.822000026702881,161.4595947265625,-1.9999980926513672,-0.019999980926513672,-0.0006462818863800512
2018-06-01,2018,2.8949999809265137,163.99441528320312,7.299995422363281,0.07299995422363281,0.01569941111851203
2018-06-04,2018,2.937000036239624,165.47540283203125,4.200005531311035,0.04200005531311035,0.009030719407551846
2018-06-05,2018,2.9189999103546143,165.98802185058594,-1.8000125885009766,-0.018000125885009766,0.003097856296352619
2018-06-06,2018,2.9749999046325684,166.95645141601562,5.59999942779541,0.0559999942779541,0.005834334035870414
2018-06-07,2018,2.933000087738037,165.5988311767578,-4.199981689453125,-0.04199981689453125,-0.008131582983127439
2018-06-08,2018,2.937000036239624,165.60838317871094,0.3999948501586914,0.003999948501586914,5.7681578337520634e-05
2018-06-11,2018,2.9570000171661377,166.05453491210938,1.9999980926513672,0.019999980926513672,0.0026940166000954946
2018-06-12,2018,2.9570000171661377,166.92796325683594,0.0,0.0,0.005259888537153534
2018-06-13,2018,2.9769999980926514,166.91845703125,1.9999980926513672,0.019999980926513672,-5.694807149425607e-05
2018-06-14,2018,2.946000099182129,168.60838317871094,-3.099989891052246,-0.03099989891052246,0.010124261735444673
2018-06-15,2018,2.9240000247955322,168.01976013183594,-2.200007438659668,-0.02200007438659668,-0.003491066314603719
2018-06-18,2018,2.9260001182556152,167.92266845703125,0.20000934600830078,0.002000093460083008,-0.0005778586681025599
2018-06-19,2018,2.8929998874664307,167.447021484375,-3.300023078918457,-0.03300023078918457,-0.0028325358156034985
2018-06-20,2018,2.927999973297119,168.63621520996094,3.5000085830688477,0.03500008583068848,0.007101910294038394
2018-06-21,2018,2.8970000743865967,167.17111206054688,-3.099989891052246,-0.03099989891052246,-0.008687950850829629
2018-06-22,2018,2.9000000953674316,166.80006408691406,0.3000020980834961,0.003000020980834961,-0.0022195699308288352
2018-06-25,2018,2.875,163.04193115234375,-2.500009536743164,-0.02500009536743164,-0.022530764332392983
2018-06-26,2018,2.880000114440918,163.70794677734375,0.5000114440917969,0.005000114440917969,0.004084934595001144
2018-06-27,2018,2.8269999027252197,161.48175048828125,-5.300021171569824,-0.05300021171569824,-0.013598584142590853
2018-06-28,2018,2.8469998836517334,162.87074279785156,1.9999980926513672,0.019999980926513672,0.008601543551332247
2018-06-29,2018,2.8489999771118164,163.30838012695312,0.20000934600830078,0.002000093460083008,0.0026870223686812356
2018-07-02,2018,2.865999937057495,164.40249633789062,1.699995994567871,0.01699995994567871,0.006699694223204933
2018-07-03,2018,2.8380000591278076,162.49969482421875,-2.79998779296875,-0.0279998779296875,-0.011574042706511634
2018-07-05,2018,2.8399999141693115,164.51663208007812,0.19998550415039062,0.0019998550415039062,0.01241194488421149
2018-07-06,2018,2.8310000896453857,167.075927734375,-0.8999824523925781,-0.008999824523925781,0.015556455429084792
2018-07-09,2018,2.859999895095825,168.57911682128906,2.8999805450439453,0.028999805450439453,0.00899704168815929
2018-07-10,2018,2.872999906539917,168.70285034179688,1.3000011444091797,0.013000011444091797,0.0007339789342886149
2018-07-11,2018,2.8420000076293945,167.8466033935547,-3.099989891052246,-0.03099989891052246,-0.005075474104364042
2018-07-12,2018,2.8529999256134033,170.73886108398438,1.099991798400879,0.010999917984008789,0.017231553287069712
2018-07-13,2018,2.8310000896453857,170.8815460205078,-2.199983596801758,-0.021999835968017578,0.0008356910407949503
2018-07-16,2018,2.8580000400543213,170.47242736816406,2.6999950408935547,0.026999950408935547,-0.0023941652090077037
2018-07-17,2018,2.864000082015991,171.50942993164062,0.6000041961669922,0.006000041961669922,0.006083110210174825
2018-07-18,2018,2.875,171.18597412109375,1.099991798400879,0.010999917984008789,-0.001885936013406364
2018-07-19,2018,2.8469998836517334,170.32974243164062,-2.80001163482666,-0.0280001163482666,-0.005001763105004442
2018-07-20,2018,2.8949999809265137,170.2917022705078,4.800009727478027,0.04800009727478027,-0.00022333246437022947
2018-07-23,2018,2.9649999141693115,170.83396911621094,6.999993324279785,0.06999993324279785,0.0031843409777050358
2018-07-24,2018,2.9489998817443848,171.53797912597656,-1.6000032424926758,-0.016000032424926758,0.004121018866491966
2018-07-25,2018,2.936000108718872,173.93553161621094,-1.2999773025512695,-0.012999773025512695,0.013976802702529323
2018-07-26,2018,2.9749999046325684,171.30014038085938,3.899979591369629,0.03899979591369629,-0.015151540406169284
2018-07-27,2018,2.9600000381469727,168.98825073242188,-1.4999866485595703,-0.014999866485595703,-0.013496133997890292
2018-07-30,2018,2.9749999046325684,166.60025024414062,1.4999866485595703,0.014999866485595703,-0.014131162834879252
2018-07-31,2018,2.9639999866485596,167.8751678466797,-1.099991798400879,-0.010999917984008789,0.007652555147250828
2018-08-01,2018,3.003000020980835,168.51260375976562,3.900003433227539,0.03900003433227539,0.0037970828042186433
2018-08-02,2018,2.9860000610351562,170.80545043945312,-1.699995994567871,-0.01699995994567871,0.013606380938462115
2018-08-03,2018,2.953000068664551,171.3287353515625,-3.299999237060547,-0.03299999237060547,0.003063631229349273
2018-08-06,2018,2.937999963760376,172.3372039794922,-1.5000104904174805,-0.015000104904174805,0.005886161628756215
2018-08-07,2018,2.9730000495910645,172.96511840820312,3.5000085830688477,0.03500008583068848,0.0036435222007296098
2018-08-08,2018,2.9709999561309814,173.17442321777344,-0.20000934600830078,-0.002000093460083008,0.0012100983799308018
2018-08-09,2018,2.934999942779541,173.0697479248047,-3.600001335144043,-0.03600001335144043,-0.0006044500742301562
2018-08-10,2018,2.8570001125335693,171.7473602294922,-7.799983024597168,-0.07799983024597168,-0.0076407789990371455
2018-08-13,2018,2.877000093460083,171.5570831298828,1.9999980926513672,0.019999980926513672,-0.0011078895148962653
2018-08-14,2018,2.8949999809265137,172.63211059570312,1.7999887466430664,0.017999887466430664,0.006266296011843586
2018-08-15,2018,2.8519999980926514,170.51998901367188,-4.2999982833862305,-0.042999982833862305,-0.012234812948430873
2018-08-16,2018,2.871000051498413,171.0813446044922,1.9000053405761719,0.01900005340576172,0.0032920222084655837
2018-08-17,2018,2.872999906539917,171.11935424804688,0.19998550415039062,0.0019998550415039062,0.00022217292974024971
2018-08-20,2018,2.822999954223633,170.96713256835938,-4.999995231628418,-0.04999995231628418,-0.0008895643649218243
2018-08-21,2018,2.8440001010894775,171.59512329101562,2.1000146865844727,0.021000146865844727,0.0036731663754443478
2018-08-22,2018,2.822999954223633,172.2610626220703,-2.1000146865844727,-0.021000146865844727,0.003880875623285096
2018-08-23,2018,2.821000099182129,172.013671875,-0.19998550415039062,-0.0019998550415039062,-0.0014361385173449204
2018-08-24,2018,2.8259999752044678,173.612060546875,0.4999876022338867,0.004999876022338867,0.009292218778031325
2018-08-27,2018,2.8480000495910645,175.38168334960938,2.200007438659668,0.02200007438659668,0.010192971600936573
2018-08-28,2018,2.884000062942505,175.63851928710938,3.600001335144043,0.03600001335144043,0.0014644399152448084
2018-08-29,2018,2.884000062942505,177.6650848388672,0.0,0.0,0.011538275088991634
2018-08-30,2018,2.859999895095825,177.35108947753906,-2.4000167846679688,-0.024000167846679688,-0.0017673442230525804
2018-08-31,2018,2.8529999256134033,177.5794219970703,-0.6999969482421875,-0.006999969482421875,0.0012874604841950354
2018-09-04,2018,2.9019999504089355,176.8183135986328,4.900002479553223,0.04900002479553223,-0.004286016869961773
2018-09-05,2018,2.9019999504089355,174.534912109375,0.0,0.0,-0.0129138291322074
2018-09-06,2018,2.878999948501587,172.974609375,-2.3000001907348633,-0.023000001907348633,-0.008939774372460296
2018-09-07,2018,2.941999912261963,172.30865478515625,6.299996376037598,0.06299996376037598,-0.003850013549676512
2018-09-10,2018,2.937000036239624,172.88902282714844,-0.4999876022338867,-0.004999876022338867,0.0033681885725114213
2018-09-11,2018,2.9769999980926514,174.22096252441406,3.9999961853027344,0.039999961853027344,0.007704015416856613
2018-09-12,2018,2.9630000591278076,173.7071990966797,-1.399993896484375,-0.01399993896484375,-0.0029489185474014246
2018-09-13,2018,2.9630000591278076,175.56239318847656,0.0,0.0,0.010680006939518538
2018-09-14,2018,2.99399995803833,175.04872131347656,3.099989891052246,0.03099989891052246,-0.0029258650766313954
2018-09-17,2018,3.000999927520752,172.5274658203125,0.6999969482421875,0.006999969482421875,-0.01440316429760724
2018-09-18,2018,3.0480000972747803,173.95460510253906,4.700016975402832,0.04700016975402832,0.008271954123020286
2018-09-19,2018,3.0829999446868896,173.82138061523438,3.4999847412109375,0.034999847412109375,-0.0007658577778160147
2018-09-20,2018,3.078000068664551,175.74322509765625,-0.4999876022338867,-0.004999876022338867,0.011056433193773918
2018-09-21,2018,3.068000078201294,174.7823028564453,-0.9999990463256836,-0.009999990463256836,-0.005467762644488672
2018-09-24,2018,3.078000068664551,175.26837158203125,0.9999990463256836,0.009999990463256836,0.0027809950872723643
2018-09-25,2018,3.1019999980926514,175.50669860839844,2.3999929428100586,0.023999929428100586,0.0013597834236489525
2018-09-26,2018,3.061000108718872,175.63059997558594,-4.09998893737793,-0.0409998893737793,0.0007059637505002492
2018-09-27,2018,3.055999994277954,177.11746215820312,-0.5000114440917969,-0.005000114440917969,0.008465849247362822
2018-09-28,2018,3.055999994277954,177.07933044433594,0.0,0.0,-0.0002152905388466131
2018-10-01,2018,3.0799999237060547,177.44149780273438,2.3999929428100586,0.023999929428100586,0.002045226608264672
2018-10-02,2018,3.055999994277954,177.0411834716797,-2.3999929428100586,-0.023999929428100586,-0.002256035572353654
2018-10-03,2018,3.1610000133514404,177.23178100585938,10.500001907348633,0.10500001907348633,0.0010765717356955307
2018-10-04,2018,3.197000026702881,173.82920837402344,3.600001335144043,0.03600001335144043,-0.019198433895574518
2018-10-05,2018,3.2249999046325684,171.70375061035156,2.79998779296875,0.0279998779296875,-0.012227276322277159
2018-10-08,2018,3.2330000400543213,170.65530395507812,0.800013542175293,0.00800013542175293,-0.0061061371784049134
2018-10-09,2018,3.2079999446868896,171.20814514160156,-2.500009536743164,-0.02500009536743164,0.0032395195092733697
2018-10-10,2018,3.2249999046325684,163.678466796875,1.699995994567871,0.01699995994567871,-0.043979673621830195
2018-10-11,2018,3.132999897003174,161.6483612060547,-9.200000762939453,-0.09200000762939453,-0.012403009574495028
2018-10-12,2018,3.1410000324249268,166.14707946777344,0.800013542175293,0.00800013542175293,0.027830274480693307
2018-10-15,2018,3.1630001068115234,164.13600158691406,2.200007438659668,0.02200007438659668,-0.012104202416928111
2018-10-16,2018,3.1559998989105225,168.9110870361328,-0.7000207901000977,-0.0070002079010009766,0.029092249129087255
2018-10-17,2018,3.178999900817871,168.977783203125,2.3000001907348633,0.023000001907348633,0.000394859616159593
2018-10-18,2018,3.174999952316284,165.06045532226562,-0.3999948501586914,-0.003999948501586914,-0.023182502495907586
2018-10-19,2018,3.197999954223633,164.9080352783203,2.3000001907348633,0.023000001907348633,-0.000923419504979095
2018-10-22,2018,3.196000099182129,165.75628662109375,-0.19998550415039062,-0.0019998550415039062,0.005143784178507804
2018-10-23,2018,3.1659998893737793,165.1463165283203,-3.000020980834961,-0.03000020980834961,-0.0036799213182652224
2018-10-24,2018,3.124000072479248,157.5880584716797,-4.199981689453125,-0.04199981689453125,-0.0457670398924368
2018-10-25,2018,3.135999917984009,163.03994750976562,1.1999845504760742,0.011999845504760742,0.03459582592081811
2018-10-26,2018,3.0769999027252197,158.84622192382812,-5.900001525878906,-0.05900001525878906,-0.025722073945627977
2018-10-29,2018,3.0869998931884766,155.57704162597656,0.9999990463256836,0.009999990463256836,-0.02058078724352186
2018-10-30,2018,3.109999895095825,158.14088439941406,2.3000001907348633,0.023000001907348633,0.01647957016435142
2018-10-31,2018,3.1589999198913574,161.85806274414062,4.900002479553223,0.04900002479553223,0.023505486002836085
2018-11-01,2018,3.1440000534057617,163.9930419921875,-1.4999866485595703,-0.014999866485595703,0.01319044113002743
2018-11-02,2018,3.2139999866485596,161.43869018554688,6.999993324279785,0.06999993324279785,-0.01557597673419775
2018-11-05,2018,3.2009999752044678,161.0383758544922,-1.3000011444091797,-0.013000011444091797,-0.0024796678577767572
2018-11-06,2018,3.2139999866485596,162.2583465576172,1.3000011444091797,0.013000011444091797,0.007575652055925586
2018-11-07,2018,3.2130000591278076,167.34799194335938,-0.09999275207519531,-0.0009999275207519531,0.0313675412927672
2018-11-08,2018,3.2339999675750732,166.28053283691406,2.0999908447265625,0.020999908447265625,-0.006378678907641766
2018-11-09,2018,3.188999891281128,163.4783935546875,-4.500007629394531,-0.04500007629394531,-0.01685187817490863
2018-11-12,2018,3.186000108718872,158.53170776367188,-0.29997825622558594,-0.0029997825622558594,-0.03025895767296516
2018-11-13,2018,3.1449999809265137,158.6650848388672,-4.10001277923584,-0.0410001277923584,0.0008413274358600731
2018-11-14,2018,3.119999885559082,157.45469665527344,-2.500009536743164,-0.02500009536743164,-0.007628573008503836
2018-11-15,2018,3.118000030517578,160.20916748046875,-0.19998550415039062,-0.0019998550415039062,0.01749373555509659
2018-11-16,2018,3.0739998817443848,159.64675903320312,-4.400014877319336,-0.04400014877319336,-0.003510463577773626
2018-11-19,2018,3.056999921798706,154.46185302734375,-1.699995994567871,-0.01699995994567871,-0.03247736463463702
2018-11-20,2018,3.0480000972747803,151.6978302001953,-0.8999824523925781,-0.008999824523925781,-0.017894533653297073
2018-11-21,2018,3.061000108718872,152.85107421875,1.3000011444091797,0.013000011444091797,0.007602244653287071
2018-11-23,2018,3.053999900817871,151.74546813964844,-0.7000207901000977,-0.0070002079010009766,-0.007233224135011929
2018-11-26,2018,3.072000026702881,155.25296020507812,1.8000125885009766,0.018000125885009766,0.02311431180403889
2018-11-27,2018,3.055000066757202,155.77719116210938,-1.699995994567871,-0.01699995994567871,0.0033766245509185833
2018-11-28,2018,3.0439999103546143,160.79054260253906,-1.100015640258789,-0.01100015640258789,0.03218283371929953
2018-11-29,2018,3.0350000858306885,160.26634216308594,-0.8999824523925781,-0.008999824523925781,-0.0032601447259800187
2018-11-30,2018,3.013000011444092,161.42916870117188,-2.200007438659668,-0.02200007438659668,0.007255587931885632
2018-12-03,2018,2.992000102996826,164.25035095214844,-2.0999908447265625,-0.020999908447265625,0.017476285566451644
2018-12-04,2018,2.9240000247955322,157.9502716064453,-6.8000078201293945,-0.06800007820129395,-0.038356565506143414
2018-12-06,2018,2.875999927520752,159.06541442871094,-4.800009727478027,-0.04800009727478027,0.007060088032289968
2018-12-07,2018,2.8499999046325684,153.813720703125,-2.6000022888183594,-0.026000022888183594,-0.03301593715043327
2018-12-10,2018,2.8559999465942383,155.42454528808594,0.6000041961669922,0.006000041961669922,0.010472567581080616
2018-12-11,2018,2.878999948501587,155.939208984375,2.3000001907348633,0.023000001907348633,0.0033113411741698684
2018-12-12,2018,2.9059998989105225,157.31166076660156,2.6999950408935547,0.026999950408935547,0.008801197538228278
2018-12-13,2018,2.9110000133514404,157.359375,0.5000114440917969,0.005000114440917969,0.00030331021340646025
2018-12-14,2018,2.8910000324249268,153.52783203125,-1.9999980926513672,-0.019999980926513672,-0.024348997120444804
2018-12-17,2018,2.8570001125335693,150.04893493652344,-3.399991989135742,-0.03399991989135742,-0.022659716148525133
2018-12-18,2018,2.825000047683716,150.9925079345703,-3.2000064849853516,-0.032000064849853516,0.006288435159143457
2018-12-19,2018,2.7780001163482666,147.28492736816406,-4.699993133544922,-0.04699993133544922,-0.024554732000430457
2018-12-20,2018,2.7890000343322754,145.14996337890625,1.099991798400879,0.010999917984008789,-0.014495468256036204
2018-12-21,2018,2.7920000553131104,140.6512451171875,0.3000020980834961,0.003000020980834961,-0.030993588678869255
2018-12-24,2018,2.749000072479248,137.163330078125,-4.2999982833862305,-0.042999982833862305,-0.024798323229605623
2018-12-26,2018,2.796999931335449,145.72775268554688,4.799985885620117,0.04799985885620117,0.06243959374961072
2018-12-27,2018,2.743000030517578,146.29165649414062,-5.399990081787109,-0.053999900817871094,0.003869570470976358
2018-12-28,2018,2.7360000610351562,146.2151336669922,-0.6999969482421875,-0.006999969482421875,-0.0005230840157415262
2018-12-31,2018,2.686000108718872,147.4481964111328,-4.999995231628418,-0.04999995231628418,0.008433208746701615
2019-01-02,2019,2.6610000133514404,148.04087829589844,-2.500009536743164,-0.02500009536743164,0.004019593994307291
2019-01-03,2019,2.553999900817871,143.2042999267578,-10.700011253356934,-0.10700011253356934,-0.03267055981303657
2019-01-04,2019,2.6589999198913574,149.3312530517578,10.500001907348633,0.10500001907348633,0.042784700795532205
2019-01-07,2019,2.681999921798706,151.1090850830078,2.3000001907348633,0.023000001907348633,0.011905291055408274
2019-01-08,2019,2.7160000801086426,152.47593688964844,3.4000158309936523,0.03400015830993652,0.009045464115475133
2019-01-09,2019,2.7279999256134033,153.7185516357422,1.1999845504760742,0.011999845504760742,0.008149579346366398
2019-01-10,2019,2.7309999465942383,154.1582489013672,0.3000020980834961,0.003000020980834961,0.0028604046873075273
2019-01-11,2019,2.7009999752044678,153.5943145751953,-2.999997138977051,-0.029999971389770508,-0.0036581521273810758
2019-01-14,2019,2.7100000381469727,152.23699951171875,0.9000062942504883,0.009000062942504883,-0.008837013708681618
2019-01-15,2019,2.7109999656677246,155.20965576171875,0.09999275207519531,0.0009999275207519531,0.019526503146636065
2019-01-16,2019,2.7309999465942383,155.18104553222656,1.9999980926513672,0.019999980926513672,-0.000184332793934594
2019-01-17,2019,2.749000072479248,156.40444946289062,1.8000125885009766,0.018000125885009766,0.007883720118446957
2019-01-18,2019,2.7839999198913574,157.95291137695312,3.4999847412109375,0.034999847412109375,0.00990036996632826
2019-01-22,2019,2.7300000190734863,154.78912353515625,-5.399990081787109,-0.053999900817871094,-0.020029943191401722
2019-01-23,2019,2.755000114440918,154.9897918701172,2.500009536743164,0.02500009536743164,0.0012963981601417096
2019-01-24,2019,2.7119998931884766,155.99342346191406,-4.300022125244141,-0.043000221252441406,0.006475468995002842
2019-01-25,2019,2.753000020980835,157.8573455810547,4.10001277923584,0.0410001277923584,0.011948722438261727
2019-01-28,2019,2.74399995803833,155.90750122070312,-0.9000062942504883,-0.009000062942504883,-0.012351939361291087
2019-01-29,2019,2.7119998931884766,154.43548583984375,-3.2000064849853516,-0.032000064849853516,-0.009441594338527648
2019-01-30,2019,2.694999933242798,158.36392211914062,-1.699995994567871,-0.01699995994567871,0.02543739386018329
2019-01-31,2019,2.634999990463257,160.73443603515625,-5.999994277954102,-0.059999942779541016,0.014968774985455457
2019-02-01,2019,2.690999984741211,160.05580139160156,5.59999942779541,0.0559999942779541,-0.00422208619568154
2019-02-04,2019,2.7239999771118164,162.0439453125,3.299999237060547,0.03299999237060547,0.012421567375956233
2019-02-05,2019,2.7019999027252197,163.4777374267578,-2.200007438659668,-0.02200007438659668,0.008848168387240563
2019-02-06,2019,2.7019999027252197,162.990234375,0.0,0.0,-0.00298207608834955
2019-02-07,2019,2.6519999504089355,160.80133056640625,-4.999995231628418,-0.04999995231628418,-0.013429662316808644
2019-02-08,2019,2.631999969482422,161.1167755126953,-1.9999980926513672,-0.019999980926513672,0.0019617060703287503
2019-02-11,2019,2.6610000133514404,160.96385192871094,2.9000043869018555,0.029000043869018555,-0.0009491474956456747
2019-02-12,2019,2.684000015258789,163.34390258789062,2.3000001907348633,0.023000001907348633,0.014786243188525283
2019-02-13,2019,2.7079999446868896,163.4585723876953,2.3999929428100586,0.023999929428100586,0.0007020145716365445
2019-02-14,2019,2.6570000648498535,163.6593017578125,-5.099987983703613,-0.05099987983703613,0.0012280137235083366
2019-02-15,2019,2.6659998893737793,164.34751892089844,0.8999824523925781,0.008999824523925781,0.004205182080664116
2019-02-19,2019,2.6470000743865967,164.67254638671875,-1.8999814987182617,-0.018999814987182617,0.0019776840438749943
2019-02-20,2019,2.6540000438690186,164.6438446044922,0.6999969482421875,0.006999969482421875,-0.00017429609765773346
2019-02-21,2019,2.687999963760376,164.04164123535156,3.399991989135742,0.03399991989135742,-0.003657612409302291
2019-02-22,2019,2.6549999713897705,165.2555389404297,-3.299999237060547,-0.03299999237060547,0.007399936357235903
2019-02-25,2019,2.6730000972747803,165.85772705078125,1.8000125885009766,0.018000125885009766,0.003643981401244556
2019-02-26,2019,2.635999917984009,166.02976989746094,-3.7000179290771484,-0.037000179290771484,0.0010372917182628338
2019-02-27,2019,2.693000078201294,165.92462158203125,5.700016021728516,0.057000160217285156,-0.0006333100111782786
2019-02-28,2019,2.7109999656677246,165.5423126220703,1.7999887466430664,0.017999887466430664,-0.0023041122909653877
2019-03-01,2019,2.755000114440918,166.68934631347656,4.400014877319336,0.04400014877319336,0.006928945677018072
2019-03-04,2019,2.7219998836517334,166.71803283691406,-3.300023078918457,-0.03300023078918457,0.00017209572220378
2019-03-05,2019,2.7219998836517334,166.84228515625,0.0,0.0,0.0007452842216384425
2019-03-06,2019,2.691999912261963,165.89601135253906,-2.999997138977051,-0.029999971389770508,-0.005671666525214114
2019-03-07,2019,2.635999917984009,163.86004638671875,-5.59999942779541,-0.0559999942779541,-0.012272537170853193
2019-03-08,2019,2.625,163.61151123046875,-1.099991798400879,-0.010999917984008789,-0.001516752629640128
2019-03-11,2019,2.6429998874664307,167.0143280029297,1.7999887466430664,0.017999887466430664,0.020798150123236825
2019-03-12,2019,2.6050000190734863,167.93194580078125,-3.7999868392944336,-0.037999868392944336,0.0054942459657441045
2019-03-13,2019,2.6110000610351562,169.19361877441406,0.6000041961669922,0.006000041961669922,0.007513001577017064
2019-03-14,2019,2.630000114440918,168.9069366455078,1.9000053405761719,0.01900005340576172,-0.0016944027261954764
2019-03-15,2019,2.5929999351501465,170.4744873046875,-3.7000179290771484,-0.037000179290771484,0.009280558219284751
2019-03-18,2019,2.6019999980926514,170.8804931640625,0.9000062942504883,0.009000062942504883,0.002381622410451145
2019-03-19,2019,2.614000082015991,171.45504760742188,1.2000083923339844,0.012000083923339844,0.0033623173290338038
2019-03-20,2019,2.5350000858306885,172.1349334716797,-7.899999618530273,-0.07899999618530273,0.003965388442891182
2019-03-21,2019,2.5369999408721924,174.82574462890625,0.19998550415039062,0.0019998550415039062,0.015631987667798164
2019-03-22,2019,2.4549999237060547,170.9857940673828,-8.20000171661377,-0.0820000171661377,-0.02196444562369404
2019-03-25,2019,2.4200000762939453,170.66024780273438,-3.4999847412109375,-0.034999847412109375,-0.0019039374962351863
2019-03-26,2019,2.4140000343322754,171.45504760742188,-0.6000041961669922,-0.006000041961669922,0.004657205265553133
2019-03-27,2019,2.374000072479248,170.35377502441406,-3.9999961853027344,-0.039999961853027344,-0.006423098056170251
2019-03-28,2019,2.3889999389648438,170.7464599609375,1.4999866485595703,0.014999866485595703,0.0023051143801606777
2019-03-29,2019,2.4140000343322754,172.03916931152344,2.500009536743164,0.02500009536743164,0.007570929147706407
2019-04-01,2019,2.496999979019165,174.31820678710938,8.299994468688965,0.08299994468688965,0.013247201115340834
2019-04-02,2019,2.4809999465942383,174.9789276123047,-1.6000032424926758,-0.016000032424926758,0.0037903144907991404
2019-04-03,2019,2.5169999599456787,175.98440551757812,3.600001335144043,0.03600001335144043,0.0057462799606433634
2019-04-04,2019,2.51200008392334,175.91738891601562,-0.4999876022338867,-0.004999876022338867,-0.0003808098869066967
2019-04-05,2019,2.500999927520752,176.8270721435547,-1.100015640258789,-0.01100015640258789,0.005171081910346764
2019-04-08,2019,2.5190000534057617,177.27716064453125,1.8000125885009766,0.018000125885009766,0.00254535968684233
2019-04-09,2019,2.499000072479248,176.6546630859375,-1.9999980926513672,-0.019999980926513672,-0.0035114368728070833
2019-04-10,2019,2.4769999980926514,177.60269165039062,-2.200007438659668,-0.02200007438659668,0.005366564051535683
2019-04-11,2019,2.503999948501587,177.181396484375,2.6999950408935547,0.026999950408935547,-0.0023721215151679687
2019-04-12,2019,2.559999942779541,177.94744873046875,5.59999942779541,0.0559999942779541,0.004323547851488474
2019-04-15,2019,2.552999973297119,177.9761962890625,-0.6999969482421875,-0.006999969482421875,0.00016155083311875096
2019-04-16,2019,2.5920000076293945,178.58905029296875,3.900003433227539,0.03900003433227539,0.003443460511488139
2019-04-17,2019,2.5920000076293945,179.21142578125,0.0,0.0,0.003484958832919771
2019-04-18,2019,2.559999942779541,179.4412841796875,-3.2000064849853516,-0.032000064849853516,0.0012826101764185083
2019-04-22,2019,2.5899999141693115,179.9488067626953,2.999997138977051,0.029999971389770508,0.0028283490353289142
2019-04-23,2019,2.569999933242798,182.23739624023438,-1.9999980926513672,-0.019999980926513672,0.012718003073824757
2019-04-24,2019,2.5220000743865967,181.66285705566406,-4.799985885620117,-0.04799985885620117,-0.003152696408222022
2019-04-25,2019,2.5339999198913574,182.40017700195312,1.1999845504760742,0.011999845504760742,0.004058727019046859
2019-04-26,2019,2.505000114440918,182.56298828125,-2.8999805450439453,-0.028999805450439453,0.0008926048317110524
2019-04-29,2019,2.5360000133514404,182.91729736328125,3.099989891052246,0.03099989891052246,0.0019407497947252494
2019-04-30,2019,2.509000062942505,181.50009155273438,-2.6999950408935547,-0.026999950408935547,-0.007747795484492892
2019-05-01,2019,2.510999917984009,180.9159393310547,0.19998550415039062,0.0019998550415039062,-0.0032184679174663833
2019-05-02,2019,2.552000045776367,180.13076782226562,4.10001277923584,0.0410001277923584,-0.004339979725900722
2019-05-03,2019,2.5309998989105225,183.0034942626953,-2.1000146865844727,-0.021000146865844727,0.01594800530281537
2019-05-06,2019,2.5,181.88311767578125,-3.099989891052246,-0.03099989891052246,-0.006122159532679694
2019-05-07,2019,2.447999954223633,178.3400421142578,-5.200004577636719,-0.05200004577636719,-0.019479958375461792
2019-05-08,2019,2.4820001125335693,177.8899688720703,3.4000158309936523,0.03400015830993652,-0.0025236802506705125
2019-05-09,2019,2.4570000171661377,176.93240356445312,-2.500009536743164,-0.02500009536743164,-0.005382907837292561
2019-05-10,2019,2.4549999237060547,177.15264892578125,-0.20000934600830078,-0.002000093460083008,0.0012447994651691996
2019-05-13,2019,2.4049999713897705,171.00497436523438,-4.999995231628418,-0.04999995231628418,-0.03470269622173394
2019-05-14,2019,2.4189999103546143,172.8818359375,1.399993896484375,0.01399993896484375,0.010975479393114052
2019-05-15,2019,2.378999948501587,175.32362365722656,-3.9999961853027344,-0.039999961853027344,0.01412402700656945
2019-05-16,2019,2.4049999713897705,177.08560180664062,2.6000022888183594,0.026000022888183594,0.010049861579742858
2019-05-17,2019,2.3929998874664307,175.2758026123047,-1.2000083923339844,-0.012000083923339844,-0.010219911590057196
2019-05-20,2019,2.4159998893737793,172.3168182373047,2.3000001907348633,0.023000001907348633,-0.016881876054192335
2019-05-21,2019,2.4260001182556152,174.11712646484375,1.0000228881835938,0.010000228881835938,0.010447664052499972
2019-05-22,2019,2.3929998874664307,173.34144592285156,-3.300023078918457,-0.03300023078918457,-0.004454935351513534
2019-05-23,2019,2.2960000038146973,170.68896484375,-9.69998836517334,-0.0969998836517334,-0.01530205926793815
2019-05-24,2019,2.3239998817443848,170.60276794433594,2.79998779296875,0.0279998779296875,-0.0005049939783334789
2019-05-28,2019,2.2679998874664307,169.961181640625,-5.59999942779541,-0.0559999942779541,-0.003760702780158165
2019-05-29,2019,2.2360000610351562,168.56314086914062,-3.1999826431274414,-0.031999826431274414,-0.008225647515445411
2019-05-30,2019,2.2269999980926514,169.271728515625,-0.9000062942504883,-0.009000062942504883,0.004203692710225804
2019-05-31,2019,2.1419999599456787,166.5713348388672,-8.500003814697266,-0.08500003814697266,-0.015953010585040173
2019-06-03,2019,2.0810000896453857,162.90379333496094,-6.099987030029297,-0.06099987030029297,-0.022017843030759487
2019-06-04,2019,2.11899995803833,167.49063110351562,3.7999868392944336,0.037999868392944336,0.028156727812490345
2019-06-05,2019,2.122999906539917,168.7355499267578,0.3999948501586914,0.003999948501586914,0.007432766925767886
2019-06-06,2019,2.124000072479248,170.0761260986328,0.10001659393310547,0.0010001659393310547,0.007944835409354534
2019-06-07,2019,2.0840001106262207,173.36058044433594,-3.9999961853027344,-0.039999961853027344,0.01931167190272398
2019-06-10,2019,2.1429998874664307,175.381103515625,5.899977684020996,0.05899977684020996,0.011655031761605317
2019-06-11,2019,2.140000104904175,175.6205596923828,-0.29997825622558594,-0.0029997825622558594,0.0013653476455430802
2019-06-12,2019,2.127000093460083,174.60543823242188,-1.3000011444091797,-0.013000011444091797,-0.0057801971576620925
2019-06-13,2019,2.0910000801086426,175.6396484375,-3.600001335144043,-0.03600001335144043,0.0059231271118913575
2019-06-14,2019,2.0929999351501465,174.89279174804688,0.19998550415039062,0.0019998550415039062,-0.004252210113702692
2019-06-17,2019,2.0859999656677246,175.9460906982422,-0.6999969482421875,-0.006999969482421875,0.006022540664298637
2019-06-18,2019,2.059999942779541,178.50282287597656,-2.6000022888183594,-0.026000022888183594,0.014531338363859003
2019-06-19,2019,2.0290000438690186,179.1731719970703,-3.099989891052246,-0.03099989891052246,0.003755397871547883
2019-06-20,2019,2.000999927520752,180.83937072753906,-2.80001163482666,-0.0280001163482666,0.009299376195092357
2019-06-21,2019,2.068000078201294,180.5712432861328,6.700015068054199,0.06700015068054199,-0.0014826828932634761
2019-06-24,2019,2.0209999084472656,180.5769805908203,-4.700016975402832,-0.04700016975402832,3.177308071378171e-05
2019-06-25,2019,1.99399995803833,177.47714233398438,-2.6999950408935547,-0.026999950408935547,-0.017166297978256972
2019-06-26,2019,2.0490000247955322,178.30250549316406,5.500006675720215,0.05500006675720215,0.004650532166144972
2019-06-27,2019,2.005000114440918,178.98388671875,-4.399991035461426,-0.04399991035461426,0.003821489909529463
2019-06-28,2019,2.0,179.21417236328125,-0.5000114440917969,-0.005000114440917969,0.0012866278007086507
2019-07-01,2019,2.0339999198913574,181.63259887695312,3.399991989135742,0.03399991989135742,0.013494616423357142
2019-07-02,2019,1.9759999513626099,182.35240173339844,-5.799996852874756,-0.05799996852874756,0.003962960728943532
2019-07-03,2019,1.9529999494552612,183.7248077392578,-2.3000001907348633,-0.023000001907348633,0.007526119715526747
2019-07-05,2019,2.0480000972747803,183.35049438476562,9.500014781951904,0.09500014781951904,-0.0020373588036266543
2019-07-08,2019,2.0339999198913574,182.06451416015625,-1.4000177383422852,-0.014000177383422852,-0.007013781058646695
2019-07-09,2019,2.053999900817871,182.9762420654297,1.9999980926513672,0.019999980926513672,0.0050077188818433704
2019-07-10,2019,2.061000108718872,184.79969787597656,0.7000207901000977,0.0070002079010009766,0.009965533175038344
2019-07-11,2019,2.119999885559082,184.66529846191406,5.899977684020996,0.05899977684020996,-0.0007272707456085215
2019-07-12,2019,2.1059999465942383,185.7305450439453,-1.399993896484375,-0.01399993896484375,0.00576852603550182
2019-07-15,2019,2.0920000076293945,186.32559204101562,-1.399993896484375,-0.01399993896484375,0.003203818719907048
2019-07-16,2019,2.121999979019165,185.36582946777344,2.999997138977051,0.029999971389770508,-0.005150997040873073
2019-07-17,2019,2.061000108718872,184.45416259765625,-6.099987030029297,-0.06099987030029297,-0.004918203493787354
2019-07-18,2019,2.0380001068115234,184.66529846191406,-2.3000001907348633,-0.023000001907348633,0.001144652206729324
2019-07-19,2019,2.0480000972747803,183.31214904785156,0.9999990463256836,0.009999990463256836,-0.007327578193266127
2019-07-22,2019,2.0429999828338623,184.77085876464844,-0.5000114440917969,-0.005000114440917969,0.007957517951612036
2019-07-23,2019,2.0739998817443848,185.9800567626953,3.099989891052246,0.03099989891052246,0.006544311187009599
2019-07-24,2019,2.049999952316284,187.28526306152344,-2.3999929428100586,-0.023999929428100586,0.007017990646672079
2019-07-25,2019,2.0739998817443848,185.50982666015625,2.3999929428100586,0.023999929428100586,-0.009479851069669865
2019-07-26,2019,2.0810000896453857,187.41958618164062,0.7000207901000977,0.0070002079010009766,0.01029465422865683
2019-07-29,2019,2.055000066757202,186.77664184570312,-2.6000022888183594,-0.026000022888183594,-0.0034305077128619077
2019-07-30,2019,2.061000108718872,185.9705352783203,0.6000041961669922,0.006000041961669922,-0.004315885323865842
2019-07-31,2019,2.0209999084472656,183.39846801757812,-4.0000200271606445,-0.040000200271606445,-0.013830509531485013
2019-08-01,2019,1.8940000534057617,182.48678588867188,-12.69998550415039,-0.1269998550415039,-0.004971045498694537
2019-08-02,2019,1.8550000190734863,179.7996063232422,-3.900003433227539,-0.03900003433227539,-0.014725337795521432
2019-08-05,2019,1.7350000143051147,173.44642639160156,-12.000000476837158,-0.12000000476837158,-0.035334782214255456
2019-08-06,2019,1.7389999628067017,175.87445068359375,0.3999948501586914,0.003999948501586914,0.013998698863418868
2019-08-07,2019,1.684000015258789,176.8245849609375,-5.49999475479126,-0.0549999475479126,0.005402343965543288
2019-08-08,2019,1.715999960899353,180.67295837402344,3.1999945640563965,0.031999945640563965,0.02176379157873365
2019-08-09,2019,1.7339999675750732,178.97427368164062,1.8000006675720215,0.018000006675720215,-0.009401986371785909
2019-08-12,2019,1.6390000581741333,176.92056274414062,-9.499990940093994,-0.09499990940093994,-0.011474894660855828
2019-08-13,2019,1.6799999475479126,180.79766845703125,4.09998893737793,0.0409998893737793,0.021914387184589934
2019-08-14,2019,1.5809999704360962,175.3945770263672,-9.89999771118164,-0.0989999771118164,-0.02988474064281521
2019-08-15,2019,1.5290000438690186,175.1930389404297,-5.199992656707764,-0.05199992656707764,-0.001149055400425536
2019-08-16,2019,1.5390000343322754,178.00498962402344,0.9999990463256836,0.009999990463256836,0.01605058454719699
2019-08-19,2019,1.5980000495910645,180.83607482910156,5.900001525878906,0.05900001525878906,0.01590452723296054
2019-08-20,2019,1.5609999895095825,179.43492126464844,-3.7000060081481934,-0.037000060081481934,-0.007748197176792759
2019-08-21,2019,1.5770000219345093,181.02804565429688,1.6000032424926758,0.016000032424926758,0.008878563762394709
2019-08-22,2019,1.6100000143051147,180.44264221191406,3.299999237060547,0.03299999237060547,-0.0032337720946330473
2019-08-23,2019,1.527999997138977,174.732421875,-8.20000171661377,-0.0820000171661377,-0.0316456258172495
2019-08-26,2019,1.5449999570846558,177.37158203125,1.699995994567871,0.01699995994567871,0.01510400947877888
2019-08-27,2019,1.4900000095367432,176.99729919433594,-5.49999475479126,-0.0549999475479126,-0.0021101623643866585
2019-08-28,2019,1.465999960899353,177.6306915283203,-2.4000048637390137,-0.024000048637390137,0.0035785423668466265
2019-08-29,2019,1.5160000324249268,180.34666442871094,5.000007152557373,0.05000007152557373,0.015289997899701868
2019-08-30,2019,1.50600004196167,179.91481018066406,-0.9999990463256836,-0.009999990463256836,-0.0023945785158537847
2019-09-03,2019,1.465999960899353,178.16812133789062,-4.0000081062316895,-0.040000081062316895,-0.009708421674788581
2019-09-04,2019,1.4589999914169312,180.74012756347656,-0.6999969482421875,-0.006999969482421875,0.014435838500582276
2019-09-05,2019,1.565000057220459,184.0511016845703,10.600006580352783,0.10600006580352783,0.018318976343152826
2019-09-06,2019,1.5499999523162842,183.86871337890625,-1.5000104904174805,-0.015000104904174805,-0.0009909655742058598
2019-09-09,2019,1.621999979019165,183.48487854003906,7.200002670288086,0.07200002670288086,-0.0020875484024093227
2019-09-10,2019,1.7020000219345093,182.95703125,8.000004291534424,0.08000004291534424,-0.0028767890533490936
2019-09-11,2019,1.7330000400543213,184.67489624023438,3.100001811981201,0.03100001811981201,0.00938944504344863
2019-09-12,2019,1.7910000085830688,185.442626953125,5.799996852874756,0.05799996852874756,0.004157201268395028
2019-09-13,2019,1.902999997138977,184.7804412841797,11.19999885559082,0.1119999885559082,-0.003570838484253658
2019-09-16,2019,1.840999960899353,183.95510864257812,-6.200003623962402,-0.06200003623962402,-0.0044665584510227285
2019-09-17,2019,1.812000036239624,184.83802795410156,-2.8999924659729004,-0.028999924659729004,0.0047996455115522085
2019-09-18,2019,1.7860000133514404,184.76124572753906,-2.6000022888183594,-0.026000022888183594,-0.0004154027578219255
2019-09-19,2019,1.7740000486373901,185.06837463378906,-1.1999964714050293,-0.011999964714050293,0.0016623015559382726
2019-09-20,2019,1.7549999952316284,183.11058044433594,-1.9000053405761719,-0.01900005340576172,-0.010578761462228137
2019-09-23,2019,1.7079999446868896,183.1913299560547,-4.700005054473877,-0.04700005054473877,0.0004409876890936193
2019-09-24,2019,1.6349999904632568,180.75843811035156,-7.299995422363281,-0.07299995422363281,-0.013280605835913395
2019-09-25,2019,1.7319999933242798,182.78744506835938,9.700000286102295,0.09700000286102295,0.011224963986296022
2019-09-26,2019,1.684999942779541,182.1143035888672,-4.700005054473877,-0.04700005054473877,-0.0036826461425752965
2019-09-27,2019,1.6749999523162842,179.8544464111328,-0.9999990463256836,-0.009999990463256836,-0.012409004307734839
2019-09-30,2019,1.6749999523162842,181.5662078857422,0.0,0.0,0.009517482101590202
2019-10-01,2019,1.6440000534057617,180.08529663085938,-3.099989891052246,-0.03099989891052246,-0.008156315385596025
2019-10-02,2019,1.5959999561309814,176.98880004882812,-4.800009727478027,-0.04800009727478027,-0.017194610775906227
2019-10-03,2019,1.5360000133514404,178.9312744140625,-5.999994277954102,-0.059999942779541016,0.01097512591021843
2019-10-04,2019,1.5149999856948853,181.5662078857422,-2.1000027656555176,-0.021000027656555176,0.014725952633535933
2019-10-07,2019,1.5529999732971191,181.0180206298828,3.7999987602233887,0.03799998760223389,-0.003019214105106749
2019-10-08,2019,1.5369999408721924,178.30624389648438,-1.6000032424926758,-0.016000032424926758,-0.014980700396360236
2019-10-09,2019,1.5889999866485596,180.04684448242188,5.200004577636719,0.05200004577636719,0.009761859976973097
2019-10-10,2019,1.6579999923706055,181.44113159179688,6.90000057220459,0.0690000057220459,0.00774402413651365
2019-10-11,2019,1.7519999742507935,183.77792358398438,9.399998188018799,0.09399998188018799,0.01287906425454155
2019-10-14,2019,1.7330000400543213,183.7587432861328,-1.8999934196472168,-0.018999934196472168,-0.00010436671324565161
2019-10-15,2019,1.7710000276565552,186.095458984375,3.7999987602233887,0.03799998760223389,0.01271621505706344
2019-10-16,2019,1.7480000257492065,185.6338653564453,-2.3000001907348633,-0.023000001907348633,-0.002480413173157836
2019-10-17,2019,1.7569999694824219,186.12432861328125,0.8999943733215332,0.008999943733215332,0.002642100114083057
2019-10-18,2019,1.746999979019165,184.33567810058594,-0.9999990463256836,-0.009999990463256836,-0.009609976976259094
2019-10-21,2019,1.7920000553131104,185.97052001953125,4.500007629394531,0.04500007629394531,0.008868830688615992
2019-10-22,2019,1.7680000066757202,184.4895782470703,-2.4000048637390137,-0.024000048637390137,-0.007963314681839972
2019-10-23,2019,1.7589999437332153,184.84536743164062,-0.9000062942504883,-0.009000062942504883,0.0019285055988031985
2019-10-24,2019,1.7660000324249268,186.6436309814453,0.7000088691711426,0.007000088691711426,0.009728475075090559
2019-10-25,2019,1.8009999990463257,188.1341094970703,3.4999966621398926,0.034999966621398926,0.00798569181164921
2019-10-28,2019,1.8530000448226929,189.99009704589844,5.200004577636719,0.05200004577636719,0.009865236845086889
2019-10-29,2019,1.8350000381469727,188.518798828125,-1.8000006675720215,-0.018000006675720215,-0.007744078458036707
2019-10-30,2019,1.7979999780654907,189.432373046875,-3.7000060081481934,-0.037000060081481934,0.0048460642887020455
2019-10-31,2019,1.690999984741211,189.51895141601562,-10.699999332427979,-0.10699999332427979,0.0004570410418667237
2019-11-01,2019,1.7280000448226929,191.240234375,3.7000060081481934,0.037000060081481934,0.009082379076728708
2019-11-04,2019,1.7860000133514404,192.42308044433594,5.799996852874756,0.05799996852874756,0.006185131874585137
2019-11-05,2019,1.8660000562667847,192.52883911132812,8.000004291534424,0.08000004291534424,0.0005496152891222295
2019-11-06,2019,1.8140000104904175,192.0960235595703,-5.200004577636719,-0.05200004577636719,-0.0022480556874263646
2019-11-07,2019,1.9259999990463257,192.7403564453125,11.19999885559082,0.1119999885559082,0.0033542229235286047
2019-11-08,2019,1.9329999685287476,193.5097198486328,0.6999969482421875,0.006999969482421875,0.003991708936880611
2019-11-11,2019,1.9429999589920044,193.25001525878906,0.9999990463256836,0.009999990463256836,-0.0013420751683527188
2019-11-12,2019,1.909000039100647,193.80776977539062,-3.399991989135742,-0.03399991989135742,0.0028861809705662544
2019-11-13,2019,1.8700000047683716,193.85586547851562,-3.900003433227539,-0.03900003433227539,0.00024816189351306583
2019-11-14,2019,1.815000057220459,193.7020263671875,-5.49999475479126,-0.0549999475479126,-0.0007935747053533504
2019-11-15,2019,1.8339999914169312,195.125244140625,1.8999934196472168,0.018999934196472168,0.007347459394872802
2019-11-18,2019,1.8079999685287476,195.27908325195312,-2.6000022888183594,-0.026000022888183594,0.0007884121401393607
2019-11-19,2019,1.7860000133514404,195.5675506591797,-2.199995517730713,-0.02199995517730713,0.0014772058656911113
2019-11-20,2019,1.7380000352859497,194.39437866210938,-4.799997806549072,-0.04799997806549072,-0.0059988070266054905
2019-11-21,2019,1.7719999551773071,193.96160888671875,3.399991989135742,0.03399991989135742,-0.002226246347086236
2019-11-22,2019,1.7740000486373901,194.0867156982422,0.20000934600830078,0.002000093460083008,0.0006450081139330877
2019-11-25,2019,1.7640000581741333,196.3849639892578,-0.9999990463256836,-0.009999990463256836,0.011841347733395846
2019-11-26,2019,1.7400000095367432,196.760009765625,-2.4000048637390137,-0.024000048637390137,0.0019097479193350697
2019-11-27,2019,1.7669999599456787,198.1351318359375,2.6999950408935547,0.026999950408935547,0.0069888290407715825
2019-11-29,2019,1.7760000228881836,197.2312469482422,0.9000062942504883,0.009000062942504883,-0.004561961724404151
2019-12-02,2019,1.8359999656677246,195.21176147460938,5.999994277954102,0.059999942779541016,-0.0102391761187961
2019-12-03,2019,1.7089999914169312,193.6827392578125,-12.699997425079346,-0.12699997425079346,-0.007832633675587952
2019-12-04,2019,1.781000018119812,194.66368103027344,7.200002670288086,0.07200002670288086,0.005064683493324562
2019-12-05,2019,1.7970000505447388,195.04827880859375,1.6000032424926758,0.016000032424926758,0.001975703820480623
2019-12-06,2019,1.8420000076293945,197.1350860595703,4.499995708465576,0.04499995708465576,0.0106989267668669
2019-12-09,2019,1.8289999961853027,196.24075317382812,-1.3000011444091797,-0.013000011444091797,-0.004536649987673669
2019-12-10,2019,1.8329999446868896,196.07725524902344,0.3999948501586914,0.003999948501586914,-0.0008331497008670086
2019-12-11,2019,1.7899999618530273,197.1157989501953,-4.2999982833862305,-0.042999982833862305,0.005296604646229275
2019-12-12,2019,1.8969999551773071,198.5871124267578,10.699999332427979,0.10699999332427979,0.007464208776762016
2019-12-13,2019,1.819000005722046,199.2410125732422,-7.799994945526123,-0.07799994945526123,0.0032927622467220363
2019-12-16,2019,1.8919999599456787,201.24124145507812,7.299995422363281,0.07299995422363281,0.010039242704112716
2019-12-17,2019,1.8890000581741333,201.35658264160156,-0.299990177154541,-0.00299990177154541,0.0005731488520417383
2019-12-18,2019,1.9240000247955322,201.510498046875,3.4999966621398926,0.034999966621398926,0.0007643922202802411
2019-12-19,2019,1.9079999923706055,202.77020263671875,-1.6000032424926758,-0.016000032424926758,0.006251309991555543
2019-12-20,2019,1.9170000553131104,203.58767700195312,0.9000062942504883,0.009000062942504883,0.004031531036633451
2019-12-23,2019,1.934999942779541,204.12535095214844,1.7999887466430664,0.017999887466430664,0.002640994573508193
2019-12-24,2019,1.909999966621399,204.23138427734375,-2.499997615814209,-0.02499997615814209,0.000519452016619848
2019-12-26,2019,1.9049999713897705,206.03355407714844,-0.4999995231628418,-0.004999995231628418,0.00882415700300676
2019-12-27,2019,1.8739999532699585,205.86009216308594,-3.100001811981201,-0.03100001811981201,-0.000841910992796624
2019-12-30,2019,1.8949999809265137,204.51087951660156,2.1000027656555176,0.021000027656555176,-0.006554027214830449
2019-12-31,2019,1.9190000295639038,204.89633178710938,2.4000048637390137,0.024000048637390137,0.0018847519086462317
2020-01-02,2020,1.8819999694824219,208.31756591796875,-3.7000060081481934,-0.037000060081481934,0.01669739082695787
2020-01-03,2020,1.7879999876022339,206.40936279296875,-9.399998188018799,-0.09399998188018799,-0.009160068266885424
2020-01-06,2020,1.8109999895095825,207.73927307128906,2.3000001907348633,0.023000001907348633,0.0064430714785657095
2020-01-07,2020,1.8270000219345093,207.71041870117188,1.6000032424926758,0.016000032424926758,-0.00013889703997993497
2020-01-08,2020,1.8739999532699585,209.27157592773438,4.699993133544922,0.04699993133544922,0.00751602753643521
2020-01-09,2020,1.8580000400543213,211.04486083984375,-1.5999913215637207,-0.015999913215637207,0.008473606146693013
2020-01-10,2020,1.8250000476837158,210.5051727294922,-3.299999237060547,-0.03299999237060547,-0.0025572198640796406
2020-01-13,2020,1.8480000495910645,212.93373107910156,2.3000001907348633,0.023000001907348633,0.011536810797187158
2020-01-14,2020,1.8179999589920044,212.09532165527344,-3.000009059906006,-0.03000009059906006,-0.003937419494690952
2020-01-15,2020,1.7879999876022339,212.1820526123047,-2.999997138977051,-0.029999971389770508,0.00040892442301121434
2020-01-16,2020,1.809000015258789,214.21551513671875,2.1000027656555176,0.021000027656555176,0.009583574573715614
2020-01-17,2020,1.8359999656677246,215.27561950683594,2.6999950408935547,0.026999950408935547,0.0049487749262260294
2020-01-21,2020,1.7690000534057617,215.17919921875,-6.699991226196289,-0.06699991226196289,-0.0004478922801700591
2020-01-22,2020,1.7690000534057617,215.74781799316406,0.0,0.0,0.0026425359722432873
2020-01-23,2020,1.7400000095367432,216.44166564941406,-2.9000043869018555,-0.029000043869018555,0.003216012392171619
2020-01-24,2020,1.680999994277954,214.62025451660156,-5.900001525878906,-0.05900001525878906,-0.008415251875592
2020-01-27,2020,1.6050000190734863,210.18719482421875,-7.599997520446777,-0.07599997520446777,-0.02065536499510534
2020-01-28,2020,1.6410000324249268,213.41567993164062,3.600001335144043,0.03600001335144043,0.015360046600944921
2020-01-29,2020,1.593999981880188,213.76251220703125,-4.700005054473877,-0.04700005054473877,0.0016251489839065325
2020-01-30,2020,1.5579999685287476,214.5238800048828,-3.600001335144043,-0.03600001335144043,0.0035617461171777443
2020-01-31,2020,1.5199999809265137,211.1219940185547,-3.7999987602233887,-0.03799998760223389,-0.01585784289492942
2020-02-03,2020,1.5199999809265137,214.31187438964844,0.0,0.0,0.015109180765000785
2020-02-04,2020,1.6030000448226929,219.21719360351562,8.30000638961792,0.0830000638961792,0.022888695401677372
2020-02-05,2020,1.6490000486373901,219.9399871826172,4.600000381469727,0.046000003814697266,0.0032971573407185595
2020-02-06,2020,1.6440000534057617,221.8385467529297,-0.4999995231628418,-0.004999995231628418,0.008632170960054308
2020-02-07,2020,1.5779999494552612,220.8844451904297,-6.600010395050049,-0.06600010395050049,-0.004300882675555173
2020-02-10,2020,1.5470000505447388,223.55397033691406,-3.099989891052246,-0.03099989891052246,0.012085618542233334
2020-02-11,2020,1.590000033378601,223.59249877929688,4.2999982833862305,0.042999982833862305,0.00017234514924857613
2020-02-12,2020,1.6299999952316284,225.77052307128906,3.9999961853027344,0.039999961853027344,0.009741043657023774
2020-02-13,2020,1.6169999837875366,225.48135375976562,-1.3000011444091797,-0.013000011444091797,-0.0012808107435359206
2020-02-14,2020,1.5880000591278076,226.12709045410156,-2.8999924659729004,-0.028999924659729004,0.002863814162761935
2020-02-18,2020,1.555999994277954,226.2138214111328,-3.2000064849853516,-0.032000064849853516,0.0003835496085722312
2020-02-19,2020,1.5700000524520874,228.3822021484375,1.40000581741333,0.0140000581741333,0.009585536037445497
2020-02-20,2020,1.524999976158142,226.26199340820312,-4.500007629394531,-0.04500007629394531,-0.009283598810630345
2020-02-21,2020,1.4709999561309814,221.91558837890625,-5.4000020027160645,-0.054000020027160645,-0.019209611671083704
2020-02-24,2020,1.3769999742507935,213.35780334472656,-9.399998188018799,-0.09399998188018799,-0.03856324423486568
2020-02-25,2020,1.3300000429153442,207.55621337890625,-4.699993133544922,-0.04699993133544922,-0.027191833974999136
2020-02-26,2020,1.309999942779541,208.6259002685547,-2.0000100135803223,-0.020000100135803223,0.005153721356901286
2020-02-27,2020,1.2990000247955322,198.17922973632812,-1.099991798400879,-0.010999917984008789,-0.05007369899316927
2020-02-28,2020,1.1269999742507935,198.33340454101562,-17.200005054473877,-0.17200005054473877,0.000777956423045012
2020-03-02,2020,1.0880000591278076,208.56813049316406,-3.899991512298584,-0.03899991512298584,0.05160364173566068
2020-03-03,2020,1.0099999904632568,201.87991333007812,-7.800006866455078,-0.07800006866455078,-0.0320673016882852
2020-03-04,2020,0.9919999837875366,210.3028106689453,-1.8000006675720215,-0.018000006675720215,0.0417223150135575
2020-03-05,2020,0.9259999990463257,203.913330078125,-6.599998474121094,-0.06599998474121094,-0.03038228814201871
2020-03-06,2020,0.7059999704360962,200.47288513183594,-22.00000286102295,-0.2200000286102295,-0.016872094359750456
2020-03-09,2020,0.49900001287460327,186.54713439941406,-20.699995756149292,-0.20699995756149292,-0.06946450999228126
2020-03-10,2020,0.7480000257492065,196.7047119140625,24.900001287460327,0.24900001287460327,0.05445046125929842
2020-03-11,2020,0.8199999928474426,188.1372833251953,7.199996709823608,0.07199996709823608,-0.043554770526341935
2020-03-12,2020,0.8489999771118164,170.8866729736328,2.899998426437378,0.02899998426437378,-0.09169160969410206
2020-03-13,2020,0.9509999752044678,185.36172485351562,10.199999809265137,0.10199999809265137,0.08470556321332467
2020-03-16,2020,0.7279999852180481,163.15765380859375,-22.299998998641968,-0.22299998998641968,-0.11978778824198422
2020-03-17,2020,0.996999979019165,175.53182983398438,26.899999380111694,0.26899999380111694,0.0758418360189661
2020-03-18,2020,1.2660000324249268,170.19281005859375,26.900005340576172,0.2690000534057617,-0.030416248611093488
2020-03-19,2020,1.11899995803833,171.21435546875,-14.700007438659668,-0.14700007438659668,0.006002282997763286
2020-03-20,2020,0.9380000233650208,164.5068817138672,-18.099993467330933,-0.18099993467330933,-0.03917588415129747
2020-03-23,2020,0.7639999985694885,164.62567138671875,-17.400002479553223,-0.17400002479553223,0.0007220954625970499
2020-03-24,2020,0.8159999847412109,177.3738555908203,5.199998617172241,0.05199998617172241,0.07743740144971123
2020-03-25,2020,0.8579999804496765,176.06039428710938,4.199999570846558,0.041999995708465576,-0.007405044555951479
2020-03-26,2020,0.8109999895095825,185.33181762695312,-4.699999094009399,-0.046999990940093994,0.05266047129670981
2020-03-27,2020,0.7490000128746033,178.95774841308594,-6.199997663497925,-0.06199997663497925,-0.03439274106023871
2020-03-30,2020,0.6700000166893005,185.46702575683594,-7.899999618530273,-0.07899999618530273,0.03637326352991832
2020-03-31,2020,0.6980000138282776,183.88316345214844,2.799999713897705,0.02799999713897705,-0.008539859299647623
2020-04-01,2020,0.6349999904632568,176.07003784179688,-6.300002336502075,-0.06300002336502075,-0.04248961929777084
2020-04-02,2020,0.6269999742507935,179.6434326171875,-0.8000016212463379,-0.008000016212463379,0.02029530304640148
2020-04-03,2020,0.5870000123977661,177.0937957763672,-3.9999961853027344,-0.039999961853027344,-0.014192763986276558
2020-04-06,2020,0.6759999990463257,189.75506591796875,8.899998664855957,0.08899998664855957,0.07149471321734002
2020-04-07,2020,0.7360000014305115,189.67779541015625,6.000000238418579,0.06000000238418579,-0.0004072118308867667
2020-04-08,2020,0.7639999985694885,193.70509338378906,2.799999713897705,0.02799999713897705,0.021232311167072915
2020-04-09,2020,0.7289999723434448,193.98516845703125,-3.50000262260437,-0.0350000262260437,0.0014458838864255252
2020-04-13,2020,0.7490000128746033,196.08084106445312,2.0000040531158447,0.020000040531158447,0.010803262043644679
2020-04-14,2020,0.7519999742507935,204.608642578125,0.29999613761901855,0.0029999613761901855,0.04349125323707037
2020-04-15,2020,0.6380000114440918,202.26182556152344,-11.399996280670166,-0.11399996280670166,-0.011469784399285476
2020-04-16,2020,0.609000027179718,205.9510955810547,-2.899998426437378,-0.02899998426437378,0.018240070805694675
2020-04-17,2020,0.6539999842643738,207.9212646484375,4.499995708465576,0.04499995708465576,0.009566198527977354
2020-04-20,2020,0.6259999871253967,205.45852661132812,-2.799999713897705,-0.02799999713897705,-0.011844570305367674
2020-04-21,2020,0.5709999799728394,197.8772430419922,-5.500000715255737,-0.05500000715255737,-0.03689933776113208
2020-04-22,2020,0.6190000176429749,203.74911499023438,4.80000376701355,0.0480000376701355,0.029674316550873492
2020-04-23,2020,0.6129999756813049,203.3145294189453,-0.6000041961669922,-0.006000041961669922,-0.0021329445838814687
2020-04-24,2020,0.5960000157356262,206.5208740234375,-1.699995994567871,-0.01699995994567871,0.015770366307098715
2020-04-27,2020,0.656000018119812,208.18199157714844,6.000000238418579,0.06000000238418579,0.008043339742608291
2020-04-28,2020,0.6100000143051147,204.260986328125,-4.600000381469727,-0.046000003814697266,-0.018834507342919693
2020-04-29,2020,0.6269999742507935,211.5042724609375,1.699995994567871,0.01699995994567871,0.03546093780814741
2020-04-30,2020,0.621999979019165,211.41734313964844,-0.4999995231628418,-0.004999995231628418,-0.00041100503681368306
2020-05-01,2020,0.6420000195503235,205.45852661132812,2.0000040531158447,0.020000040531158447,-0.02818508850706869
2020-05-04,2020,0.6370000243186951,207.85366821289062,-0.4999995231628418,-0.004999995231628418,0.011657542965318068
2020-05-05,2020,0.6570000052452087,210.2101287841797,1.9999980926513672,0.019999980926513672,0.011337113227539941
2020-05-06,2020,0.7110000252723694,211.5042724609375,5.4000020027160645,0.054000020027160645,0.006156428732730035
2020-05-07,2020,0.6309999823570251,214.22775268554688,-8.000004291534424,-0.08000004291534424,0.012876714937814615
2020-05-08,2020,0.6819999814033508,217.1637420654297,5.099999904632568,0.050999999046325684,0.013704990801039596
2020-05-11,2020,0.7260000109672546,219.10494995117188,4.400002956390381,0.04400002956390381,0.008938913408285787
2020-05-12,2020,0.6779999732971191,214.51748657226562,-4.80000376701355,-0.0480000376701355,-0.020937287724118403
2020-05-13,2020,0.6489999890327454,211.8326416015625,-2.899998426437378,-0.02899998426437378,-0.012515739456040453
2020-05-14,2020,0.6190000176429749,214.23741149902344,-2.999997138977051,-0.029999971389770508,0.011352215972381119
2020-05-15,2020,0.6399999856948853,215.62814331054688,2.09999680519104,0.0209999680519104,0.006491545065786974
2020-05-18,2020,0.7440000176429749,219.645751953125,10.40000319480896,0.1040000319480896,0.01863211629472672
2020-05-19,2020,0.7110000252723694,219.09524536132812,-3.299999237060547,-0.03299999237060547,-0.002506338442249345
2020-05-20,2020,0.6800000071525574,223.47024536132812,-3.100001811981201,-0.03100001811981201,0.0199684844496959
2020-05-21,2020,0.6769999861717224,221.03643798828125,-0.3000020980834961,-0.003000020980834961,-0.010890968366332854
2020-05-22,2020,0.6570000052452087,221.79940795898438,-1.9999980926513672,-0.019999980926513672,0.0034517836861973628
2020-05-26,2020,0.6980000138282776,221.2006378173828,4.100000858306885,0.04100000858306885,-0.0026996020733845993
2020-05-27,2020,0.6800000071525574,222.40782165527344,-1.8000006675720215,-0.018000006675720215,0.005457415719059666
2020-05-28,2020,0.7049999833106995,222.1181182861328,2.499997615814209,0.02499997615814209,-0.0013025772519351664
2020-05-29,2020,0.6480000019073486,225.3727569580078,-5.699998140335083,-0.05699998140335083,0.014652738358256645
2020-06-01,2020,0.6620000004768372,226.0487823486328,1.3999998569488525,0.013999998569488525,0.0029995878816486687
2020-06-02,2020,0.6800000071525574,227.56507873535156,1.8000006675720215,0.018000006675720215,0.006707828155341211
2020-06-03,2020,0.7609999775886536,228.58880615234375,8.09999704360962,0.08099997043609619,0.0044986138588634095
2020-06-04,2020,0.8199999928474426,226.985595703125,5.900001525878906,0.05900001525878906,-0.007013512499602803
2020-06-05,2020,0.9039999842643738,231.48609924316406,8.399999141693115,0.08399999141693115,0.019827264924445975
2020-06-08,2020,0.8840000033378601,233.28244018554688,-1.9999980926513672,-0.019999980926513672,0.007760038068185926
2020-06-09,2020,0.8289999961853027,234.97254943847656,-5.500000715255737,-0.05500000715255737,0.007244905581343497
2020-06-10,2020,0.7480000257492065,237.7926025390625,-8.09999704360962,-0.08099997043609619,0.012001627880895649
2020-06-11,2020,0.652999997138977,226.01019287109375,-9.50000286102295,-0.09500002861022949,-0.049549100948307445
2020-06-12,2020,0.6990000009536743,227.8065185546875,4.600000381469727,0.046000003814697266,0.007947985269046276
2020-06-15,2020,0.7020000219345093,230.57830810546875,0.3000020980834961,0.003000020980834961,0.012167296916553605
2020-06-16,2020,0.7559999823570251,234.53797912597656,5.399996042251587,0.05399996042251587,0.017172782006434906
2020-06-17,2020,0.7329999804496765,235.28164672851562,-2.3000001907348633,-0.023000001907348633,0.003170776883600679
2020-06-18,2020,0.6940000057220459,235.91905212402344,-3.8999974727630615,-0.038999974727630615,0.002709116517886745
2020-06-19,2020,0.6970000267028809,235.88038635253906,0.3000020980834961,0.003000020980834961,-0.00016389423039919748
2020-06-22,2020,0.7039999961853027,238.70921325683594,0.6999969482421875,0.006999969482421875,0.011992632995220687
2020-06-23,2020,0.7089999914169312,240.74082946777344,0.4999995231628418,0.004999995231628418,0.0085108412164705
2020-06-24,2020,0.6840000152587891,235.77786254882812,-2.499997615814209,-0.02499997615814209,-0.020615393449949337
2020-06-25,2020,0.6740000247955322,238.02232360839844,-0.9999990463256836,-0.009999990463256836,0.00951938844176059
2020-06-26,2020,0.6359999775886536,232.40145874023438,-3.800004720687866,-0.03800004720687866,-0.023614864282274994
2020-06-29,2020,0.6359999775886536,234.93612670898438,0.0,0.0,0.010906420219948476
2020-06-30,2020,0.652999997138977,239.54124450683594,1.7000019550323486,0.017000019550323486,0.019601573680304796
2020-07-01,2020,0.6819999814033508,242.337158203125,2.899998426437378,0.02899998426437378,0.011671951116582147
2020-07-02,2020,0.6690000295639038,243.98184204101562,-1.2999951839447021,-0.012999951839447021,0.00678675878716084
2020-07-06,2020,0.6840000152587891,249.9800262451172,1.4999985694885254,0.014999985694885254,0.024584551677797384
2020-07-07,2020,0.6499999761581421,248.2579345703125,-3.4000039100646973,-0.03400003910064697,-0.006888917089384106
2020-07-08,2020,0.652999997138977,251.5279541015625,0.3000020980834961,0.003000020980834961,0.013171863114505467
2020-07-09,2020,0.6050000190734863,253.64662170410156,-4.799997806549072,-0.04799997806549072,0.008423189422848809
2020-07-10,2020,0.6330000162124634,255.37844848632812,2.799999713897705,0.02799999713897705,0.006827714757608128
2020-07-13,2020,0.6399999856948853,250.12518310546875,0.6999969482421875,0.006999969482421875,-0.02057051177182878
2020-07-14,2020,0.6150000095367432,251.89559936523438,-2.499997615814209,-0.02499997615814209,0.007078120794494769
2020-07-15,2020,0.6299999952316284,252.4083709716797,1.4999985694885254,0.014999985694885254,0.0020356513084685
2020-07-16,2020,0.6119999885559082,250.68626403808594,-1.8000006675720215,-0.018000006675720215,-0.006822701350847726
2020-07-17,2020,0.628000020980835,250.97650146484375,1.6000032424926758,0.016000032424926758,0.0011577715590900262
2020-07-20,2020,0.6200000047683716,258.0969543457031,-0.8000016212463379,-0.008000016212463379,0.02837099425364653
2020-07-21,2020,0.6069999933242798,255.4073944091797,-1.3000011444091797,-0.013000011444091797,-0.010420734887560679
2020-07-22,2020,0.5950000286102295,256.30718994140625,-1.1999964714050293,-0.011999964714050293,0.003522981526466795
2020-07-23,2020,0.5820000171661377,249.6124267578125,-1.3000011444091797,-0.013000011444091797,-0.026120075621461236
2020-07-24,2020,0.5889999866485596,247.24212646484375,0.6999969482421875,0.006999969482421875,-0.009495922633966258
2020-07-27,2020,0.609000027179718,251.6537322998047,2.0000040531158447,0.020000040531158447,0.01784326117090007
2020-07-28,2020,0.5809999704360962,248.451416015625,-2.8000056743621826,-0.028000056743621826,-0.012725089570158388
2020-07-29,2020,0.5789999961853027,251.31509399414062,-0.1999974250793457,-0.001999974250793457,0.011526108502177168
2020-07-30,2020,0.5410000085830688,252.63084411621094,-3.7999987602233887,-0.03799998760223389,0.005235460000269532
2020-07-31,2020,0.5360000133514404,257.13922119140625,-0.4999995231628418,-0.004999995231628418,0.01784571116392053
2020-08-03,2020,0.5630000233650208,260.6123352050781,2.7000010013580322,0.027000010013580322,0.013506745480443838
2020-08-04,2020,0.5149999856948853,261.5797424316406,-4.80000376701355,-0.0480000376701355,0.0037120546339497462
2020-08-05,2020,0.5429999828338623,262.2279357910156,2.799999713897705,0.02799999713897705,0.0024779952505091796
2020-08-06,2020,0.5360000133514404,265.70111083984375,-0.6999969482421875,-0.006999969482421875,0.013244870491586846
2020-08-07,2020,0.5619999766349792,262.63433837890625,2.599996328353882,0.02599996328353882,-0.011542189083229126
2020-08-10,2020,0.5740000009536743,261.5120849609375,1.2000024318695068,0.012000024318695068,-0.004273064310233665
2020-08-11,2020,0.6579999923706055,256.5587158203125,8.399999141693115,0.08399999141693115,-0.01894126285354991
2020-08-12,2020,0.6700000166893005,263.0116882324219,1.2000024318695068,0.012000024318695068,0.025152029590874925
2020-08-13,2020,0.7160000205039978,263.6114501953125,4.600000381469727,0.046000003814697266,0.002280362393478841
2020-08-14,2020,0.7089999914169312,263.3018493652344,-0.700002908706665,-0.00700002908706665,-0.0011744589616602408
2020-08-17,2020,0.6830000281333923,266.3589782714844,-2.599996328353882,-0.02599996328353882,0.011610738449502334
2020-08-18,2020,0.6690000295639038,268.92279052734375,-1.3999998569488525,-0.013999998569488525,0.009625402051385734
2020-08-19,2020,0.675000011920929,267.11358642578125,0.5999982357025146,0.0059999823570251465,-0.006727596787221901
2020-08-20,2020,0.6439999938011169,270.8189392089844,-3.100001811981201,-0.03100001811981201,0.013871824465329752
2020-08-21,2020,0.6399999856948853,272.6957702636719,-0.40000081062316895,-0.0040000081062316895,0.006930206063761268
2020-08-24,2020,0.6460000276565552,274.3985290527344,0.6000041961669922,0.006000041961669922,0.006244170151286532
2020-08-25,2020,0.6819999814033508,276.55596923828125,3.5999953746795654,0.035999953746795654,0.007862433494066678
2020-08-26,2020,0.6869999766349792,282.4574279785156,0.4999995231628418,0.004999995231628418,0.021339111777224584
2020-08-27,2020,0.7459999918937683,281.57696533203125,5.900001525878906,0.05900001525878906,-0.0031171516811777655
2020-08-28,2020,0.7289999723434448,283.0089111328125,-1.7000019550323486,-0.017000019550323486,0.005085450789956258
2020-08-31,2020,0.6930000185966492,285.2823791503906,-3.5999953746795654,-0.035999953746795654,0.00803320294219012
2020-09-01,2020,0.671999990940094,290.15838623046875,-2.1000027656555176,-0.021000027656555176,0.017091862086258347
2020-09-02,2020,0.6510000228881836,292.90594482421875,-2.09999680519104,-0.0209999680519104,0.009469168303023467
2020-09-03,2020,0.621999979019165,278.0555114746094,-2.9000043869018555,-0.029000043869018555,-0.05070034805378065
2020-09-04,2020,0.7210000157356262,274.3501281738281,9.900003671646118,0.09900003671646118,-0.013326055941601411
2020-09-08,2020,0.6840000152587891,261.1637268066406,-3.700000047683716,-0.03700000047683716,-0.04806413415937094
2020-09-09,2020,0.703000009059906,268.83563232421875,1.8999993801116943,0.018999993801116943,0.029375846375703674
2020-09-10,2020,0.6850000023841858,263.4760437011719,-1.8000006675720215,-0.018000006675720215,-0.01993630299938498
2020-09-11,2020,0.6690000295639038,261.6474609375,-1.5999972820281982,-0.015999972820281982,-0.006940224006649398
2020-09-14,2020,0.6710000038146973,266.20428466796875,0.1999974250793457,0.001999974250793457,0.017415891268890427
2020-09-15,2020,0.6790000200271606,269.977294921875,0.8000016212463379,0.008000016212463379,0.014173364108741815
2020-09-16,2020,0.6869999766349792,265.6720886230469,0.7999956607818604,0.007999956607818604,-0.015946549505483243
2020-09-17,2020,0.6840000152587891,261.521728515625,-0.29999613761901855,-0.0029999613761901855,-0.015622115702604633
2020-09-18,2020,0.6940000057220459,258.1839904785156,0.9999990463256836,0.009999990463256836,-0.01276275610464217
2020-09-21,2020,0.6710000038146973,258.8031311035156,-2.3000001907348633,-0.023000001907348633,0.0023980597087081
2020-09-22,2020,0.6639999747276306,263.6114501953125,-0.700002908706665,-0.00700002908706665,0.018579060737382136
2020-09-23,2020,0.6759999990463257,255.5623016357422,1.2000024318695068,0.012000024318695068,-0.03053413861046861
2020-09-24,2020,0.6660000085830688,256.75225830078125,-0.9999990463256836,-0.009999990463256836,0.004656229253777511
2020-09-25,2020,0.6589999794960022,262.7214050292969,-0.700002908706665,-0.00700002908706665,0.023248663003083925
2020-09-28,2020,0.6629999876022339,268.17779541015625,0.40000081062316895,0.0040000081062316895,0.020768731730294032
2020-09-29,2020,0.6449999809265137,266.96856689453125,-1.8000006675720215,-0.018000006675720215,-0.004509055321957556
2020-09-30,2020,0.6769999861717224,268.7969970703125,3.200000524520874,0.03200000524520874,0.006848859388392414
2020-10-01,2020,0.6769999861717224,273.0635070800781,0.0,0.0,0.015872610394711995
2020-10-02,2020,0.6959999799728394,265.38189697265625,1.8999993801116943,0.018999993801116943,-0.028131221888866964
2020-10-05,2020,0.7620000243186951,271.0415344238281,6.600004434585571,0.06600004434585571,0.021326388558278397
2020-10-06,2020,0.7419999837875366,266.20428466796875,-2.0000040531158447,-0.020000040531158447,-0.01784689481684887
2020-10-07,2020,0.7850000262260437,270.80926513671875,4.300004243850708,0.04300004243850708,0.017298671486425166
2020-10-08,2020,0.7649999856948853,272.2508239746094,-2.0000040531158447,-0.020000040531158447,0.005323151839590423
2020-10-09,2020,0.7749999761581421,276.41082763671875,0.9999990463256836,0.009999990463256836,0.015280040667562389
2020-10-12,2020,0.7770000100135803,284.94384765625,0.20000338554382324,0.0020000338554382324,0.030870787850416637
2020-10-13,2020,0.7269999980926514,284.93402099609375,-5.0000011920928955,-0.050000011920928955,-3.448630401070574e-05
2020-10-14,2020,0.722000002861023,282.5541687011719,-0.4999995231628418,-0.004999995231628418,-0.008352292529344885
2020-10-15,2020,0.7310000061988831,280.657958984375,0.9000003337860107,0.009000003337860107,-0.006710959974553732
2020-10-16,2020,0.7440000176429749,279.1197814941406,1.3000011444091797,0.013000011444091797,-0.005480612400234897
2020-10-19,2020,0.7609999775886536,274.56292724609375,1.699995994567871,0.01699995994567871,-0.0163258018605984
2020-10-20,2020,0.796999990940094,275.1531677246094,3.600001335144043,0.03600001335144043,0.002149745722905161
2020-10-21,2020,0.8159999847412109,274.94036865234375,1.8999993801116943,0.018999993801116943,-0.0007733840537813563
2020-10-22,2020,0.8479999899864197,274.9305419921875,3.200000524520874,0.03200000524520874,-3.574105979564646e-05
2020-10-23,2020,0.8410000205039978,275.4723815917969,-0.6999969482421875,-0.006999969482421875,0.00197082359669154
2020-10-26,2020,0.8009999990463257,271.3414306640625,-4.000002145767212,-0.04000002145767212,-0.014995880544771745
2020-10-27,2020,0.777999997138977,273.4601745605469,-2.3000001907348633,-0.023000001907348633,0.007808405414901465
2020-10-28,2020,0.781000018119812,262.798828125,0.3000020980834961,0.003000020980834961,-0.03898683401588465
2020-10-29,2020,0.8349999785423279,267.3941345214844,5.399996042251587,0.05399996042251587,0.017486023165592668
2020-10-30,2020,0.8600000143051147,260.6123352050781,2.5000035762786865,0.025000035762786865,-0.02536255826457312
2020-11-02,2020,0.8489999771118164,261.19287109375,-1.100003719329834,-0.01100003719329834,0.0022275840789156565
2020-11-03,2020,0.8820000290870667,265.7108459472656,3.3000051975250244,0.033000051975250244,0.017297466177375043
2020-11-04,2020,0.7680000066757202,277.5717468261719,-11.400002241134644,-0.11400002241134644,0.04463837686648375
2020-11-05,2020,0.7760000228881836,284.8084411621094,0.8000016212463379,0.008000016212463379,0.02607143709215287
2020-11-06,2020,0.8199999928474426,285.0211486816406,4.399996995925903,0.04399996995925903,0.0007468441548408311
2020-11-09,2020,0.9580000042915344,279.1971130371094,13.80000114440918,0.1380000114440918,-0.02043369648698068
2020-11-10,2020,0.972000002861023,274.1954040527344,1.3999998569488525,0.013999998569488525,-0.017914615699160863
2020-11-11,2020,0.9580000042915344,280.32904052734375,-1.3999998569488525,-0.013999998569488525,0.022369581633941982
2020-11-12,2020,0.8849999904632568,279.01324462890625,-7.300001382827759,-0.07300001382827759,-0.004693755224083329
2020-11-13,2020,0.8930000066757202,281.4609680175781,0.8000016212463379,0.008000016212463379,0.008772785650112747
2020-11-16,2020,0.906000018119812,283.65704345703125,1.3000011444091797,0.013000011444091797,0.007802415570872245
2020-11-17,2020,0.871999979019165,282.7572326660156,-3.4000039100646973,-0.03400003910064697,-0.0031721785577728534
2020-11-18,2020,0.8820000290870667,280.6676330566406,1.0000050067901611,0.010000050067901611,-0.0073900836759255295
2020-11-19,2020,0.8539999723434448,282.86370849609375,-2.8000056743621826,-0.028000056743621826,0.007824469873980666
2020-11-20,2020,0.8289999961853027,280.9288635253906,-2.499997615814209,-0.02499997615814209,-0.0068402022337547
2020-11-23,2020,0.8569999933242798,280.93853759765625,2.799999713897705,0.02799999713897705,3.443602107755517e-05
2020-11-24,2020,0.8820000290870667,284.88580322265625,2.5000035762786865,0.025000035762786865,0.014050281811650356
2020-11-25,2020,0.878000020980835,286.63677978515625,-0.40000081062316895,-0.0040000081062316895,0.006146240151993387
2020-11-27,2020,0.8420000076293945,289.2780456542969,-3.600001335144043,-0.03600001335144043,0.009214678838913581
2020-11-30,2020,0.843999981880188,289.86810302734375,0.1999974250793457,0.001999974250793457,0.0020397585710738575
2020-12-01,2020,0.9340000152587891,293.5830993652344,9.000003337860107,0.09000003337860107,0.012816161209500798
2020-12-02,2020,0.9480000138282776,293.9603271484375,1.3999998569488525,0.013999998569488525,0.001284909737715667
2020-12-03,2020,0.9200000166893005,294.3764343261719,-2.799999713897705,-0.02799999713897705,0.0014155215493560913
2020-12-04,2020,0.968999981880188,295.5760192871094,4.899996519088745,0.04899996519088745,0.004075003366636132
2020-12-07,2020,0.9279999732971191,297.2498474121094,-4.100000858306885,-0.04100000858306885,0.00566293615103497
2020-12-08,2020,0.9129999876022339,298.2559509277344,-1.4999985694885254,-0.014999985694885254,0.0033847065839873736
2020-12-09,2020,0.9409999847412109,291.5030822753906,2.799999713897705,0.02799999713897705,-0.022641186643011624
2020-12-10,2020,0.9079999923706055,292.6737060546875,-3.299999237060547,-0.03299999237060547,0.004015819558953915
2020-12-11,2020,0.8930000066757202,292.02557373046875,-1.4999985694885254,-0.014999985694885254,-0.002214521874738029
2020-12-14,2020,0.8920000195503235,294.14422607421875,-0.09999871253967285,-0.0009999871253967285,0.007255023307326747
2020-12-15,2020,0.9229999780654907,297.2884216308594,3.0999958515167236,0.030999958515167236,0.010689298915040668
2020-12-16,2020,0.9200000166893005,298.9234619140625,-0.29999613761901855,-0.0029999613761901855,0.005499845147798332
2020-12-17,2020,0.9300000071525574,300.877685546875,0.9999990463256836,0.009999990463256836,0.006537538473224025
2020-12-18,2020,0.9480000138282776,299.96826171875,1.8000006675720215,0.018000006675720215,-0.003022569874106873
2020-12-21,2020,0.9409999847412109,299.4070739746094,-0.700002908706665,-0.00700002908706665,-0.0018708237362351499
2020-12-22,2020,0.9179999828338623,300.2212219238281,-2.3000001907348633,-0.023000001907348633,0.002719200780432418
2020-12-23,2020,0.9549999833106995,298.7093200683594,3.700000047683716,0.03700000047683716,-0.005035959302878146
2020-12-24,2020,0.9279999732971191,300.02740478515625,-2.7000010013580322,-0.027000010013580322,0.004412599903127257
2020-12-28,2020,0.9330000281333923,303.0513000488281,0.5000054836273193,0.005000054836273193,0.010078730194120755
2020-12-29,2020,0.9350000023841858,303.32275390625,0.1999974250793457,0.001999974250793457,0.0008957356638237268
2020-12-30,2020,0.9259999990463257,303.3324279785156,-0.9000003337860107,-0.009000003337860107,3.18936582932583e-05
2020-12-31,2020,0.9169999957084656,304.0787048339844,-0.9000003337860107,-0.009000003337860107,0.002460260712783491
2021-01-04,2021,0.9169999957084656,299.78509521484375,0.0,0.0,-0.014120060204428908
2021-01-05,2021,0.9549999833106995,302.256591796875,3.7999987602233887,0.03799998760223389,0.00824422768670341
2021-01-06,2021,1.0420000553131104,298.0697021484375,8.700007200241089,0.08700007200241089,-0.013852103682990058
2021-01-07,2021,1.0709999799728394,305.280517578125,2.8999924659729004,0.028999924659729004,0.024191708777219212
2021-01-08,2021,1.1050000190734863,309.2058410644531,3.4000039100646973,0.03400003910064697,0.012858087104505644
2021-01-11,2021,1.1319999694824219,304.7377624511719,2.6999950408935547,0.026999950408935547,-0.014450175319779546
2021-01-12,2021,1.1380000114440918,304.2531433105469,0.6000041961669922,0.006000041961669922,-0.0015902825325189163
2021-01-13,2021,1.0880000591278076,306.307861328125,-4.999995231628418,-0.04999995231628418,0.006753317304205808
2021-01-14,2021,1.128999948501587,304.6698913574219,4.09998893737793,0.0409998893737793,-0.005347463051065815
2021-01-15,2021,1.097000002861023,302.256591796875,-3.1999945640563965,-0.031999945640563965,-0.0079210306925791
2021-01-19,2021,1.0920000076293945,306.66644287109375,-0.4999995231628418,-0.004999995231628418,0.014589759806404201
2021-01-20,2021,1.090000033378601,313.7998046875,-0.1999974250793457,-0.001999974250793457,0.023260979419925443
2021-01-21,2021,1.1089999675750732,316.31005859375,1.8999934196472168,0.018999934196472168,0.007999539415742607
2021-01-22,2021,1.090999960899353,315.3990478515625,-1.8000006675720215,-0.018000006675720215,-0.002880119419020888
2021-01-25,2021,1.0399999618530273,318.0061950683594,-5.099999904632568,-0.050999999046325684,0.008266186073027981
2021-01-26,2021,1.0399999618530273,318.4714050292969,0.0,0.0,0.0014628959062810143
2021-01-27,2021,1.0140000581741333,309.59344482421875,-2.5999903678894043,-0.025999903678894043,-0.027876789139864577
2021-01-28,2021,1.0570000410079956,311.4253234863281,4.2999982833862305,0.042999982833862305,0.005917046025149197
2021-01-29,2021,1.093000054359436,304.87347412109375,3.600001335144043,0.03600001335144043,-0.02103826783219831
2021-02-01,2021,1.0770000219345093,312.4914245605469,-1.6000032424926758,-0.016000032424926758,0.024987252372199897
2021-02-02,2021,1.1050000190734863,317.5893859863281,2.799999713897705,0.02799999713897705,0.016313924239522493
2021-02-03,2021,1.13100004196167,316.3294677734375,2.6000022888183594,0.026000022888183594,-0.003967129471212472
2021-02-04,2021,1.1390000581741333,320.070556640625,0.8000016212463379,0.008000016212463379,0.011826558219568017
2021-02-05,2021,1.1699999570846558,321.1560974121094,3.099989891052246,0.03099989891052246,0.003391567105946569
2021-02-08,2021,1.159999966621399,323.3077697753906,-0.9999990463256836,-0.009999990463256836,0.006699771172397284
2021-02-09,2021,1.156999945640564,323.23992919921875,-0.3000020980834961,-0.003000020980834961,-0.00020983280488129363
2021-02-10,2021,1.1330000162124634,322.5032653808594,-2.3999929428100586,-0.023999929428100586,-0.0022790000609898
2021-02-11,2021,1.1579999923706055,324.27691650390625,2.499997615814209,0.02499997615814209,0.005499637719798889
2021-02-12,2021,1.2000000476837158,326.08941650390625,4.200005531311035,0.04200005531311035,0.005589358686214574
2021-02-16,2021,1.2990000247955322,325.2073669433594,9.89999771118164,0.0989999771118164,-0.0027049315798212126
2021-02-17,2021,1.3009999990463257,323.64703369140625,0.1999974250793457,0.001999974250793457,-0.004797964039433555
2021-02-18,2021,1.2869999408721924,322.23193359375,-1.40000581741333,-0.0140000581741333,-0.004372356148351186
2021-02-19,2021,1.3450000286102295,320.8266296386719,5.800008773803711,0.05800008773803711,-0.004361156696684909
2021-02-22,2021,1.3700000047683716,312.5107116699219,2.499997615814209,0.02499997615814209,-0.025920285913035745
2021-02-23,2021,1.3619999885559082,311.58038330078125,-0.8000016212463379,-0.008000016212463379,-0.0029769487393547234
2021-02-24,2021,1.3890000581741333,314.14874267578125,2.7000069618225098,0.027000069618225098,0.008243007302936256
2021-02-25,2021,1.5180000066757202,303.19671630859375,12.899994850158691,0.12899994850158691,-0.03486255037630559
2021-02-26,2021,1.4600000381469727,304.4664611816406,-5.799996852874756,-0.05799996852874756,0.004187858260821464
2021-03-01,2021,1.4459999799728394,313.6253967285156,-1.40000581741333,-0.0140000581741333,0.030081919405273716
2021-03-02,2021,1.4149999618530273,308.59521484375,-3.100001811981201,-0.03100001811981201,-0.016038821910586254
2021-03-03,2021,1.4700000286102295,299.6397399902344,5.500006675720215,0.05500006675720215,-0.029020135189231744
2021-03-04,2021,1.5499999523162842,294.735595703125,7.999992370605469,0.07999992370605469,-0.016366801971157807
2021-03-05,2021,1.5540000200271606,299.17449951171875,0.4000067710876465,0.004000067710876465,0.01506063018280579
2021-03-08,2021,1.5959999561309814,290.70367431640625,4.19999361038208,0.0419999361038208,-0.028313994705891354
2021-03-09,2021,1.5460000038146973,302.1693115234375,-4.999995231628418,-0.04999995231628418,0.039440977944268596
2021-03-10,2021,1.5199999809265137,301.3067626953125,-2.6000022888183594,-0.026000022888183594,-0.002854521605044291
2021-03-11,2021,1.5269999504089355,308.2463073730469,0.6999969482421875,0.006999969482421875,0.023031493271698622
2021-03-12,2021,1.6349999904632568,305.74578857421875,10.800004005432129,0.10800004005432129,-0.008112080304021108
2021-03-15,2021,1.6069999933242798,309.0119323730469,-2.799999713897705,-0.02799999713897705,0.010682547138454845
2021-03-16,2021,1.621000051498413,310.7080383300781,1.40000581741333,0.0140000581741333,0.005488804085997723
2021-03-17,2021,1.6410000324249268,311.98736572265625,1.9999980926513672,0.019999980926513672,0.004117458304117028
2021-03-18,2021,1.7300000190734863,302.4310302734375,8.899998664855957,0.08899998664855957,-0.0306305206529226
2021-03-19,2021,1.7319999933242798,303.4971618652344,0.1999974250793457,0.001999974250793457,0.003525205700066314
2021-03-22,2021,1.684000015258789,309.1887512207031,-4.799997806549072,-0.04799997806549072,0.018753352817170832
2021-03-23,2021,1.6380000114440918,307.83978271484375,-4.600000381469727,-0.046000003814697266,-0.004362928795221488
2021-03-24,2021,1.6139999628067017,302.6480407714844,-2.4000048637390137,-0.024000048637390137,-0.016865077988209687
2021-03-25,2021,1.6139999628067017,302.1240234375,0.0,0.0,-0.001731441355604324
2021-03-26,2021,1.659999966621399,306.6559143066406,4.600000381469727,0.046000003814697266,0.015000101010101075
2021-03-29,2021,1.7209999561309814,306.56854248046875,6.099998950958252,0.06099998950958252,-0.00028491811863284866
2021-03-30,2021,1.7259999513626099,305.0255432128906,0.4999995231628418,0.004999995231628418,-0.005033129802208713
2021-03-31,2021,1.746000051498413,309.6933898925781,2.0000100135803223,0.020000100135803223,0.015303133732736729
2021-04-01,2021,1.6790000200271606,314.9725341796875,-6.700003147125244,-0.06700003147125244,0.017046357653744293
2021-04-05,2021,1.7200000286102295,321.26092529296875,4.100000858306885,0.04100000858306885,0.01996488719138223
2021-04-06,2021,1.656000018119812,321.0377197265625,-6.400001049041748,-0.06400001049041748,-0.0006947796910026227
2021-04-07,2021,1.652999997138977,321.8140563964844,-0.3000020980834961,-0.003000020980834961,0.0024182101423568803
2021-04-08,2021,1.6319999694824219,325.1717224121094,-2.1000027656555176,-0.021000027656555176,0.010433559221192823
2021-04-09,2021,1.6660000085830688,327.1417236328125,3.4000039100646973,0.03400003910064697,0.006058341131540468
2021-04-12,2021,1.6749999523162842,326.7147521972656,0.8999943733215332,0.008999943733215332,-0.0013051573819612416
2021-04-13,2021,1.6230000257492065,330.5285339355469,-5.199992656707764,-0.05199992656707764,0.011673123765095772
2021-04-14,2021,1.6380000114440918,326.5594787597656,1.4999985694885254,0.014999985694885254,-0.01200820736570729
2021-04-15,2021,1.5299999713897705,331.508544921875,-10.800004005432129,-0.10800004005432129,0.015155175347858041
2021-04-16,2021,1.5729999542236328,331.8968505859375,4.2999982833862305,0.042999982833862305,0.0011713292764565786
2021-04-19,2021,1.6009999513626099,328.85931396484375,2.799999713897705,0.02799999713897705,-0.009152050149711322
2021-04-20,2021,1.562000036239624,326.4624328613281,-3.899991512298584,-0.03899991512298584,-0.007288469572650946
2021-04-21,2021,1.5640000104904175,329.2572937011719,0.1999974250793457,0.001999974250793457,0.008561048863563903
2021-04-22,2021,1.5540000200271606,325.2882080078125,-0.9999990463256836,-0.009999990463256836,-0.012054662931663573
2021-04-23,2021,1.5670000314712524,329.3833923339844,1.3000011444091797,0.013000011444091797,0.01258940295208455
2021-04-26,2021,1.5700000524520874,331.52801513671875,0.3000020980834961,0.003000020980834961,0.006511022876829697
2021-04-27,2021,1.621999979019165,330.091796875,5.199992656707764,0.05199992656707764,-0.004332117335925534
2021-04-28,2021,1.6200000047683716,328.975830078125,-0.1999974250793457,-0.001999974250793457,-0.0033807771275745635
2021-04-29,2021,1.6399999856948853,330.1596984863281,1.9999980926513672,0.019999980926513672,0.003598648593490905
2021-04-30,2021,1.63100004196167,327.99560546875,-0.8999943733215332,-0.008999943733215332,-0.006554685588519016
2021-05-03,2021,1.6069999933242798,326.2489013671875,-2.4000048637390137,-0.024000048637390137,-0.005325388732163705
2021-05-04,2021,1.5920000076293945,320.37786865234375,-1.4999985694885254,-0.014999985694885254,-0.017995563173517026
2021-05-05,2021,1.5839999914169312,319.3006896972656,-0.8000016212463379,-0.008000016212463379,-0.0033622139993915168
2021-05-06,2021,1.5609999895095825,321.7073669433594,-2.3000001907348633,-0.023000001907348633,0.007537338075829236
2021-05-07,2021,1.5770000219345093,324.3177185058594,1.6000032424926758,0.016000032424926758,0.008114055911438323
2021-05-10,2021,1.6019999980926514,316.1272888183594,2.499997615814209,0.02499997615814209,-0.025254339248664937
2021-05-11,2021,1.6239999532699585,315.6905822753906,2.199995517730713,0.02199995517730713,-0.0013814262748436112
2021-05-12,2021,1.6950000524520874,307.5196228027344,7.100009918212891,0.0710000991821289,-0.02588281035741624
2021-05-13,2021,1.6679999828338623,309.89715576171875,-2.7000069618225098,-0.027000069618225098,0.007731321134292202
2021-05-14,2021,1.6349999904632568,316.7386779785156,-3.299999237060547,-0.03299999237060547,0.022076750591597305
2021-05-17,2021,1.6399999856948853,314.8172302246094,0.4999995231628418,0.004999995231628418,-0.006066350236002993
2021-05-18,2021,1.6419999599456787,312.6919860839844,0.1999974250793457,0.001999974250793457,-0.006750723710734374
2021-05-19,2021,1.6829999685287476,313.0510559082031,4.100000858306885,0.04100000858306885,0.0011483179620801476
2021-05-20,2021,1.6339999437332153,319.1065673828125,-4.900002479553223,-0.04900002479553223,0.019343526751703477
2021-05-21,2021,1.6319999694824219,317.3403625488281,-0.1999974250793457,-0.001999974250793457,-0.005534843260889599
2021-05-24,2021,1.6080000400543213,322.677734375,-2.3999929428100586,-0.023999929428100586,0.016819076474555494
2021-05-25,2021,1.5640000104904175,323.1240539550781,-4.400002956390381,-0.04400002956390381,0.0013831743951673303
2021-05-26,2021,1.5740000009536743,324.2498474121094,0.9999990463256836,0.009999990463256836,0.00348409053195331
2021-05-27,2021,1.6100000143051147,323.0367431640625,3.600001335144043,0.03600001335144043,-0.0037412638979751334
2021-05-28,2021,1.5809999704360962,324.0557861328125,-2.9000043869018555,-0.029000043869018555,0.0031545729404300893
2021-06-01,2021,1.6150000095367432,322.9785461425781,3.4000039100646973,0.03400003910064697,-0.003324242418534906
2021-06-02,2021,1.590999960899353,323.609375,-2.4000048637390137,-0.024000048637390137,0.001953160248431507
2021-06-03,2021,1.625,320.2419738769531,3.4000039100646973,0.03400003910064697,-0.010405758866061543
2021-06-04,2021,1.559999942779541,325.67633056640625,-6.500005722045898,-0.06500005722045898,0.016969532830637624
2021-06-07,2021,1.569000005722046,326.6467590332031,0.9000062942504883,0.009000062942504883,0.0029797328688552227
2021-06-08,2021,1.527999997138977,326.802001953125,-4.100000858306885,-0.04100000858306885,0.00047526239164707995
2021-06-09,2021,1.4889999628067017,326.87969970703125,-3.900003433227539,-0.03900003433227539,0.00023775176847729007
2021-06-10,2021,1.4589999914169312,330.2859191894531,-2.999997138977051,-0.029999971389770508,0.010420406912618807
2021-06-11,2021,1.4620000123977661,331.1496276855469,0.3000020980834961,0.003000020980834961,0.0026150327516636374
2021-06-14,2021,1.5010000467300415,334.3228454589844,3.900003433227539,0.03900003433227539,0.009582428932852993
2021-06-15,2021,1.4989999532699585,332.1394348144531,-0.20000934600830078,-0.002000093460083008,-0.006530844882986386
2021-06-16,2021,1.569000005722046,330.9263916015625,7.00000524520874,0.0700000524520874,-0.003652210745671569
2021-06-17,2021,1.5110000371932983,335.12835693359375,-5.799996852874756,-0.05799996852874756,0.012697583023509429
2021-06-18,2021,1.4500000476837158,332.4985046386719,-6.099998950958252,-0.06099998950958252,-0.007847298626069366
2021-06-21,2021,1.4839999675750732,334.5649719238281,3.399991989135742,0.03399991989135742,0.006214967154218876
2021-06-22,2021,1.472000002861023,337.68365478515625,-1.1999964714050293,-0.011999964714050293,0.009321606034830676
2021-06-23,2021,1.4869999885559082,337.8487854003906,1.4999985694885254,0.014999985694885254,0.0004890097962824136
2021-06-24,2021,1.4869999885559082,339.9375915527344,0.0,0.0,0.0061826658629784426
2021-06-25,2021,1.5360000133514404,339.5199279785156,4.900002479553223,0.04900002479553223,-0.0012286478006476864
2021-06-28,2021,1.4780000448226929,343.6490173339844,-5.799996852874756,-0.05799996852874756,0.012161552283699972
2021-06-29,2021,1.4800000190734863,344.8924865722656,0.1999974250793457,0.001999974250793457,0.0036184280343010133
2021-06-30,2021,1.4429999589920044,344.3484802246094,-3.7000060081481934,-0.037000060081481934,-0.0015773215388450446
2021-07-01,2021,1.4800000190734863,344.4844665527344,3.7000060081481934,0.037000060081481934,0.00039490904108618885
2021-07-02,2021,1.430999994277954,348.4388427734375,-4.900002479553223,-0.04900002479553223,0.011479113297254484
2021-07-06,2021,1.3700000047683716,349.9447021484375,-6.099998950958252,-0.06099998950958252,0.004321732224266128
2021-07-07,2021,1.3209999799728394,350.6830749511719,-4.900002479553223,-0.04900002479553223,0.002109969941540113
2021-07-08,2021,1.2879999876022339,348.56512451171875,-3.299999237060547,-0.03299999237060547,-0.006039500023626854
2021-07-09,2021,1.3559999465942383,350.7413635253906,6.7999958992004395,0.0679999589920044,0.006243421560663709
2021-07-12,2021,1.3630000352859497,352.1112060546875,0.7000088691711426,0.007000088691711426,0.0039055631064675023
2021-07-13,2021,1.4149999618530273,352.1112060546875,5.199992656707764,0.05199992656707764,0.0
2021-07-14,2021,1.3559999465942383,352.7427673339844,-5.900001525878906,-0.05900001525878906,0.0017936415213062329
2021-07-15,2021,1.2970000505447388,350.2652893066406,-5.899989604949951,-0.05899989604949951,-0.007023469385548098
2021-07-16,2021,1.2999999523162842,347.4283142089844,0.299990177154541,0.00299990177154541,-0.008099503959619003
2021-07-19,2021,1.180999994277954,344.58172607421875,-11.899995803833008,-0.11899995803833008,-0.00819331073014773
2021-07-20,2021,1.2089999914169312,348.58447265625,2.799999713897705,0.02799999713897705,0.011616247407064018
2021-07-21,2021,1.2799999713897705,351.27569580078125,7.0999979972839355,0.07099997997283936,0.0077204332253351104
2021-07-22,2021,1.2649999856948853,353.59783935546875,-1.4999985694885254,-0.014999985694885254,0.0066106012526538915
2021-07-23,2021,1.2860000133514404,357.72686767578125,2.1000027656555176,0.021000027656555176,0.011677187642998188
2021-07-26,2021,1.2760000228881836,358.0086364746094,-0.9999990463256836,-0.009999990463256836,0.0007876646242952479
2021-07-27,2021,1.2339999675750732,354.0640563964844,-4.200005531311035,-0.04200005531311035,-0.011018114302962512
2021-07-28,2021,1.2610000371932983,355.4241943359375,2.7000069618225098,0.027000069618225098,0.0038415024481615045
2021-07-29,2021,1.2690000534057617,356.0558166503906,0.8000016212463379,0.008000016212463379,0.0017770943129891137
2021-07-30,2021,1.2389999628067017,354.2000732421875,-3.000009059906006,-0.03000009059906006,-0.005211945210335522
2021-08-02,2021,1.1740000247955322,354.22930908203125,-6.499993801116943,-0.06499993801116943,8.2540468092418e-05
2021-08-03,2021,1.1759999990463257,356.37646484375,0.1999974250793457,0.001999974250793457,0.006061485333562544
2021-08-04,2021,1.184000015258789,356.8912658691406,0.8000016212463379,0.008000016212463379,0.0014445427130445054
2021-08-05,2021,1.2170000076293945,359.155029296875,3.299999237060547,0.03299999237060547,0.006343005963515003
2021-08-06,2021,1.2899999618530273,357.5811462402344,7.299995422363281,0.07299995422363281,-0.0043821829802073164
2021-08-09,2021,1.3170000314712524,358.2417907714844,2.7000069618225098,0.027000069618225098,0.0018475373721358324
2021-08-10,2021,1.3420000076293945,356.4055480957031,2.499997615814209,0.02499997615814209,-0.005125707617268382
2021-08-11,2021,1.3289999961853027,355.7934875488281,-1.3000011444091797,-0.013000011444091797,-0.0017173148682596562
2021-08-12,2021,1.3669999837875366,357.07586669921875,3.7999987602233887,0.03799998760223389,0.0036042794353132734
2021-08-13,2021,1.2970000505447388,358.32916259765625,-6.999993324279785,-0.06999993324279785,0.0035098868764862345
2021-08-16,2021,1.2569999694824219,358.48468017578125,-4.0000081062316895,-0.040000081062316895,0.00043400759513301246
2021-08-17,2021,1.2580000162124634,355.3271789550781,0.10000467300415039,0.001000046730041504,-0.0088079111753252
2021-08-18,2021,1.2730000019073486,351.9071960449219,1.4999985694885254,0.014999985694885254,-0.009624884086304686
2021-08-19,2021,1.2419999837875366,353.607421875,-3.100001811981201,-0.03100001811981201,0.004831460820315492
2021-08-20,2021,1.2599999904632568,357.2702331542969,1.8000006675720215,0.018000006675720215,0.010358411766005604
2021-08-23,2021,1.2549999952316284,362.61376953125,-0.4999995231628418,-0.004999995231628418,0.014956567553293443
2021-08-24,2021,1.2899999618530273,363.7214050292969,3.4999966621398926,0.034999966621398926,0.0030545875284293533
2021-08-25,2021,1.3420000076293945,364.13909912109375,5.200004577636719,0.05200004577636719,0.0011483901855136036
2021-08-26,2021,1.3420000076293945,361.8268737792969,0.0,0.0,-0.006349840891510361
2021-08-27,2021,1.312000036239624,365.3438415527344,-2.999997138977051,-0.029999971389770508,0.009720029186065293
2021-08-30,2021,1.284999966621399,369.44384765625,-2.7000069618225098,-0.027000069618225098,0.011222321652091694
2021-08-31,2021,1.3040000200271606,369.1427001953125,1.9000053405761719,0.01900005340576172,-0.0008151373012380558
2021-09-01,2021,1.3020000457763672,369.7547302246094,-0.1999974250793457,-0.001999974250793457,0.0016579767904743026
2021-09-02,2021,1.2940000295639038,369.5798034667969,-0.8000016212463379,-0.008000016212463379,-0.00047308862744299685
2021-09-03,2021,1.3220000267028809,370.71661376953125,2.799999713897705,0.02799999713897705,0.003075953534448228
2021-09-07,2021,1.3700000047683716,371.24127197265625,4.799997806549072,0.04799997806549072,0.0014152540879950326
2021-09-08,2021,1.3339999914169312,369.94903564453125,-3.600001335144043,-0.03600001335144043,-0.0034808530885008793
2021-09-09,2021,1.2990000247955322,368.6763000488281,-3.4999966621398926,-0.034999966621398926,-0.0034402998063929324
2021-09-10,2021,1.340999960899353,365.8782043457031,4.19999361038208,0.0419999361038208,-0.007589573028573882
2021-09-13,2021,1.3240000009536743,365.6255798339844,-1.699995994567871,-0.01699995994567871,-0.0006904606743943775
2021-09-14,2021,1.2769999504089355,364.5860900878906,-4.700005054473877,-0.04700005054473877,-0.002843044369504333
2021-09-15,2021,1.3040000200271606,367.296630859375,2.7000069618225098,0.027000069618225098,0.007434569900434118
2021-09-16,2021,1.3309999704360962,367.54931640625,2.6999950408935547,0.026999950408935547,0.0006879604266551986
2021-09-17,2021,1.3700000047683716,363.19671630859375,3.900003433227539,0.03900003433227539,-0.0118422206310006
2021-09-20,2021,1.309000015258789,355.6919250488281,-6.099998950958252,-0.06099998950958252,-0.020663158345818
2021-09-21,2021,1.3240000009536743,356.1295471191406,1.4999985694885254,0.014999985694885254,0.0012303401890623178
2021-09-22,2021,1.3359999656677246,359.4559326171875,1.1999964714050293,0.011999964714050293,0.009340380558016559
2021-09-23,2021,1.409999966621399,362.77264404296875,7.400000095367432,0.07400000095367432,0.009227032091617904
2021-09-24,2021,1.4600000381469727,363.113037109375,5.000007152557373,0.05000007152557373,0.000938309632757095
2021-09-27,2021,1.4839999675750732,360.214599609375,2.3999929428100586,0.023999929428100586,-0.007982190678345047
2021-09-28,2021,1.534000039100647,350.0214538574219,5.000007152557373,0.05000007152557373,-0.028297425376447305
2021-09-29,2021,1.5410000085830688,349.44757080078125,0.6999969482421875,0.006999969482421875,-0.0016395653761108742
2021-09-30,2021,1.5290000438690186,348.1636962890625,-1.1999964714050293,-0.011999964714050293,-0.0036740118375316877
2021-10-01,2021,1.4789999723434448,350.32293701171875,-5.000007152557373,-0.05000007152557373,0.006201797446634183
2021-10-04,2021,1.4809999465942383,342.9698791503906,0.1999974250793457,0.001999974250793457,-0.020989370333699187
2021-10-05,2021,1.5290000438690186,347.5995178222656,4.800009727478027,0.04800009727478027,0.013498674237351738
2021-10-06,2021,1.5240000486373901,349.826904296875,-0.4999995231628418,-0.004999995231628418,0.006407910139128115
2021-10-07,2021,1.5709999799728394,353.03656005859375,4.699993133544922,0.04699993133544922,0.00917498260509686
2021-10-08,2021,1.6050000190734863,351.2760925292969,3.4000039100646973,0.03400003910064697,-0.004986643675104596
2021-10-11,2021,1.6139999628067017,348.5820007324219,0.8999943733215332,0.008999943733215332,-0.007669442510239488
2021-10-12,2021,1.5800000429153442,347.36614990234375,-3.399991989135742,-0.03399991989135742,-0.003487990853008549
2021-10-13,2021,1.5490000247955322,350.14794921875,-3.100001811981201,-0.03100001811981201,0.00800826251259168
2021-10-14,2021,1.5190000534057617,356.5964050292969,-2.999997138977051,-0.029999971389770508,0.01841637463516399
2021-10-15,2021,1.5759999752044678,358.8431701660156,5.6999921798706055,0.056999921798706055,0.00630058268964917
2021-10-18,2021,1.5839999914169312,362.45166015625,0.8000016212463379,0.008000016212463379,0.01005589708887289
2021-10-19,2021,1.6349999904632568,365.1944885253906,5.099999904632568,0.050999999046325684,0.007567432214155678
2021-10-20,2021,1.6360000371932983,364.7178955078125,0.10000467300415039,0.001000046730041504,-0.0013050389109171556
2021-10-21,2021,1.6759999990463257,366.9452819824219,3.9999961853027344,0.039999961853027344,0.006107148845844401
2021-10-22,2021,1.6549999713897705,363.862060546875,-2.1000027656555176,-0.021000027656555176,-0.008402401085223832
2021-10-25,2021,1.6349999904632568,367.5871887207031,-1.9999980926513672,-0.019999980926513672,0.010237748250612855
2021-10-26,2021,1.61899995803833,368.74462890625,-1.6000032424926758,-0.016000032424926758,0.003148750068181272
2021-10-27,2021,1.5290000438690186,369.6005859375,-8.999991416931152,-0.08999991416931152,0.002321273217697817
2021-10-28,2021,1.5679999589920044,373.7051086425781,3.899991512298584,0.03899991512298584,0.011105292743697648
2021-10-29,2021,1.5570000410079956,375.54327392578125,-1.099991798400879,-0.010999917984008789,0.0049187587771544194
2021-11-01,2021,1.5750000476837158,376.82720947265625,1.8000006675720215,0.018000006675720215,0.0034188750964789794
2021-11-02,2021,1.5490000247955322,378.40289306640625,-2.6000022888183594,-0.026000022888183594,0.004181448563534085
2021-11-03,2021,1.5789999961853027,382.4198303222656,2.999997138977051,0.029999971389770508,0.01061550355312546
2021-11-04,2021,1.5240000486373901,387.3218994140625,-5.49999475479126,-0.0549999475479126,0.012818553597667481
2021-11-05,2021,1.4529999494552612,387.6914978027344,-7.100009918212891,-0.0710000991821289,0.0009542408762091004
2021-11-08,2021,1.496999979019165,387.1662292480469,4.400002956390381,0.04400002956390381,-0.0013548621975578712
2021-11-09,2021,1.4320000410079956,384.5012512207031,-6.499993801116943,-0.06499993801116943,-0.0068832915322177834
2021-11-10,2021,1.559999942779541,378.85028076171875,12.799990177154541,0.1279999017715454,-0.014696884447173653
2021-11-11,2021,1.559999942779541,379.900634765625,0.0,0.0,0.002772477828957731
2021-11-12,2021,1.5820000171661377,383.89825439453125,2.200007438659668,0.02200007438659668,0.010522803236094891
2021-11-15,2021,1.6230000257492065,383.8107604980469,4.100000858306885,0.04100000858306885,-0.00022790907612324496
2021-11-16,2021,1.6339999437332153,386.5437927246094,1.099991798400879,0.010999917984008789,0.0071207806238053895
2021-11-17,2021,1.6039999723434448,386.74810791015625,-2.999997138977051,-0.029999971389770508,0.0005285693093315391
2021-11-18,2021,1.5889999866485596,390.75531005859375,-1.4999985694885254,-0.014999985694885254,0.010361271500695768
2021-11-19,2021,1.5360000133514404,392.9339599609375,-5.299997329711914,-0.05299997329711914,0.005575483803449854
2021-11-22,2021,1.625,388.3723449707031,8.899998664855957,0.08899998664855957,-0.011609113629903245
2021-11-23,2021,1.6670000553131104,386.6021423339844,4.200005531311035,0.04200005531311035,-0.00455800383225613
2021-11-24,2021,1.6449999809265137,387.84710693359375,-2.200007438659668,-0.02200007438659668,0.003220273411040475
2021-11-26,2021,1.4819999933242798,380.49407958984375,-16.29999876022339,-0.1629999876022339,-0.018958572108181193
2021-11-29,2021,1.5299999713897705,388.7516784667969,4.799997806549072,0.04799997806549072,0.021702305817358436
2021-11-30,2021,1.4429999589920044,383.0423889160156,-8.700001239776611,-0.08700001239776611,-0.014686211962603446
2021-12-01,2021,1.434000015258789,376.5257263183594,-0.8999943733215332,-0.008999943733215332,-0.01701290192998739
2021-12-02,2021,1.4479999542236328,379.2393798828125,1.399993896484375,0.01399993896484375,0.007207086726814138
2021-12-03,2021,1.343000054359436,372.6449279785156,-10.499989986419678,-0.10499989986419678,-0.01738862642992034
2021-12-06,2021,1.434000015258789,375.6308288574219,9.099996089935303,0.09099996089935303,0.008012723788040965
2021-12-07,2021,1.4800000190734863,386.9425354003906,4.600000381469727,0.046000003814697266,0.0301138928808804
2021-12-08,2021,1.5089999437332153,388.6737976074219,2.8999924659729004,0.028999924659729004,0.004474210118150523
2021-12-09,2021,1.4869999885559082,382.9548034667969,-2.199995517730713,-0.02199995517730713,-0.014714123194899398
2021-12-10,2021,1.4889999628067017,387.1175842285156,0.1999974250793457,0.001999974250793457,0.010870162024432473
2021-12-13,2021,1.4240000247955322,381.52496337890625,-6.499993801116943,-0.06499993801116943,-0.014446827210794044
2021-12-14,2021,1.437999963760376,377.57611083984375,1.399993896484375,0.01399993896484375,-0.01035018129374865
2021-12-15,2021,1.4630000591278076,386.1839599609375,2.500009536743164,0.02500009536743164,0.02279765290750868
2021-12-16,2021,1.4220000505447388,376.2533264160156,-4.100000858306885,-0.04100000858306885,-0.025714774756378733
2021-12-17,2021,1.4019999504089355,374.3761291503906,-2.0000100135803223,-0.020000100135803223,-0.0049891845037123295
2021-12-20,2021,1.4190000295639038,370.74456787109375,1.7000079154968262,0.01700007915496826,-0.009700301372147724
2021-12-21,2021,1.4869999885559082,379.0419616699219,6.7999958992004395,0.0679999589920044,0.02238035164338026
2021-12-22,2021,1.4570000171661377,383.658203125,-2.999997138977051,-0.029999971389770508,0.012178708222014833
2021-12-23,2021,1.4930000305175781,386.5505676269531,3.600001335144043,0.03600001335144043,0.007538909577311292
2021-12-27,2021,1.4809999465942383,392.9391784667969,-1.2000083923339844,-0.012000083923339844,0.01652723181617266
2021-12-28,2021,1.4809999465942383,391.1180419921875,0.0,0.0,-0.0046346523187512645
2021-12-29,2021,1.5429999828338623,391.0595703125,6.200003623962402,0.06200003623962402,-0.00014949880447767683
2021-12-30,2021,1.5149999856948853,389.8909912109375,-2.799999713897705,-0.02799999713897705,-0.002988238085130268
2021-12-31,2021,1.5119999647140503,387.4562683105469,-0.3000020980834961,-0.003000020980834961,-0.006244624665034615
2022-01-03,2022,1.628000020980835,391.1861572265625,11.600005626678467,0.11600005626678467,0.009626606203273713
2022-01-04,2022,1.6679999828338623,386.1123046875,3.9999961853027344,0.039999961853027344,-0.012970429667131356
2022-01-05,2022,1.7050000429153442,374.2506103515625,3.7000060081481934,0.037000060081481934,-0.030720840004147876
2022-01-06,2022,1.7330000400543213,373.9875793457031,2.799999713897705,0.02799999713897705,-0.0007028205127368459
2022-01-07,2022,1.7710000276565552,369.9363098144531,3.7999987602233887,0.03799998760223389,-0.010832631228924083
2022-01-10,2022,1.7799999713897705,370.1796875,0.8999943733215332,0.008999943733215332,0.0006578907749523744
2022-01-11,2022,1.746000051498413,375.7405700683594,-3.399991989135742,-0.03399991989135742,0.015022116977607913
2022-01-12,2022,1.725000023841858,377.2305908203125,-2.1000027656555176,-0.021000027656555176,0.003965557277144871
2022-01-13,2022,1.7109999656677246,367.79376220703125,-1.40000581741333,-0.0140000581741333,-0.025016074631594054
2022-01-14,2022,1.7719999551773071,370.0823669433594,6.099998950958252,0.06099998950958252,0.006222521889971189
2022-01-18,2022,1.8650000095367432,360.8695373535156,9.300005435943604,0.09300005435943604,-0.02489399769552858
2022-01-19,2022,1.8270000219345093,356.90582275390625,-3.7999987602233887,-0.03799998760223389,-0.010983788292793562
2022-01-20,2022,1.8329999446868896,352.2702331542969,0.5999922752380371,0.005999922752380371,-0.012988271146267327
2022-01-21,2022,1.746999979019165,342.50213623046875,-8.599996566772461,-0.08599996566772461,-0.02772898759103959
2022-01-24,2022,1.7350000143051147,344.0700988769531,-1.1999964714050293,-0.011999964714050293,0.004577964574881577
2022-01-25,2022,1.7829999923706055,336.093994140625,4.799997806549072,0.04799997806549072,-0.023181627122967563
2022-01-26,2022,1.8480000495910645,335.5682067871094,6.500005722045898,0.06500005722045898,-0.001564405680202774
2022-01-27,2022,1.8070000410079956,332.1888427734375,-4.100000858306885,-0.04100000858306885,-0.01007057267441247
2022-01-28,2022,1.781999945640564,342.6092834472656,-2.500009536743164,-0.02500009536743164,0.03136902668623098
2022-01-31,2022,1.781999945640564,353.5653991699219,0.0,0.0,0.03197845549431122
2022-02-01,2022,1.7999999523162842,355.97088623046875,1.8000006675720215,0.018000006675720215,0.006803513766319602
2022-02-02,2022,1.7660000324249268,358.8633117675781,-3.399991989135742,-0.03399991989135742,0.00812545533635789
2022-02-03,2022,1.8270000219345093,344.3135070800781,6.099998950958252,0.06099998950958252,-0.040544140931640715
2022-02-04,2022,1.9299999475479126,348.6570739746094,10.299992561340332,0.10299992561340332,0.012615151033041005
2022-02-07,2022,1.9160000085830688,345.8523864746094,-1.399993896484375,-0.01399993896484375,-0.008044258124544013
2022-02-08,2022,1.9539999961853027,349.73809814453125,3.7999987602233887,0.03799998760223389,0.01123517379634209
2022-02-09,2022,1.9290000200271606,357.1492919921875,-2.499997615814209,-0.02499997615814209,0.02119069637244242
2022-02-10,2022,2.0309998989105225,349.0660705566406,10.199987888336182,0.10199987888336182,-0.022632612234672167
2022-02-11,2022,1.9550000429153442,337.99310302734375,-7.599985599517822,-0.07599985599517822,-0.03172169529865587
2022-02-14,2022,1.996000051498413,338.411865234375,4.100000858306885,0.04100000858306885,0.001238966722339807
2022-02-15,2022,2.0450000762939453,346.8262023925781,4.900002479553223,0.04900002479553223,0.02486419071735435
2022-02-16,2022,2.046999931335449,346.7386169433594,0.19998550415039062,0.0019998550415039062,-0.0002525341182832985
2022-02-17,2022,1.972000002861023,336.4253234863281,-7.499992847442627,-0.07499992847442627,-0.029743711698302033
2022-02-18,2022,1.9320000410079956,332.5881652832031,-3.9999961853027344,-0.039999961853027344,-0.011405675896692502
2022-02-22,2022,1.9479999542236328,329.24774169921875,1.5999913215637207,0.015999913215637207,-0.010043723537606852
2022-02-23,2022,1.9769999980926514,320.8139953613281,2.9000043869018555,0.029000043869018555,-0.02561519873869078
2022-02-24,2022,1.968999981880188,331.5947570800781,-0.8000016212463379,-0.008000016212463379,0.033604399666566254
2022-02-25,2022,1.9859999418258667,336.7368469238281,1.699995994567871,0.01699995994567871,0.01550715062273511
2022-02-28,2022,1.8389999866485596,337.73992919921875,-14.699995517730713,-0.14699995517730713,0.002978831347249411
2022-03-01,2022,1.7070000171661377,332.5686340332031,-13.199996948242188,-0.13199996948242188,-0.015311471102267271
2022-03-02,2022,1.8650000095367432,338.14892578125,15.799999237060547,0.15799999237060547,0.016779368758780056
2022-03-03,2022,1.843999981880188,333.3185119628906,-2.1000027656555176,-0.021000027656555176,-0.0142848711028708
2022-03-04,2022,1.7239999771118164,328.488037109375,-12.000000476837158,-0.12000000476837158,-0.014492068937513536
2022-03-07,2022,1.7510000467300415,316.373046875,2.7000069618225098,0.027000069618225098,-0.036881069828248014
2022-03-08,2022,1.871999979019165,314.9025573730469,12.099993228912354,0.12099993228912354,-0.004647960742793944
2022-03-09,2022,1.9479999542236328,326.2384033203125,7.599997520446777,0.07599997520446777,0.035997948196516916
2022-03-10,2022,2.010999917984009,322.6156311035156,6.299996376037598,0.06299996376037598,-0.011104677376807537
2022-03-11,2022,2.003999948501587,315.9250793457031,-0.6999969482421875,-0.006999969482421875,-0.02073846122993883
2022-03-14,2022,2.140000104904175,309.85784912109375,13.600015640258789,0.1360001564025879,-0.01920464889072726
2022-03-15,2022,2.1600000858306885,319.57720947265625,1.9999980926513672,0.019999980926513672,0.03136715877661733
2022-03-16,2022,2.187999963760376,331.42926025390625,2.79998779296875,0.0279998779296875,0.03708665834089797
2022-03-17,2022,2.191999912261963,335.44158935546875,0.3999948501586914,0.003999948501586914,0.012106140231820994
2022-03-18,2022,2.1480000019073486,342.3073425292969,-4.399991035461426,-0.04399991035461426,0.020467805399504213
2022-03-21,2022,2.315000057220459,341.3557434082031,16.700005531311035,0.16700005531311035,-0.0027799553292150447
2022-03-22,2022,2.372999906539917,348.06427001953125,5.799984931945801,0.05799984931945801,0.01965259627492455
2022-03-23,2022,2.321000099182129,343.0621337890625,-5.199980735778809,-0.051999807357788086,-0.014371300536501708
2022-03-24,2022,2.3410000801086426,350.6872253417969,1.9999980926513672,0.019999980926513672,0.0222265613185475
2022-03-25,2022,2.492000102996826,350.3946838378906,15.10000228881836,0.1510000228881836,-0.0008341949257522074
2022-03-28,2022,2.4769999980926514,355.816162109375,-1.5000104904174805,-0.015000104904174805,0.01547249008490259
2022-03-29,2022,2.4000000953674316,361.939697265625,-7.699990272521973,-0.07699990272521973,0.0172098285809954
2022-03-30,2022,2.3580000400543213,357.9418640136719,-4.200005531311035,-0.04200005531311035,-0.011045578261118849
2022-03-31,2022,2.3269999027252197,353.5052490234375,-3.1000137329101562,-0.031000137329101562,-0.012394792105303809
2022-04-01,2022,2.377000093460083,352.8324279785156,5.000019073486328,0.05000019073486328,-0.0019032844541362337
2022-04-04,2022,2.4119999408721924,360.0967712402344,3.4999847412109375,0.034999847412109375,0.020588649697927064
2022-04-05,2022,2.555999994277954,352.10113525390625,14.400005340576172,0.14400005340576172,-0.022204131291679752
2022-04-06,2022,2.6089999675750732,344.4564514160156,5.299997329711914,0.05299997329711914,-0.02171161371683139
2022-04-07,2022,2.6519999504089355,345.2754821777344,4.2999982833862305,0.042999982833862305,0.0023777483578890646
2022-04-08,2022,2.7130000591278076,340.4489440917969,6.100010871887207,0.06100010871887207,-0.01397880340502422
2022-04-11,2022,2.7799999713897705,332.3948974609375,6.699991226196289,0.06699991226196289,-0.02365713499962485
2022-04-12,2022,2.7249999046325684,330.99072265625,-5.500006675720215,-0.05500006675720215,-0.004224417448683959
2022-04-13,2022,2.687000036239624,337.7187194824219,-3.7999868392944336,-0.037999868392944336,0.02032684412474972
2022-04-14,2022,2.828000068664551,329.99609375,14.100003242492676,0.14100003242492676,-0.022867034863383817
2022-04-18,2022,2.861999988555908,330.24951171875,3.399991989135742,0.03399991989135742,0.0007679423288629028
2022-04-19,2022,2.9130001068115234,337.6309814453125,5.100011825561523,0.051000118255615234,0.022351190432186918
2022-04-20,2022,2.8399999141693115,332.706787109375,-7.300019264221191,-0.07300019264221191,-0.014584545277386174
2022-04-21,2022,2.9170000553131104,325.8227233886719,7.700014114379883,0.07700014114379883,-0.02069108292173205
2022-04-22,2022,2.9059998989105225,317.2908020019531,-1.100015640258789,-0.01100015640258789,-0.02618577764614982
2022-04-25,2022,2.8259999752044678,321.3666076660156,-7.999992370605469,-0.07999992370605469,0.012845647079417821
2022-04-26,2022,2.7720000743865967,309.2366638183594,-5.399990081787109,-0.053999900817871094,-0.03774487939413562
2022-04-27,2022,2.818000078201294,308.8660888671875,4.600000381469727,0.046000003814697266,-0.00119835386462952
2022-04-28,2022,2.86299991607666,319.8357238769531,4.499983787536621,0.04499983787536621,0.03551582839669587
2022-04-29,2022,2.88700008392334,305.4435729980469,2.4000167846679688,0.024000167846679688,-0.04499857209335123
2022-05-02,2022,2.996000051498413,310.543212890625,10.899996757507324,0.10899996757507324,0.01669584939215829
2022-05-03,2022,2.9600000381469727,310.87481689453125,-3.600001335144043,-0.03600001335144043,0.001067819195980979
2022-05-04,2022,2.9170000553131104,321.38616943359375,-4.2999982833862305,-0.042999982833862305,0.033812171227200594
2022-05-05,2022,3.065999984741211,305.1998291015625,14.899992942810059,0.14899992942810059,-0.05036414715841009
2022-05-06,2022,3.122999906539917,301.543212890625,5.6999921798706055,0.056999921798706055,-0.011981055892795633
2022-05-09,2022,3.0789999961853027,289.74481201171875,-4.399991035461426,-0.04399991035461426,-0.03912673333219985
2022-05-10,2022,2.993000030517578,293.2648620605469,-8.599996566772461,-0.08599996566772461,0.012148794052214917
2022-05-11,2022,2.9210000038146973,284.567138671875,-7.200002670288086,-0.07200002670288086,-0.02965825270562472
2022-05-12,2022,2.816999912261963,283.8943176269531,-10.400009155273438,-0.10400009155273438,-0.0023643666238556404
2022-05-13,2022,2.934999942779541,294.41546630859375,11.800003051757812,0.11800003051757812,0.037060089013355224
2022-05-16,2022,2.877000093460083,291.00262451171875,-5.799984931945801,-0.05799984931945801,-0.01159192429550493
2022-05-17,2022,2.9679999351501465,298.5400695800781,9.099984169006348,0.09099984169006348,0.025901639481797245
2022-05-18,2022,2.885999917984009,283.8845520019531,-8.20000171661377,-0.0820000171661377,-0.04909062156627497
2022-05-19,2022,2.8550000190734863,282.3634338378906,-3.099989891052246,-0.03099989891052246,-0.005358228030851175
2022-05-20,2022,2.7869999408721924,281.48590087890625,-6.8000078201293945,-0.06800007820129395,-0.003107813738687515
2022-05-23,2022,2.8589999675750732,286.166259765625,7.200002670288086,0.07200002670288086,0.016627329724525852
2022-05-24,2022,2.759999990463257,280.0818176269531,-9.89999771118164,-0.0989999771118164,-0.02126191306988856
2022-05-25,2022,2.749000072479248,284.0016784667969,-1.099991798400879,-0.010999917984008789,0.013995413458308459
2022-05-26,2022,2.75600004196167,291.8704833984375,0.6999969482421875,0.006999969482421875,0.027706895868083947
2022-05-27,2022,2.743000030517578,301.3970642089844,-1.3000011444091797,-0.013000011444091797,0.03263975411155906
2022-05-31,2022,2.8440001010894775,300.59747314453125,10.100007057189941,0.10100007057189941,-0.0026529490808135936
2022-06-01,2022,2.930999994277954,298.37420654296875,8.699989318847656,0.08699989318847656,-0.007396158651318818
2022-06-02,2022,2.9130001068115234,306.54541015625,-1.7999887466430664,-0.017999887466430664,0.027385757327869076
2022-06-03,2022,2.9570000171661377,298.5693054199219,4.399991035461426,0.04399991035461426,-0.02601932526819628
2022-06-06,2022,3.0380001068115234,299.5638732910156,8.100008964538574,0.08100008964538574,0.0033311122511234803
2022-06-07,2022,2.9719998836517334,302.1478271484375,-6.600022315979004,-0.06600022315979004,0.008625719213183114
2022-06-08,2022,3.0290000438690186,299.97344970703125,5.700016021728516,0.057000160217285156,-0.007196402707665417
2022-06-09,2022,3.0439999103546143,291.9386901855469,1.4999866485595703,0.014999866485595703,-0.026784902228285556
2022-06-10,2022,3.1559998989105225,281.6418762207031,11.19999885559082,0.1119999885559082,-0.035270467091221835
2022-06-13,2022,3.365999937057495,268.54656982421875,21.000003814697266,0.21000003814697266,-0.046496304357177665
2022-06-14,2022,3.4830000400543213,269.03411865234375,11.700010299682617,0.11700010299682617,0.0018155094233529567
2022-06-15,2022,3.3949999809265137,275.7524719238281,-8.800005912780762,-0.08800005912780762,0.024972123629293685
2022-06-16,2022,3.306999921798706,264.6268005371094,-8.800005912780762,-0.08800005912780762,-0.04034658804361335
2022-06-17,2022,3.239000082015991,267.8444519042969,-6.799983978271484,-0.06799983978271484,0.012159204436801963
2022-06-21,2022,3.306999921798706,274.6021423339844,6.799983978271484,0.06799983978271484,0.025229906319292006
2022-06-22,2022,3.1559998989105225,274.2015380859375,-15.10000228881836,-0.1510000228881836,-0.0014588533237284151
2022-06-23,2022,3.068000078201294,278.2851867675781,-8.799982070922852,-0.08799982070922852,0.014892872994610062
2022-06-24,2022,3.125,287.8203430175781,5.6999921798706055,0.056999921798706055,0.03426397344664878
2022-06-27,2022,3.194000005722046,285.7100524902344,6.90000057220459,0.0690000057220459,-0.0073319714138999625
2022-06-28,2022,3.2060000896453857,277.0054016113281,1.2000083923339844,0.012000083923339844,-0.030466729479893928
2022-06-29,2022,3.0929999351501465,277.2593994140625,-11.300015449523926,-0.11300015449523926,0.0009169416959267096
2022-06-30,2022,2.9719998836517334,273.8205261230469,-12.100005149841309,-0.12100005149841309,-0.012403090024298735
2022-07-01,2022,2.8889999389648438,275.6279296875,-8.299994468688965,-0.08299994468688965,0.00660068691724347
2022-07-05,2022,2.809000015258789,280.3465881347656,-7.999992370605469,-0.07999992370605469,0.01711966727252756
2022-07-06,2022,2.9130001068115234,282.1441650390625,10.400009155273438,0.10400009155273438,0.006411980670985695
2022-07-07,2022,3.007999897003174,288.1817321777344,9.499979019165039,0.09499979019165039,0.021398872940845637
2022-07-08,2022,3.1010000705718994,288.54327392578125,9.300017356872559,0.09300017356872559,0.0012545616452326325
2022-07-11,2022,2.990999937057495,282.37872314453125,-11.00001335144043,-0.1100001335144043,-0.021364389117022542
2022-07-12,2022,2.9579999446868896,279.6431884765625,-3.299999237060547,-0.03299999237060547,-0.009687467375396386
2022-07-13,2022,2.9040000438690186,279.0668640136719,-5.399990081787109,-0.053999900817871094,-0.002060927949042224
2022-07-14,2022,2.9600000381469727,280.0633239746094,5.59999942779541,0.0559999942779541,0.0035706853425947482
2022-07-15,2022,2.930000066757202,285.1434326171875,-2.999997138977051,-0.029999971389770508,0.018139142856987256
2022-07-18,2022,2.9600000381469727,282.7303161621094,2.999997138977051,0.029999971389770508,-0.0084628161796656
2022-07-19,2022,3.0190000534057617,291.4252014160156,5.900001525878906,0.05900001525878906,0.030753282392684156
2022-07-20,2022,3.0360000133514404,296.0462341308594,1.699995994567871,0.01699995994567871,0.015856668168677368
2022-07-21,2022,2.9100000858306885,300.2960510253906,-12.599992752075195,-0.12599992752075195,0.014355247270778415
2022-07-22,2022,2.7829999923706055,295.0301818847656,-12.7000093460083,-0.127000093460083,-0.017535592368411623
2022-07-25,2022,2.819999933242798,293.349853515625,3.6999940872192383,0.03699994087219238,-0.0056954456605288195
2022-07-26,2022,2.7869999408721924,287.5858154296875,-3.299999237060547,-0.03299999237060547,-0.01964902322894968
2022-07-27,2022,2.7339999675750732,299.7391357421875,-5.299997329711914,-0.05299997329711914,0.04225980441469779
2022-07-28,2022,2.680999994277954,302.6699523925781,-5.299997329711914,-0.05299997329711914,0.009777891175717146
2022-07-29,2022,2.6419999599456787,308.18975830078125,-3.900003433227539,-0.03900003433227539,0.018237046210136
2022-08-01,2022,2.6059999465942383,308.004150390625,-3.600001335144043,-0.03600001335144043,-0.0006022520384181274
2022-08-02,2022,2.740999937057495,307.0858459472656,13.499999046325684,0.13499999046325684,-0.0029814677568297254
2022-08-03,2022,2.747999906539917,315.448486328125,0.6999969482421875,0.006999969482421875,0.02723225603271673
2022-08-04,2022,2.6760001182556152,316.9237060546875,-7.199978828430176,-0.07199978828430176,0.004676578872621295
2022-08-05,2022,2.8399999141693115,314.3348693847656,16.39997959136963,0.1639997959136963,-0.008168643179614854
2022-08-08,2022,2.765000104904175,313.3188171386719,-7.499980926513672,-0.07499980926513672,-0.0032323879564568614
2022-08-09,2022,2.796999931335449,309.77239990234375,3.1999826431274414,0.031999826431274414,-0.011318877266022986
2022-08-10,2022,2.7860000133514404,318.41845703125,-1.099991798400879,-0.010999917984008789,0.027910998951591326
2022-08-11,2022,2.888000011444092,316.6111755371094,10.199999809265137,0.10199999809265137,-0.005675806330420308
2022-08-12,2022,2.8489999771118164,322.7757263183594,-3.900003433227539,-0.03900003433227539,0.019470414368009115
2022-08-15,2022,2.7909998893737793,325.3841857910156,-5.800008773803711,-0.05800008773803711,0.00808133716376025
2022-08-16,2022,2.8239998817443848,324.62213134765625,3.299999237060547,0.03299999237060547,-0.002342014383725499
2022-08-17,2022,2.8929998874664307,320.91949462890625,6.90000057220459,0.0690000057220459,-0.01140598979921259
2022-08-18,2022,2.880000114440918,321.6912841796875,-1.2999773025512695,-0.012999773025512695,0.002404931964864687
2022-08-19,2022,2.989000082015991,315.41925048828125,10.899996757507324,0.10899996757507324,-0.019497058204109963
2022-08-22,2022,3.0369999408721924,307.1151123046875,4.799985885620117,0.04799985885620117,-0.026327303012541603
2022-08-23,2022,3.053999900817871,306.8611145019531,1.699995994567871,0.01699995994567871,-0.0008270442988894677
2022-08-24,2022,3.1059999465942383,307.75018310546875,5.200004577636719,0.05200004577636719,0.0028972996626133174
2022-08-25,2022,3.0260000228881836,313.1916809082031,-7.999992370605469,-0.07999992370605469,0.017681542047594867
2022-08-26,2022,3.0350000858306885,300.3545837402344,0.9000062942504883,0.009000062942504883,-0.040987988987265966
2022-08-29,2022,3.109999895095825,297.3944091796875,7.499980926513672,0.07499980926513672,-0.009855599750417054
2022-08-30,2022,3.109999895095825,294.08258056640625,0.0,0.0,-0.011136149540996287
2022-08-31,2022,3.132999897003174,292.3728942871094,2.3000001907348633,0.023000001907348633,-0.005813626485472234
2022-09-01,2022,3.265000104904175,292.4998779296875,13.200020790100098,0.13200020790100098,0.00043432084526084935
2022-09-02,2022,3.193000078201294,288.36737060546875,-7.200002670288086,-0.07200002670288086,-0.014128236064468225
2022-09-06,2022,3.3399999141693115,286.2962646484375,14.699983596801758,0.14699983596801758,-0.007182178596290778
2022-09-07,2022,3.265000104904175,292.07977294921875,-7.499980926513672,-0.07499980926513672,0.020201130838654935
2022-09-08,2022,3.2920000553131104,293.5941467285156,2.6999950408935547,0.026999950408935547,0.005184795112670004
2022-09-09,2022,3.321000099182129,300.01263427734375,2.9000043869018555,0.029000043869018555,0.02186176945401863
2022-09-12,2022,3.361999988555908,303.57855224609375,4.09998893737793,0.0409998893737793,0.011885892663618725
2022-09-13,2022,3.421999931335449,286.93133544921875,5.999994277954102,0.059999942779541016,-0.05483660381705768
2022-09-14,2022,3.4119999408721924,289.20758056640625,-0.9999990463256836,-0.009999990463256836,0.007933065636152259
2022-09-15,2022,3.4590001106262207,284.3912353515625,4.700016975402832,0.04700016975402832,-0.0166535925697765
2022-09-16,2022,3.447999954223633,282.6522216796875,-1.100015640258789,-0.01100015640258789,-0.0061148638062816785
2022-09-19,2022,3.490000009536743,284.8533630371094,4.200005531311035,0.04200005531311035,0.007787454647769643
2022-09-20,2022,3.571000099182129,282.5827331542969,8.100008964538574,0.08100008964538574,-0.00797122371525838
2022-09-21,2022,3.509999990463257,277.5227355957031,-6.100010871887207,-0.06100010871887207,-0.01790625174479743
2022-09-22,2022,3.7079999446868896,274.10711669921875,19.79999542236328,0.1979999542236328,-0.012307528207203378
2022-09-23,2022,3.697000026702881,269.6441650390625,-1.099991798400879,-0.010999917984008789,-0.016281779597329793
2022-09-26,2022,3.878000020980835,268.5284423828125,18.09999942779541,0.1809999942779541,-0.004137759317314971
2022-09-27,2022,3.9639999866485596,268.6361389160156,8.599996566772461,0.08599996566772461,0.0004010619219605438
2022-09-28,2022,3.7049999237060547,273.9798889160156,-25.90000629425049,-0.2590000629425049,0.019892148619924166
2022-09-29,2022,3.746999979019165,266.08172607421875,4.200005531311035,0.04200005531311035,-0.028827527717619983
2022-09-30,2022,3.803999900817871,261.56988525390625,5.6999921798706055,0.056999921798706055,-0.016956597835110276
2022-10-03,2022,3.6510000228881836,267.7064208984375,-15.29998779296875,-0.1529998779296875,0.02346040576717967
2022-10-04,2022,3.617000102996826,276.1232604980469,-3.399991989135742,-0.03399991989135742,0.03144055929387868
2022-10-05,2022,3.759000062942505,275.9764099121094,14.199995994567871,0.1419999599456787,-0.0005318298272757316
2022-10-06,2022,3.8259999752044678,273.8036804199219,6.699991226196289,0.06699991226196289,-0.007872881210678306
2022-10-07,2022,3.882999897003174,263.3706970214844,5.6999921798706055,0.056999921798706055,-0.03810388298081624
2022-10-10,2022,3.888000011444092,260.7379455566406,0.5000114440917969,0.005000114440917969,-0.009996372013356458
2022-10-11,2022,3.938999891281128,257.1558837890625,5.099987983703613,0.05099987983703613,-0.013738168259057604
2022-10-12,2022,3.9019999504089355,257.0677490234375,-3.6999940872192383,-0.03699994087219238,-0.0003427289483964868
2022-10-13,2022,3.9519999027252197,263.09661865234375,4.999995231628418,0.04999995231628418,0.023452454272498313
2022-10-14,2022,4.010000228881836,255.18862915039062,5.800032615661621,0.05800032615661621,-0.030057358937032763
2022-10-17,2022,4.014999866485596,263.6153259277344,0.49996376037597656,0.004999637603759766,0.03302144302196797
2022-10-18,2022,3.997999906539917,265.6999206542969,-1.699995994567871,-0.01699995994567871,0.007907714467003224
2022-10-19,2022,4.126999855041504,264.7310791015625,12.899994850158691,0.12899994850158691,-0.003646375017156811
2022-10-20,2022,4.22599983215332,263.38043212890625,9.89999771118164,0.0989999771118164,-0.005101958475144053
2022-10-21,2022,4.2129998207092285,269.55609130859375,-1.3000011444091797,-0.013000011444091797,0.023447676540620632
2022-10-24,2022,4.234000205993652,272.5216064453125,2.100038528442383,0.021000385284423828,0.011001476992496428
2022-10-25,2022,4.107999801635742,278.158935546875,-12.600040435791016,-0.12600040435791016,0.020685806072751722
2022-10-26,2022,4.014999866485596,272.01263427734375,-9.299993515014648,-0.09299993515014648,-0.022096364646518762
2022-10-27,2022,3.937000036239624,267.0604248046875,-7.799983024597168,-0.07799983024597168,-0.018205806821483872
2022-10-28,2022,4.010000228881836,275.2325744628906,7.300019264221191,0.07300019264221191,0.030600376915373317
2022-10-31,2022,4.077000141143799,272.0322265625,6.699991226196289,0.06699991226196289,-0.011627794808212744
2022-11-01,2022,4.052000045776367,269.2526550292969,-2.500009536743164,-0.02500009536743164,-0.010217802384396957
2022-11-02,2022,4.059000015258789,260.0234069824219,0.6999969482421875,0.006999969482421875,-0.034277277770467185
2022-11-03,2022,4.124000072479248,254.9440155029297,6.500005722045898,0.06500005722045898,-0.019534362457744314
2022-11-04,2022,4.156000137329102,259.04473876953125,3.2000064849853516,0.032000064849853516,0.016084799082308532
2022-11-07,2022,4.214000225067139,261.89276123046875,5.800008773803711,0.05800008773803711,0.010994326595728854
2022-11-08,2022,4.125999927520752,263.80126953125,-8.800029754638672,-0.08800029754638672,0.007287365606496232
2022-11-09,2022,4.151000022888184,257.7137145996094,2.500009536743164,0.02500009536743164,-0.023076291264472082
2022-11-10,2022,3.8289999961853027,276.73004150390625,-32.200002670288086,-0.32200002670288086,0.07378857168638131
2022-11-11,2022,3.812999963760376,281.8291320800781,-1.6000032424926758,-0.016000032424926758,0.018426227049512134
2022-11-14,2022,3.865000009536743,279.3627624511719,5.200004577636719,0.05200004577636719,-0.008751294128832132
2022-11-15,2022,3.7990000247955322,283.228759765625,-6.599998474121094,-0.06599998474121094,0.01383862788487722
2022-11-16,2022,3.691999912261963,279.3627624511719,-10.700011253356934,-0.10700011253356934,-0.01364973429129257
2022-11-17,2022,3.7750000953674316,278.74615478515625,8.300018310546875,0.08300018310546875,-0.0022071934734801957
2022-11-18,2022,3.818000078201294,278.75604248046875,4.2999982833862305,0.042999982833862305,3.5472042009487836e-05
2022-11-21,2022,3.825000047683716,275.88836669921875,0.6999969482421875,0.006999969482421875,-0.010287403120421756
2022-11-22,2022,3.757999897003174,279.8619079589844,-6.700015068054199,-0.06700015068054199,0.01440271406622129
2022-11-23,2022,3.7060000896453857,282.67083740234375,-5.199980735778809,-0.051999807357788086,0.01003684089715784
2022-11-25,2022,3.690999984741211,280.8113098144531,-1.5000104904174805,-0.015000104904174805,-0.006578420345653924
2022-11-28,2022,3.703000068664551,276.69097900390625,1.2000083923339844,0.012000083923339844,-0.014672951788406885
2022-11-29,2022,3.747999906539917,274.5964660644531,4.499983787536621,0.04499983787536621,-0.00756986348811739
2022-11-30,2022,3.703000068664551,287.11407470703125,-4.499983787536621,-0.04499983787536621,0.04558546882260317
2022-12-01,2022,3.5290000438690186,287.4665222167969,-17.400002479553223,-0.17400002479553223,0.0012275521850513282
2022-12-02,2022,3.50600004196167,286.3214111328125,-2.3000001907348633,-0.023000001907348633,-0.003983458926465122
2022-12-05,2022,3.5989999771118164,281.515869140625,9.299993515014648,0.09299993515014648,-0.016783732565352594
2022-12-06,2022,3.513000011444092,275.6827697753906,-8.599996566772461,-0.08599996566772461,-0.020720321675083198
2022-12-07,2022,3.4079999923706055,274.5572814941406,-10.500001907348633,-0.10500001907348633,-0.004082548510982331
2022-12-08,2022,3.490999937057495,277.806640625,8.299994468688965,0.08299994468688965,0.011834904225363596
2022-12-09,2022,3.566999912261963,276.0351257324219,7.599997520446777,0.07599997520446777,-0.0063767910248387905
2022-12-12,2022,3.6110000610351562,279.499755859375,4.400014877319336,0.04400014877319336,0.012551410324175949
2022-12-13,2022,3.500999927520752,282.5044250488281,-11.00001335144043,-0.1100001335144043,0.01075016749197033
2022-12-14,2022,3.503000020980835,280.4100036621094,0.20000934600830078,0.002000093460083008,-0.007413764886538554
2022-12-15,2022,3.450000047683716,270.99481201171875,-5.299997329711914,-0.05299997329711914,-0.03357651841029119
2022-12-16,2022,3.4820001125335693,268.41107177734375,3.2000064849853516,0.032000064849853516,-0.009534279328798578
2022-12-19,2022,3.5810000896453857,264.638916015625,9.89999771118164,0.0989999771118164,-0.014053651873376816
2022-12-20,2022,3.684000015258789,264.432861328125,10.299992561340332,0.10299992561340332,-0.0007786257992676848
2022-12-21,2022,3.684000015258789,268.2687683105469,0.0,0.0,0.014506166000533671
2022-12-22,2022,3.6689999103546143,261.70550537109375,-1.5000104904174805,-0.015000104904174805,-0.024465251698086332
2022-12-23,2022,3.750999927520752,262.294189453125,8.20000171661377,0.0820000171661377,0.002249414207761813
2022-12-27,2022,3.859999895095825,258.5857849121094,10.899996757507324,0.10899996757507324,-0.014138340421293805
2022-12-28,2022,3.88700008392334,255.17173767089844,2.700018882751465,0.02700018882751465,-0.013202764577222692
2022-12-29,2022,3.8350000381469727,261.3916320800781,-5.200004577636719,-0.05200004577636719,0.024375326460337243
2022-12-30,2022,3.878999948501587,261.2345886230469,4.399991035461426,0.04399991035461426,-0.000600797568696243
2023-01-03,2023,3.7929999828338623,259.46875,-8.599996566772461,-0.08599996566772461,-0.006759589656004206
2023-01-04,2023,3.7090001106262207,260.704833984375,-8.39998722076416,-0.0839998722076416,0.004763903107310563
2023-01-05,2023,3.7200000286102295,256.6236877441406,1.099991798400879,0.010999917984008789,-0.015654279124256543
2023-01-06,2023,3.569000005722046,263.706787109375,-15.10000228881836,-0.1510000228881836,0.027601112849318765
2023-01-09,2023,3.5169999599456787,265.4139099121094,-5.200004577636719,-0.05200004577636719,0.006473564148450794
2023-01-10,2023,3.621000051498413,267.6604919433594,10.400009155273438,0.10400009155273438,0.008464447217532589
2023-01-11,2023,3.553999900817871,272.29107666015625,-6.700015068054199,-0.06700015068054199,0.01730021746271304
2023-01-12,2023,3.4489998817443848,273.7626953125,-10.500001907348633,-0.10500001907348633,0.005404579064412163
2023-01-13,2023,3.510999917984009,275.6462707519531,6.200003623962402,0.06200003623962402,0.006880321795864175
2023-01-17,2023,3.5350000858306885,276.2055358886719,2.4000167846679688,0.024000167846679688,0.0020289232834280746
2023-01-18,2023,3.375,272.6147766113281,-16.000008583068848,-0.16000008583068848,-0.013000316108041532
2023-01-19,2023,3.3970000743865967,269.93658447265625,2.200007438659668,0.02200007438659668,-0.009824090139069153
2023-01-20,2023,3.4839999675750732,277.3238830566406,8.699989318847656,0.08699989318847656,0.027366792828086295
2023-01-23,2023,3.5250000953674316,283.48492431640625,4.10001277923584,0.0410001277923584,0.022216050027351164
2023-01-24,2023,3.4690001010894775,282.9061279296875,-5.59999942779541,-0.0559999942779541,-0.0020417184021847
2023-01-25,2023,3.4619998931884766,282.2781982421875,-0.7000207901000977,-0.0070002079010009766,-0.0022195690566875204
2023-01-26,2023,3.493000030517578,287.7818603515625,3.1000137329101562,0.031000137329101562,0.019497297855971762
2023-01-27,2023,3.5179998874664307,290.6466064453125,2.499985694885254,0.02499985694885254,0.009954574934814664
2023-01-30,2023,3.5510001182556152,284.77008056640625,3.300023078918457,0.03300023078918457,-0.020218800937598314
2023-01-31,2023,3.5290000438690186,289.0376892089844,-2.200007438659668,-0.02200007438659668,0.01498615526634639
2023-02-01,2023,3.3970000743865967,295.21832275390625,-13.199996948242188,-0.13199996948242188,0.021383486568262278
2023-02-02,2023,3.3959999084472656,305.8136291503906,-0.10001659393310547,-0.0010001659393310547,0.03588973169973797
2023-02-03,2023,3.5320000648498535,300.3786315917969,13.600015640258789,0.1360001564025879,-0.01777225421147255
2023-02-06,2023,3.634000062942505,297.8376770019531,10.199999809265137,0.10199999809265137,-0.008459172266610526
2023-02-07,2023,3.6740000247955322,304.0085144042969,3.9999961853027344,0.039999961853027344,0.02071879375524177
2023-02-08,2023,3.6530001163482666,298.6029357910156,-2.0999908447265625,-0.020999908447265625,-0.017781010587395785
2023-02-09,2023,3.683000087738037,295.9638671875,2.999997138977051,0.029999971389770508,-0.008838053103947474
2023-02-10,2023,3.74399995803833,294.0214538574219,6.099987030029297,0.06099987030029297,-0.0065630083446894805
2023-02-13,2023,3.7170000076293945,298.7304382324219,-2.6999950408935547,-0.026999950408935547,0.016015784947732037
2023-02-14,2023,3.760999917984009,300.9378356933594,4.399991035461426,0.04399991035461426,0.007389261951338488
2023-02-15,2023,3.809000015258789,303.2432861328125,4.800009727478027,0.04800009727478027,0.007660885957198937
2023-02-16,2023,3.8429999351501465,297.5531921386719,3.399991989135742,0.03399991989135742,-0.01876412192568222
2023-02-17,2023,3.828000068664551,295.4537658691406,-1.4999866485595703,-0.014999866485595703,-0.007055633496792835
2023-02-21,2023,3.9549999237060547,288.4587707519531,12.69998550415039,0.1269998550415039,-0.02367543055885657
2023-02-22,2023,3.9230000972747803,288.6746826171875,-3.1999826431274414,-0.031999826431274414,0.0007485016478143702
2023-02-23,2023,3.878999948501587,291.1959228515625,-4.400014877319336,-0.04400014877319336,0.008733846042600302
2023-02-24,2023,3.9489998817443848,286.3201599121094,6.999993324279785,0.06999993324279785,-0.016743925847954144
2023-02-27,2023,3.921999931335449,288.37054443359375,-2.6999950408935547,-0.026999950408935547,0.007161160157614477
2023-02-28,2023,3.9159998893737793,287.9977722167969,-0.6000041961669922,-0.006000041961669922,-0.0012926847904284333
2023-03-01,2023,3.99399995803833,285.6824035644531,7.800006866455078,0.07800006866455078,-0.008039536676001768
2023-03-02,2023,4.072999954223633,288.0468444824219,7.899999618530273,0.07899999618530273,0.008276466763327717
2023-03-03,2023,3.9639999866485596,294.0018310546875,-10.899996757507324,-0.10899996757507324,0.020673674044115575
2023-03-06,2023,3.9830000400543213,294.3352966308594,1.9000053405761719,0.01900005340576172,0.0011342295895764298
2023-03-07,2023,3.9749999046325684,290.72509765625,-0.800013542175293,-0.00800013542175293,-0.012265599864963228
2023-03-08,2023,3.9760000705718994,292.1770324707031,0.10001659393310547,0.0010001659393310547,0.004994184630629617
2023-03-09,2023,3.924999952316284,287.11474609375,-5.100011825561523,-0.051000118255615234,-0.017326092794308634
2023-03-10,2023,3.694999933242798,283.0827331542969,-23.000001907348633,-0.23000001907348633,-0.01404321092632621
2023-03-13,2023,3.515000104904175,285.1820983886719,-17.999982833862305,-0.17999982833862305,0.007416083669189222
2023-03-14,2023,3.638000011444092,291.7354736328125,12.2999906539917,0.12299990653991699,0.02297961646670088
2023-03-15,2023,3.492000102996826,293.2659912109375,-14.599990844726562,-0.14599990844726562,0.005246251198273377
2023-03-16,2023,3.5850000381469727,300.9967346191406,9.299993515014648,0.09299993515014648,0.026360858878596183
2023-03-17,2023,3.3949999809265137,299.57421875,-19.0000057220459,-0.19000005722045898,-0.004726017612584954
2023-03-20,2023,3.4809999465942383,300.6372985839844,8.599996566772461,0.08599996566772461,0.0035486359220768815
2023-03-21,2023,3.6059999465942383,304.9311218261719,12.5,0.125,0.01428240362194444
2023-03-22,2023,3.5,300.78466796875,-10.599994659423828,-0.10599994659423828,-0.013598001517816871
2023-03-23,2023,3.4059998989105225,304.35137939453125,-9.400010108947754,-0.09400010108947754,0.011858022717274208
2023-03-24,2023,3.380000114440918,305.4715576171875,-2.599978446960449,-0.025999784469604492,0.003680542617827909
2023-03-27,2023,3.5280001163482666,303.37872314453125,14.800000190734863,0.14800000190734863,-0.006851159855867706
2023-03-28,2023,3.563999891281128,301.7672424316406,3.599977493286133,0.03599977493286133,-0.005311778941474721
2023-03-29,2023,3.565999984741211,307.26959228515625,0.20000934600830078,0.002000093460083008,0.018233754628824705
2023-03-30,2023,3.5510001182556152,310.1780090332031,-1.4999866485595703,-0.014999866485595703,0.009465358177543903
2023-03-31,2023,3.49399995803833,315.3365173339844,-5.700016021728516,-0.057000160217285156,0.016630799574927524
2023-04-03,2023,3.430000066757202,314.5701599121094,-6.399989128112793,-0.06399989128112793,-0.0024302844096655285
2023-04-04,2023,3.3369998931884766,313.509033203125,-9.300017356872559,-0.09300017356872559,-0.003373259273164564
2023-04-05,2023,3.2869999408721924,310.4138488769531,-4.999995231628418,-0.04999995231628418,-0.009872711782969557
2023-04-06,2023,3.2880001068115234,312.50677490234375,0.10001659393310547,0.0010001659393310547,0.006742373231615195
2023-04-10,2023,3.4149999618530273,312.329833984375,12.69998550415039,0.1269998550415039,-0.0005661986624899695
2023-04-11,2023,3.434000015258789,310.3254089355469,1.9000053405761719,0.01900005340576172,-0.006417654769823922
2023-04-12,2023,3.4210000038146973,307.5841064453125,-1.3000011444091797,-0.013000011444091797,-0.00883363853329755
2023-04-13,2023,3.4519999027252197,313.60723876953125,3.099989891052246,0.03099989891052246,0.019582066166639267
2023-04-14,2023,3.5220000743865967,313.0176696777344,7.000017166137695,0.07000017166137695,-0.0018799600867317467
2023-04-17,2023,3.5910000801086426,313.28302001953125,6.90000057220459,0.0690000057220459,0.0008477168144216396
2023-04-18,2023,3.572000026702881,313.3025817871094,-1.9000053405761719,-0.01900005340576172,6.244119958020988e-05
2023-04-19,2023,3.6019999980926514,313.1552429199219,2.999997138977051,0.029999971389770508,-0.00047027658165810227
2023-04-20,2023,3.5450000762939453,310.7676086425781,-5.6999921798706055,-0.056999921798706055,-0.007624442928309216
2023-04-21,2023,3.569999933242798,311.0918273925781,2.499985694885254,0.02499985694885254,0.0010432836015830116
2023-04-24,2023,3.515000104904175,310.443359375,-5.499982833862305,-0.05499982833862305,-0.00208449068885308
2023-04-25,2023,3.3959999084472656,304.5872497558594,-11.900019645690918,-0.11900019645690918,-0.018863697490358433
2023-04-26,2023,3.431999921798706,306.4344787597656,3.600001335144043,0.03600001335144043,0.006064695765784389
2023-04-27,2023,3.5280001163482666,314.7667236328125,9.600019454956055,0.09600019454956055,0.027190950922918455
2023-04-28,2023,3.4519999027252197,316.9381408691406,-7.6000213623046875,-0.07600021362304688,0.006898496801908349
2023-05-01,2023,3.5739998817443848,316.5746154785156,12.199997901916504,0.12199997901916504,-0.0011469916168123095
2023-05-02,2023,3.438999891281128,313.8135986328125,-13.499999046325684,-0.13499999046325684,-0.008721535810853775
2023-05-03,2023,3.4030001163482666,311.760009765625,-3.599977493286133,-0.03599977493286133,-0.006543976666831375
2023-05-04,2023,3.3510000705718994,310.6595153808594,-5.200004577636719,-0.05200004577636719,-0.003529940820803046
2023-05-05,2023,3.446000099182129,317.26239013671875,9.50000286102295,0.09500002861022949,0.021254377957051984
2023-05-08,2023,3.5209999084472656,318.0484313964844,7.499980926513672,0.07499980926513672,0.0024775746643870278
2023-05-09,2023,3.5209999084472656,316.0341491699219,0.0,0.0,-0.0063332562833848804
2023-05-10,2023,3.438999891281128,319.4731750488281,-8.20000171661377,-0.0820000171661377,0.010881817322397014
2023-05-11,2023,3.3970000743865967,320.5147399902344,-4.199981689453125,-0.04199981689453125,0.0032602578956655304
2023-05-12,2023,3.4630000591278076,319.3651123046875,6.599998474121094,0.06599998474121094,-0.003586816898286549
2023-05-15,2023,3.507999897003174,321.09442138671875,4.499983787536621,0.04499983787536621,0.005414834042302807
2023-05-16,2023,3.5490000247955322,321.4580078125,4.10001277923584,0.0410001277923584,0.001132334919463851
2023-05-17,2023,3.5810000896453857,325.348876953125,3.2000064849853516,0.032000064849853516,0.012103817749329338
2023-05-18,2023,3.6480000019073486,331.39178466796875,6.699991226196289,0.06699991226196289,0.018573624016887003
2023-05-19,2023,3.691999912261963,330.6450500488281,4.399991035461426,0.04399991035461426,-0.002253328699408752
2023-05-22,2023,3.7190001010894775,331.7553405761719,2.700018882751465,0.02700018882751465,0.003357952968537692
2023-05-23,2023,3.697999954223633,327.54986572265625,-2.1000146865844727,-0.021000146865844727,-0.012676434526153635
2023-05-24,2023,3.7190001010894775,325.8697204589844,2.1000146865844727,0.021000146865844727,-0.0051294335290447135
2023-05-25,2023,3.813999891281128,333.7990417480469,9.499979019165039,0.09499979019165039,0.024332795565952248
2023-05-26,2023,3.809999942779541,342.32781982421875,-0.3999948501586914,-0.003999948501586914,0.025550636788854053
2023-05-30,2023,3.700000047683716,343.8802185058594,-10.99998950958252,-0.1099998950958252,0.004534830626496511
2023-05-31,2023,3.63700008392334,341.9249267578125,-6.299996376037598,-0.06299996376037598,-0.00568596750502981
2023-06-01,2023,3.6080000400543213,345.8748474121094,-2.9000043869018555,-0.029000043869018555,0.011552011407155005
2023-06-02,2023,3.690999984741211,348.4688720703125,8.299994468688965,0.08299994468688965,0.007499893899808097
2023-06-05,2023,3.693000078201294,348.7145080566406,0.20000934600830078,0.002000093460083008,0.0007049007989401446
2023-06-06,2023,3.6989998817443848,348.655517578125,0.599980354309082,0.00599980354309082,-0.0001691655413030846
2023-06-07,2023,3.7839999198913574,342.740478515625,8.500003814697266,0.08500003814697266,-0.016965281672832178
2023-06-08,2023,3.7139999866485596,346.9949645996094,-6.999993324279785,-0.06999993324279785,0.012413141577003461
2023-06-09,2023,3.744999885559082,348.3215026855469,3.099989891052246,0.03099989891052246,0.003822931803832308
2023-06-12,2023,3.765000104904175,354.20709228515625,2.0000219345092773,0.020000219345092773,0.016897003355324625
2023-06-13,2023,3.8389999866485596,356.9288635253906,7.399988174438477,0.07399988174438477,0.007684124060517661
2023-06-14,2023,3.7960000038146973,359.52276611328125,-4.2999982833862305,-0.042999982833862305,0.007267281671397008
2023-06-15,2023,3.7279999256134033,363.8067626953125,-6.8000078201293945,-0.06800007820129395,0.011915786664484562
2023-06-16,2023,3.7690000534057617,361.51739501953125,4.10001277923584,0.0410001277923584,-0.00629281231283374
2023-06-20,2023,3.7290000915527344,360.99981689453125,-3.9999961853027344,-0.039999961853027344,-0.0014316824919919924
2023-06-21,2023,3.7230000495910645,356.08026123046875,-0.6000041961669922,-0.006000041961669922,-0.013627584928941339
2023-06-22,2023,3.7990000247955322,360.2816162109375,7.599997520446777,0.07599997520446777,0.011798898838005112
2023-06-23,2023,3.739000082015991,356.71002197265625,-5.999994277954102,-0.059999942779541016,-0.009913340224914968
2023-06-26,2023,3.7190001010894775,351.9281005859375,-1.9999980926513672,-0.019999980926513672,-0.013405626677585492
2023-06-27,2023,3.7679998874664307,357.9792175292969,4.8999786376953125,0.048999786376953125,0.017194185213640578
2023-06-28,2023,3.7100000381469727,358.6778259277344,-5.799984931945801,-0.05799984931945801,0.0019515333969919446
2023-06-29,2023,3.8540000915527344,357.9595642089844,14.400005340576172,0.14400005340576172,-0.0020025261302177855
2023-06-30,2023,3.819000005722046,363.4793701171875,-3.5000085830688477,-0.03500008583068848,0.01542019395514882
2023-07-03,2023,3.8580000400543213,364.3353271484375,3.900003433227539,0.03900003433227539,0.0023548985214045803
2023-07-05,2023,3.944999933242798,364.3255310058594,8.699989318847656,0.08699989318847656,-2.688770988745759e-05
2023-07-06,2023,4.040999889373779,361.5508728027344,9.599995613098145,0.09599995613098145,-0.007615876371509067
2023-07-07,2023,4.050000190734863,360.3504943847656,0.9000301361083984,0.009000301361083984,-0.003320081648990225
2023-07-10,2023,4.00600004196167,360.4684753417969,-4.400014877319336,-0.04400014877319336,0.0003274061195133182
2023-07-11,2023,3.9800000190734863,362.24951171875,-2.6000022888183594,-0.026000022888183594,0.004940893583729844
2023-07-12,2023,3.8610000610351562,366.8246765136719,-11.899995803833008,-0.11899995803833008,0.012629871530300374
2023-07-13,2023,3.760999917984009,373.0528259277344,-10.000014305114746,-0.10000014305114746,0.016978545372833942
2023-07-14,2023,3.819000005722046,372.9742126464844,5.800008773803711,0.05800008773803711,-0.0002107296226867561
2023-07-17,2023,3.796999931335449,376.45721435546875,-2.200007438659668,-0.02200007438659668,0.009338451804135062
2023-07-18,2023,3.7890000343322754,379.53692626953125,-0.7999897003173828,-0.007999897003173828,0.008180775388606287
2023-07-19,2023,3.742000102996826,379.4483947753906,-4.699993133544922,-0.04699993133544922,-0.0002332618725950919
2023-07-20,2023,3.8540000915527344,370.7013244628906,11.19999885559082,0.1119999885559082,-0.023052068299505457
2023-07-21,2023,3.8369998931884766,369.58953857421875,-1.7000198364257812,-0.017000198364257812,-0.0029991419380083206
2023-07-24,2023,3.8570001125335693,370.1798400878906,2.0000219345092773,0.020000219345092773,0.001597181337840592
2023-07-25,2023,3.9119999408721924,372.6888122558594,5.499982833862305,0.05499982833862305,0.006777711523601848
2023-07-26,2023,3.8510000705718994,371.4490966796875,-6.099987030029297,-0.06099987030029297,-0.0033264094209535244
2023-07-27,2023,4.01200008392334,370.5635681152344,16.100001335144043,0.16100001335144043,-0.0023839836262052883
2023-07-28,2023,3.9690001010894775,377.3132629394531,-4.2999982833862305,-0.042999982833862305,0.018214674633421524
2023-07-31,2023,3.9590001106262207,377.510009765625,-0.9999990463256836,-0.009999990463256836,0.0005214415858036947
2023-08-01,2023,4.051000118255615,376.6343994140625,9.200000762939453,0.09200000762939453,-0.0023194361180147727
2023-08-02,2023,4.078000068664551,368.3694152832031,2.6999950408935547,0.026999950408935547,-0.021944315611418852
2023-08-03,2023,4.189000129699707,367.779052734375,11.100006103515625,0.11100006103515625,-0.00160263725579457
2023-08-04,2023,4.059999942779541,366.0572204589844,-12.900018692016602,-0.12900018692016602,-0.0046817029479767625
2023-08-07,2023,4.078000068664551,369.1565246582031,1.8000125885009766,0.018000125885009766,0.008466720572626985
2023-08-08,2023,4.026000022888184,366.0177917480469,-5.200004577636719,-0.05200004577636719,-0.008502444628501027
2023-08-09,2023,4.01200008392334,361.99365234375,-1.399993896484375,-0.01399993896484375,-0.01099438195361535
2023-08-10,2023,4.079999923706055,362.6626892089844,6.799983978271484,0.06799983978271484,0.0018482005441329274
2023-08-11,2023,4.168000221252441,360.3504943847656,8.800029754638672,0.08800029754638672,-0.0063756071220393284
2023-08-14,2023,4.184000015258789,364.3944396972656,1.5999794006347656,0.015999794006347656,0.011222255486021515
2023-08-15,2023,4.2210001945495605,360.5275573730469,3.7000179290771484,0.037000179290771484,-0.010611803866796943
2023-08-16,2023,4.257999897003174,356.71002197265625,3.699970245361328,0.03699970245361328,-0.010588747856631997
2023-08-17,2023,4.308000087738037,352.8136291503906,5.000019073486328,0.05000019073486328,-0.010923138073660077
2023-08-18,2023,4.250999927520752,352.37091064453125,-5.700016021728516,-0.057000160217285156,-0.0012548225728282736
2023-08-21,2023,4.3420000076293945,358.048095703125,9.100008010864258,0.09100008010864258,0.016111389695050216
2023-08-22,2023,4.328000068664551,357.5364685058594,-1.399993896484375,-0.01399993896484375,-0.0014289342783988523
2023-08-23,2023,4.197999954223633,363.1743469238281,-13.000011444091797,-0.13000011444091797,0.015768680720960715
2023-08-24,2023,4.235000133514404,355.4112243652344,3.7000179290771484,0.037000179290771484,-0.021375745903721488
2023-08-25,2023,4.238999843597412,358.16619873046875,0.39997100830078125,0.0039997100830078125,0.007751511984897874
2023-08-28,2023,4.211999893188477,360.86212158203125,-2.6999950408935547,-0.026999950408935547,0.007527016399420994
2023-08-29,2023,4.122000217437744,368.7433166503906,-8.999967575073242,-0.08999967575073242,0.021839906704000933
2023-08-30,2023,4.118000030517578,370.7996826171875,-0.40001869201660156,-0.004000186920166016,0.005576686746424642
2023-08-31,2023,4.0929999351501465,371.9114685058594,-2.500009536743164,-0.02500009536743164,0.002998346386988926
2023-09-01,2023,4.172999858856201,371.5179443359375,7.999992370605469,0.07999992370605469,-0.0010581124897891536
2023-09-05,2023,4.26800012588501,371.990234375,9.50002670288086,0.0950002670288086,0.0012712442191902262
2023-09-06,2023,4.289999961853027,368.7137756347656,2.199983596801758,0.021999835968017578,-0.00880791600816977
2023-09-07,2023,4.260000228881836,366.076904296875,-2.9999732971191406,-0.029999732971191406,-0.00715154006207408
2023-09-08,2023,4.257999897003174,366.5885314941406,-0.20003318786621094,-0.0020003318786621094,0.0013975948530495774
2023-09-11,2023,4.288000106811523,370.907958984375,3.000020980834961,0.03000020980834961,0.011782767651320913
2023-09-12,2023,4.263999938964844,366.7951354980469,-2.4000167846679688,-0.024000167846679688,-0.011088528533035324
2023-09-13,2023,4.249000072479248,368.1922912597656,-1.4999866485595703,-0.014999866485595703,0.0038090902155003548
2023-09-14,2023,4.288000106811523,371.203125,3.900003433227539,0.03900003433227539,0.008177340513927822
2023-09-15,2023,4.322000026702881,364.8470153808594,3.399991989135742,0.03399991989135742,-0.017122995985393796
2023-09-18,2023,4.318999767303467,365.2272644042969,-0.30002593994140625,-0.0030002593994140625,0.0010422149761608601
2023-09-19,2023,4.364999771118164,364.44891357421875,4.600000381469727,0.046000003814697266,-0.0021311410892274063
2023-09-20,2023,4.348999977111816,359.1970520019531,-1.5999794006347656,-0.015999794006347656,-0.014410419064663005
2023-09-21,2023,4.480000019073486,352.61492919921875,13.100004196166992,0.13100004196166992,-0.01832454572232567
2023-09-22,2023,4.438000202178955,352.6642150878906,-4.199981689453125,-0.04199981689453125,0.0001397725524094895
2023-09-25,2023,4.541999816894531,354.3393249511719,10.399961471557617,0.10399961471557617,0.004749871950755713
2023-09-26,2023,4.558000087738037,349.0184020996094,1.600027084350586,0.01600027084350586,-0.015016461557846306
2023-09-27,2023,4.625999927520752,349.8363037109375,6.799983978271484,0.06799983978271484,0.002343434060805505
2023-09-28,2023,4.5970001220703125,352.7627868652344,-2.8999805450439453,-0.028999805450439453,0.00836529291915622
2023-09-29,2023,4.572999954223633,353.0188903808594,-2.4000167846679688,-0.024000167846679688,0.0007259935717733867
2023-10-02,2023,4.683000087738037,355.9651184082031,11.00001335144043,0.1100001335144043,0.008345808418821932
2023-10-03,2023,4.802000045776367,349.718017578125,11.899995803833008,0.11899995803833008,-0.01754975559968841
2023-10-04,2023,4.735000133514404,354.47723388671875,-6.699991226196289,-0.06699991226196289,0.013608724942318906
2023-10-05,2023,4.7170000076293945,353.4327392578125,-1.8000125885009766,-0.018000125885009766,-0.002946577464097544
2023-10-06,2023,4.783999919891357,359.354736328125,6.699991226196289,0.06699991226196289,0.01675565507244281
2023-10-09,2023,4.796999931335449,361.1874084472656,1.3000011444091797,0.013000011444091797,0.005099896937123427
2023-10-10,2023,4.65500020980835,363.1876525878906,-14.199972152709961,-0.1419997215270996,0.005537967531105137
2023-10-11,2023,4.59499979019165,365.7791442871094,-6.000041961669922,-0.06000041961669922,0.007135406946665368
2023-10-12,2023,4.711999893188477,364.5080261230469,11.700010299682617,0.11700010299682617,-0.0034750974294608383
2023-10-13,2023,4.629000186920166,359.92620849609375,-8.299970626831055,-0.08299970626831055,-0.01256986759848866
2023-10-16,2023,4.711999893188477,363.9956359863281,8.299970626831055,0.08299970626831055,0.011306282771788023
2023-10-17,2023,4.8470001220703125,362.80340576171875,13.500022888183594,0.13500022888183594,-0.0032753970288098566
2023-10-18,2023,4.9039998054504395,358.0441589355469,5.699968338012695,0.05699968338012695,-0.013117977258729652
2023-10-19,2023,4.98799991607666,354.6940002441406,8.40001106262207,0.0840001106262207,-0.009356831015945533
2023-10-20,2023,4.923999786376953,349.4027099609375,-6.400012969970703,-0.06400012969970703,-0.014917901852191107
2023-10-23,2023,4.8379998207092285,350.4570007324219,-8.599996566772461,-0.08599996566772461,0.0030174086846728176
2023-10-24,2023,4.840000152587891,353.8663635253906,0.20003318786621094,0.0020003318786621094,0.009728334106162917
2023-10-25,2023,4.953000068664551,345.20513916015625,11.299991607666016,0.11299991607666016,-0.024475975277635897
2023-10-26,2023,4.84499979019165,338.6230773925781,-10.800027847290039,-0.10800027847290039,-0.01906710248749921
2023-10-27,2023,4.84499979019165,340.2488708496094,0.0,0.0,0.0048011891851849064
2023-10-30,2023,4.875,344.08184814453125,3.000020980834961,0.03000020980834961,0.011265216796607858
2023-10-31,2023,4.875,345.7273864746094,0.0,0.0,0.004782403776751654
2023-11-01,2023,4.789000034332275,351.7281188964844,-8.599996566772461,-0.08599996566772461,0.01735683274346478
2023-11-02,2023,4.669000148773193,358.1131591796875,-11.999988555908203,-0.11999988555908203,0.01815334043589023
2023-11-03,2023,4.558000087738037,362.3205871582031,-11.100006103515625,-0.11100006103515625,0.011748878449910682
2023-11-06,2023,4.6620001792907715,363.7985534667969,10.400009155273438,0.10400009155273438,0.004079167347861512
2023-11-07,2023,4.571000099182129,367.23748779296875,-9.100008010864258,-0.09100008010864258,0.009452853216157076
2023-11-08,2023,4.5229997634887695,367.4739074707031,-4.8000335693359375,-0.048000335693359375,0.0006437787143007689
2023-11-09,2023,4.630000114440918,364.6460266113281,10.700035095214844,0.10700035095214844,-0.007695460281354705
2023-11-10,2023,4.627999782562256,372.8440246582031,-0.20003318786621094,-0.0020003318786621094,0.02248207151208903
2023-11-13,2023,4.631999969482422,371.68133544921875,0.40001869201660156,0.004000186920166016,-0.003118433264554077
2023-11-14,2023,4.440999984741211,379.6822509765625,-19.099998474121094,-0.19099998474121094,0.02152627738940338
2023-11-15,2023,4.534999847412109,379.9680480957031,9.399986267089844,0.09399986267089844,0.0007527270985292489
2023-11-16,2023,4.445000171661377,380.293212890625,-8.999967575073242,-0.08999967575073242,0.0008557687851689089
2023-11-17,2023,4.440999984741211,380.38189697265625,-0.40001869201660156,-0.004000186920166016,0.0002331992237178948
2023-11-20,2023,4.421999931335449,385.01300048828125,-1.9000053405761719,-0.01900005340576172,0.012174878858543403
2023-11-21,2023,4.418000221252441,382.77630615234375,-0.39997100830078125,-0.0039997100830078125,-0.005809399508850066
2023-11-22,2023,4.415999889373779,384.343017578125,-0.20003318786621094,-0.0020003318786621094,0.004093020912213197
2023-11-24,2023,4.4720001220703125,383.8010559082031,5.60002326965332,0.0560002326965332,-0.0014100989093985827
2023-11-27,2023,4.388999938964844,383.4660339355469,-8.300018310546875,-0.08300018310546875,-0.0008729052916841562
2023-11-28,2023,4.335999965667725,384.4710998535156,-5.299997329711914,-0.05299997329711914,0.0026210037631069216
2023-11-29,2023,4.270999908447266,384.0966796875,-6.500005722045898,-0.06500005722045898,-0.0009738577650134639
2023-11-30,2023,4.3520002365112305,383.1310119628906,8.100032806396484,0.08100032806396484,-0.002514126717770737
2023-12-01,2023,4.22599983215332,384.22479248046875,-12.600040435791016,-0.12600040435791016,0.002854847254400994
2023-12-04,2023,4.288000106811523,380.6578369140625,6.2000274658203125,0.062000274658203125,-0.009283512246512693
2023-12-05,2023,4.171000003814697,381.61358642578125,-11.700010299682617,-0.11700010299682617,0.0025107837512734488
2023-12-06,2023,4.120999813079834,379.4063720703125,-5.000019073486328,-0.05000019073486328,-0.005783898776093532
2023-12-07,2023,4.129000186920166,384.70758056640625,0.8000373840332031,0.008000373840332031,0.013972376023013489
2023-12-08,2023,4.244999885559082,386.4220275878906,11.599969863891602,0.11599969863891602,0.004456493992034627
2023-12-11,2023,4.238999843597412,389.72296142578125,-0.6000041961669922,-0.006000041961669922,0.00854230246266141
2023-12-12,2023,4.205999851226807,392.8268127441406,-3.299999237060547,-0.03299999237060547,0.007964250571749876
2023-12-13,2023,4.0329999923706055,397.8224792480469,-17.299985885620117,-0.17299985885620117,0.012717223829525226
2023-12-14,2023,3.930000066757202,397.47760009765625,-10.299992561340332,-0.10299992561340332,-0.0008669172014675874
2023-12-15,2023,3.927999973297119,399.3990783691406,-0.20000934600830078,-0.002000093460083008,0.004834180016716205
2023-12-18,2023,3.9539999961853027,401.9147033691406,2.6000022888183594,0.026000022888183594,0.006298524799486227
2023-12-19,2023,3.921999931335449,403.9683532714844,-3.2000064849853516,-0.032000064849853516,0.005109666019004866
2023-12-20,2023,3.877000093460083,397.9654541015625,-4.499983787536621,-0.04499983787536621,-0.014859825333613852
2023-12-21,2023,3.8940000534057617,402.59600830078125,1.699995994567871,0.01699995994567871,0.011635568242154504
2023-12-22,2023,3.9010000228881836,403.19818115234375,0.6999969482421875,0.006999969482421875,0.0014957248436318071
2023-12-26,2023,3.885999917984009,405.6664733886719,-1.5000104904174805,-0.015000104904174805,0.00612178415406972
2023-12-27,2023,3.7890000343322754,406.4923095703125,-9.69998836517334,-0.0969998836517334,0.002035751623105986
2023-12-28,2023,3.8499999046325684,406.29473876953125,6.099987030029297,0.06099987030029297,-0.0004860382253973894
2023-12-29,2023,3.865999937057495,404.5364074707031,1.6000032424926758,0.016000032424926758,-0.0043277235244375545
2024-01-02,2024,3.946000099182129,397.69073486328125,8.000016212463379,0.08000016212463379,-0.016922265786220136
2024-01-03,2024,3.9070000648498535,393.4825744628906,-3.900003433227539,-0.03900003433227539,-0.010581489663915145
2024-01-04,2024,3.990999937057495,391.4575500488281,8.39998722076416,0.0839998722076416,-0.0051464144678495805
2024-01-05,2024,4.041999816894531,391.92181396484375,5.099987983703613,0.05099987983703613,0.001185987895642171
2024-01-08,2024,4.001999855041504,400.0220642089844,-3.9999961853027344,-0.039999961853027344,0.020668026008032303
2024-01-09,2024,4.019000053405762,400.812255859375,1.7000198364257812,0.017000198364257812,0.0019753701635263354
2024-01-10,2024,4.03000020980835,403.5288391113281,1.100015640258789,0.01100015640258789,0.006777695073541423
2024-01-11,2024,3.9769999980926514,404.36846923828125,-5.300021171569824,-0.05300021171569824,0.0020807190108200757
2024-01-12,2024,3.950000047683716,404.575927734375,-2.6999950408935547,-0.026999950408935547,0.0005130432065698631
2024-01-16,2024,4.065999984741211,404.5364074707031,11.599993705749512,0.11599993705749512,-9.768318123415387e-05
2024-01-17,2024,4.105999946594238,402.2545166015625,3.9999961853027344,0.039999961853027344,-0.005640755262073416
2024-01-18,2024,4.144000053405762,407.96417236328125,3.8000106811523438,0.03800010681152344,0.01419413710989903
2024-01-19,2024,4.145999908447266,416.0545349121094,0.19998550415039062,0.0019998550415039062,0.019831061394341987
2024-01-22,2024,4.093999862670898,416.59783935546875,-5.200004577636719,-0.05200004577636719,0.0013058491081563428
2024-01-23,2024,4.142000198364258,418.3265686035156,4.8000335693359375,0.048000335693359375,0.004149635655147588
2024-01-24,2024,4.177999973297119,420.64794921875,3.599977493286133,0.03599977493286133,0.00554920674291326
2024-01-25,2024,4.131999969482422,421.1616516113281,-4.600000381469727,-0.046000003814697266,0.0012212169191176958
2024-01-26,2024,4.159999847412109,418.6524658203125,2.79998779296875,0.0279998779296875,-0.005957773651555587
2024-01-29,2024,4.091000080108643,422.9396667480469,-6.89997673034668,-0.0689997673034668,0.010240476953441435
2024-01-30,2024,4.059000015258789,420.12432861328125,-3.2000064849853516,-0.032000064849853516,-0.006656595150822731
2024-01-31,2024,3.9670000076293945,411.8957214355469,-9.200000762939453,-0.09200000762939453,-0.019586123957388568
2024-02-01,2024,3.86299991607666,416.7460021972656,-10.400009155273438,-0.10400009155273438,0.011775506540379732
2024-02-02,2024,4.0329999923706055,423.78924560546875,17.00000762939453,0.1700000762939453,0.0169005662227546
2024-02-05,2024,4.164000034332275,423.236083984375,13.100004196166992,0.13100004196166992,-0.0013052752679069135
2024-02-06,2024,4.090000152587891,422.3865051269531,-7.399988174438477,-0.07399988174438477,-0.0020073403227434117
2024-02-07,2024,4.110000133514404,426.73297119140625,1.9999980926513672,0.019999980926513672,0.010290257883941445
2024-02-08,2024,4.170000076293945,427.523193359375,5.999994277954102,0.059999942779541016,0.00185179543488867
2024-02-09,2024,4.186999797821045,431.7314147949219,1.699972152709961,0.01699972152709961,0.009843258800720678
2024-02-12,2024,4.171999931335449,430.0422058105469,-1.4999866485595703,-0.014999866485595703,-0.003912638567608928
2024-02-13,2024,4.315999984741211,423.3348083496094,14.400005340576172,0.14400005340576172,-0.015597067846620627
2024-02-14,2024,4.267000198364258,427.9480285644531,-4.8999786376953125,-0.048999786376953125,0.010897332616773392
2024-02-15,2024,4.239999771118164,429.2222900390625,-2.700042724609375,-0.02700042724609375,0.0029776080027377194
2024-02-16,2024,4.295000076293945,425.33026123046875,5.500030517578125,0.05500030517578125,-0.009067629754828332
2024-02-20,2024,4.275000095367432,422.11981201171875,-1.9999980926513672,-0.019999980926513672,-0.007548132619255132
2024-02-21,2024,4.324999809265137,420.4306335449219,4.999971389770508,0.04999971389770508,-0.00400165644617978
2024-02-22,2024,4.327000141143799,432.73895263671875,0.20003318786621094,0.0020003318786621094,0.02927550494600628
2024-02-23,2024,4.260000228881836,431.4646911621094,-6.699991226196289,-0.06699991226196289,-0.002944642415121601
2024-02-26,2024,4.298999786376953,431.23748779296875,3.8999557495117188,0.03899955749511719,-0.0005265862393715182
2024-02-27,2024,4.315000057220459,432.2746887207031,1.600027084350586,0.01600027084350586,0.0024051733837953115
2024-02-28,2024,4.27400016784668,429.9731140136719,-4.09998893737793,-0.0409998893737793,-0.005324333732892539
2024-02-29,2024,4.251999855041504,433.65765380859375,-2.200031280517578,-0.02200031280517578,0.008569232993495213
2024-03-01,2024,4.179999828338623,440.18719482421875,-7.200002670288086,-0.07200002670288086,0.015056902508878478
2024-03-04,2024,4.218999862670898,438.6165771484375,3.900003433227539,0.03900003433227539,-0.003568067618160642
2024-03-05,2024,4.13700008392334,430.74359130859375,-8.19997787475586,-0.0819997787475586,-0.017949585697440207
2024-03-06,2024,4.104000091552734,433.4502258300781,-3.299999237060547,-0.03299999237060547,0.006283632713516729
2024-03-07,2024,4.0920000076293945,440.0291748046875,-1.2000083923339844,-0.012000083923339844,0.01517809562103789
2024-03-08,2024,4.089000225067139,433.6773986816406,-0.29997825622558594,-0.0029997825622558594,-0.014434897699376892
2024-03-11,2024,4.104000091552734,432.0672607421875,1.4999866485595703,0.014999866485595703,-0.0037127550210084292
2024-03-12,2024,4.15500020980835,438.260986328125,5.100011825561523,0.051000118255615234,0.014335095825817046
2024-03-13,2024,4.191999912261963,434.8924560546875,3.699970245361328,0.03699970245361328,-0.0076861285364686616
2024-03-14,2024,4.297999858856201,433.79595947265625,10.599994659423828,0.10599994659423828,-0.002521305133638241
2024-03-15,2024,4.303999900817871,428.6395568847656,0.6000041961669922,0.006000041961669922,-0.011886700360600466
2024-03-18,2024,4.340000152587891,432.7276306152344,3.600025177001953,0.03600025177001953,0.009537322593788922
2024-03-19,2024,4.296999931335449,433.8057556152344,-4.300022125244141,-0.043000221252441406,0.0024914632755648203
2024-03-20,2024,4.2729997634887695,438.9492492675781,-2.4000167846679688,-0.024000167846679688,0.011856674527171984
2024-03-21,2024,4.270999908447266,441.02642822265625,-0.19998550415039062,-0.0019998550415039062,0.004732161994909667
2024-03-22,2024,4.2179999351501465,441.5309143066406,-5.299997329711914,-0.05299997329711914,0.001143890823090743
2024-03-25,2024,4.252999782562256,439.92852783203125,3.4999847412109375,0.034999847412109375,-0.003629160320802627
2024-03-26,2024,4.234000205993652,438.504150390625,-1.8999576568603516,-0.018999576568603516,-0.0032377473868894224
2024-03-27,2024,4.196000099182129,439.99774169921875,-3.8000106811523438,-0.03800010681152344,0.003406105295156836
2024-03-28,2024,4.205999851226807,439.1866455078125,0.9999752044677734,0.009999752044677734,-0.001843409896318815
2024-04-01,2024,4.328999996185303,440.116455078125,12.30001449584961,0.1230001449584961,0.002117117129637247
2024-04-02,2024,4.364999771118164,436.3181457519531,3.599977493286133,0.03599977493286133,-0.008630237025556431
2024-04-03,2024,4.355000019073486,437.2974548339844,-0.9999752044677734,-0.009999752044677734,0.0022444839655786364
2024-04-04,2024,4.309000015258789,430.61083984375,-4.600000381469727,-0.046000003814697266,-0.01529077042712923
2024-04-05,2024,4.377999782562256,435.6851501464844,6.89997673034668,0.0689997673034668,0.011783981807275579
2024-04-08,2024,4.423999786376953,435.813720703125,4.600000381469727,0.046000003814697266,0.00029509969893948274
2024-04-09,2024,4.366000175476074,437.4259948730469,-5.799961090087891,-0.057999610900878906,0.003699457115119431
2024-04-10,2024,4.559999942779541,433.6079406738281,19.39997673034668,0.1939997673034668,-0.008728457485309815
2024-04-11,2024,4.576000213623047,440.5318298339844,1.600027084350586,0.01600027084350586,0.015968086630047562
2024-04-12,2024,4.499000072479248,433.50897216796875,-7.700014114379883,-0.07700014114379883,-0.01594177126466023
2024-04-15,2024,4.627999782562256,426.3773498535156,12.899971008300781,0.1289997100830078,-0.016450922062323237
2024-04-16,2024,4.658999919891357,426.4168701171875,3.1000137329101562,0.031000137329101562,9.268846875998271e-05
2024-04-17,2024,4.585000038146973,421.2140197753906,-7.399988174438477,-0.07399988174438477,-0.012201323883754944
2024-04-18,2024,4.646999835968018,418.8104248046875,6.199979782104492,0.06199979782104492,-0.005706350828457274
2024-04-19,2024,4.614999771118164,410.1455993652344,-3.2000064849853516,-0.032000064849853516,-0.02068913505076664
2024-04-22,2024,4.623000144958496,414.27032470703125,0.8000373840332031,0.008000373840332031,0.010056734360140762
2024-04-23,2024,4.5980000495910645,420.452392578125,-2.500009536743164,-0.02500009536743164,0.01492278713293227
2024-04-24,2024,4.6519999504089355,421.87677001953125,5.399990081787109,0.053999900817871094,0.0033877258556487266
2024-04-25,2024,4.705999851226807,419.8391418457031,5.399990081787109,0.053999900817871094,-0.0048299131846814
2024-04-26,2024,4.669000148773193,426.3179931640625,-3.699970245361328,-0.03699970245361328,0.015431746763479248
2024-04-29,2024,4.613999843597412,428.04901123046875,-5.500030517578125,-0.05500030517578125,0.004060391759585169
2024-04-30,2024,4.685999870300293,419.9776306152344,7.200002670288086,0.07200002670288086,-0.01885620665734611
2024-05-01,2024,4.59499979019165,416.94097900390625,-9.100008010864258,-0.09100008010864258,-0.0072305079841507025
2024-05-02,2024,4.571000099182129,422.26251220703125,-2.3999691009521484,-0.023999691009521484,0.012763276989079975
2024-05-03,2024,4.5,430.7493591308594,-7.100009918212891,-0.0710000991821289,0.02009850905179844
2024-05-06,2024,4.488999843597412,435.467529296875,-1.100015640258789,-0.01100015640258789,0.010953400315059536
2024-05-07,2024,4.4629998207092285,435.5367126464844,-2.6000022888183594,-0.026000022888183594,0.00015887143117443436
2024-05-08,2024,4.492000102996826,435.2795715332031,2.9000282287597656,0.029000282287597656,-0.0005904005467616269
2024-05-09,2024,4.448999881744385,436.2290954589844,-4.300022125244141,-0.043000221252441406,0.0021814116440996845
2024-05-10,2024,4.504000186920166,437.2578430175781,5.500030517578125,0.05500030517578125,0.0023582735982141667
2024-05-13,2024,4.480999946594238,438.2667541503906,-2.3000240325927734,-0.023000240325927734,0.002307359716751778
2024-05-14,2024,4.445000171661377,441.0857849121094,-3.599977493286133,-0.03599977493286133,0.006432225887595955
2024-05-15,2024,4.355999946594238,447.9801025390625,-8.900022506713867,-0.08900022506713867,0.0156303328349765
2024-05-16,2024,4.376999855041504,447.07012939453125,2.0999908447265625,0.020999908447265625,-0.0020312802719890666
2024-05-17,2024,4.420000076293945,446.85247802734375,4.300022125244141,0.043000221252441406,-0.00048683943049887546
2024-05-20,2024,4.436999797821045,449.96826171875,1.699972152709961,0.01699972152709961,0.006972734503255085
2024-05-21,2024,4.414000034332275,450.8486022949219,-2.299976348876953,-0.02299976348876953,0.0019564503789872845
2024-05-22,2024,4.434000015258789,450.75958251953125,1.9999980926513672,0.019999980926513672,-0.00019744937643695337
2024-05-23,2024,4.474999904632568,448.7318420410156,4.09998893737793,0.0409998893737793,-0.004498496664633311
2024-05-24,2024,4.4670000076293945,452.9752197265625,-0.7999897003173828,-0.007999897003173828,0.009456377479802436
2024-05-28,2024,4.541999816894531,454.6864318847656,7.499980926513672,0.07499980926513672,0.003777716933911046
2024-05-29,2024,4.624000072479248,451.48162841796875,8.20002555847168,0.0820002555847168,-0.007048381570376572
2024-05-30,2024,4.553999900817871,446.644775390625,-7.000017166137695,-0.07000017166137695,-0.010713288698573464
2024-05-31,2024,4.513999938964844,445.8138732910156,-3.9999961853027344,-0.039999961853027344,-0.0018603197560805862
2024-06-03,2024,4.4019999504089355,448.20758056640625,-11.19999885559082,-0.1119999885559082,0.005369297410419804
2024-06-04,2024,4.335999965667725,449.43414306640625,-6.599998474121094,-0.06599998474121094,0.0027365947234760934
2024-06-05,2024,4.289000034332275,458.4945983886719,-4.699993133544922,-0.04699993133544922,0.02015969516790106
2024-06-06,2024,4.281000137329102,458.3363952636719,-0.7999897003173828,-0.007999897003173828,-0.0003450490486823776
2024-06-07,2024,4.429999828338623,457.9307861328125,14.899969100952148,0.14899969100952148,-0.0008849594643821623
2024-06-10,2024,4.468999862670898,459.780517578125,3.900003433227539,0.03900003433227539,0.004039325376949066
2024-06-11,2024,4.4039998054504395,462.93585205078125,-6.500005722045898,-0.06500005722045898,0.006862697204476742
2024-06-12,2024,4.295000076293945,468.9992370605469,-10.899972915649414,-0.10899972915649414,0.013097678615525465
2024-06-13,2024,4.23799991607666,471.54132080078125,-5.700016021728516,-0.057000160217285156,0.0054202300118160185
2024-06-14,2024,4.2129998207092285,473.9844665527344,-2.500009536743164,-0.02500009536743164,0.005181191221596659
2024-06-17,2024,4.2789998054504395,479.7906799316406,6.599998474121094,0.06599998474121094,0.012249796752063613
2024-06-18,2024,4.2170000076293945,479.9390563964844,-6.199979782104492,-0.06199979782104492,0.00030925249499413887
2024-06-20,2024,4.254000186920166,476.23974609375,3.7000179290771484,0.037000179290771484,-0.007707875100871786
2024-06-21,2024,4.256999969482422,474.9637756347656,0.29997825622558594,0.0029997825622558594,-0.0026792607493394405
2024-06-24,2024,4.248000144958496,469.55645751953125,-0.8999824523925781,-0.008999824523925781,-0.011384695828661417
2024-06-25,2024,4.23799991607666,474.9261474609375,-1.0000228881835938,-0.010000228881835938,0.011435664136687729
2024-06-26,2024,4.315999984741211,475.9068908691406,7.800006866455078,0.07800006866455078,0.002065044035680863
2024-06-27,2024,4.288000106811523,477.1353759765625,-2.79998779296875,-0.0279998779296875,0.0025813559983935974
2024-06-28,2024,4.3429999351501465,474.6585998535156,5.499982833862305,0.05499982833862305,-0.005190929551131318
2024-07-01,2024,4.479000091552734,477.4425048828125,13.600015640258789,0.1360001564025879,0.005865068135615825
2024-07-02,2024,4.435999870300293,482.45550537109375,-4.300022125244141,-0.043000221252441406,0.010499694595711873
2024-07-03,2024,4.355000019073486,486.4778137207031,-8.099985122680664,-0.08099985122680664,0.008337159188422039
2024-07-05,2024,4.271999835968018,491.5501708984375,-8.300018310546875,-0.08300018310546875,0.010426697856865674
2024-07-08,2024,4.269000053405762,492.7192077636719,-0.29997825622558594,-0.0029997825622558594,0.0023782656063320307
2024-07-09,2024,4.300000190734863,493.14520263671875,3.1000137329101562,0.031000137329101562,0.0008645793919428435
2024-07-10,2024,4.28000020980835,498.2869873046875,-1.9999980926513672,-0.019999980926513672,0.010426512598068483
2024-07-11,2024,4.192999839782715,487.3594665527344,-8.700037002563477,-0.08700037002563477,-0.021930174839728034
2024-07-12,2024,4.189000129699707,490.2226257324219,-0.39997100830078125,-0.0039997100830078125,0.005874840597515529
2024-07-15,2024,4.229000091552734,491.5403137207031,3.9999961853027344,0.039999961853027344,0.002687937926799222
2024-07-16,2024,4.166999816894531,491.7285461425781,-6.2000274658203125,-0.062000274658203125,0.00038294401622973595
2024-07-17,2024,4.145999908447266,477.2938537597656,-2.0999908447265625,-0.020999908447265625,-0.029355001852235607
2024-07-18,2024,4.189000129699707,475.03509521484375,4.300022125244141,0.043000221252441406,-0.004732427470266032
2024-07-19,2024,4.238999843597412,470.8245849609375,4.999971389770508,0.04999971389770508,-0.008863577231071673
2024-07-22,2024,4.260000228881836,477.8387756347656,2.100038528442383,0.021000385284423828,0.01489767292931421
2024-07-23,2024,4.238999843597412,476.1545715332031,-2.100038528442383,-0.021000385284423828,-0.0035246283630397945
2024-07-24,2024,4.285999774932861,459.07470703125,4.699993133544922,0.04699993133544922,-0.03587042007589358
2024-07-25,2024,4.25600004196167,454.01220703125,-2.9999732971191406,-0.029999732971191406,-0.011027616905183502
2024-07-26,2024,4.199999809265137,458.6685485839844,-5.60002326965332,-0.0560002326965332,0.010255983166580052
2024-07-29,2024,4.177999973297119,459.5899353027344,-2.199983596801758,-0.021999835968017578,0.00200882908059552
2024-07-30,2024,4.14300012588501,453.2790832519531,-3.4999847412109375,-0.034999847412109375,-0.013731484451730336
2024-07-31,2024,4.109000205993652,466.69329833984375,-3.399991989135742,-0.03399991989135742,0.029593721800823536
2024-08-01,2024,3.9760000705718994,455.3893127441406,-13.300013542175293,-0.13300013542175293,-0.02422144401026216
2024-08-02,2024,3.7920000553131104,444.5806884765625,-18.400001525878906,-0.18400001525878906,-0.023734909812543004
2024-08-05,2024,3.7850000858306885,431.3249816894531,-0.6999969482421875,-0.006999969482421875,-0.029816200142503968
2024-08-06,2024,3.888000011444092,435.4463195800781,10.299992561340332,0.10299992561340332,0.009555064198883523
2024-08-07,2024,3.9679999351501465,430.7305603027344,7.999992370605469,0.07999992370605469,-0.010829714399449686
2024-08-08,2024,3.996999979019165,443.9070129394531,2.9000043869018555,0.029000043869018555,0.030590939791822036
2024-08-09,2024,3.941999912261963,446.22528076171875,-5.500006675720215,-0.05500006675720215,0.005222417656604694
2024-08-12,2024,3.9089999198913574,447.1862487792969,-3.299999237060547,-0.03299999237060547,0.0021535490233492993
2024-08-13,2024,3.8519999980926514,458.28216552734375,-5.6999921798706055,-0.056999921798706055,0.024812741398770433
2024-08-14,2024,3.819999933242798,458.4307861328125,-3.2000064849853516,-0.032000064849853516,0.0003242993436101127
2024-08-15,2024,3.9260001182556152,470.01220703125,10.600018501281738,0.10600018501281738,0.025263183121131405
2024-08-16,2024,3.8919999599456787,470.61651611328125,-3.4000158309936523,-0.03400015830993652,0.0012857306108031707
2024-08-19,2024,3.867000102996826,476.7984924316406,-2.499985694885254,-0.02499985694885254,0.013135910251121263
2024-08-20,2024,3.818000078201294,475.79791259765625,-4.900002479553223,-0.04900002479553223,-0.00209853816626282
2024-08-21,2024,3.7780001163482666,478.0171203613281,-3.9999961853027344,-0.039999961853027344,0.00466418137808966
2024-08-22,2024,3.861999988555908,470.4382019042969,8.39998722076416,0.0839998722076416,-0.015854910073727968
2024-08-23,2024,3.806999921798706,475.54034423828125,-5.500006675720215,-0.05500006675720215,0.010845510235629963
2024-08-26,2024,3.818000078201294,470.9236755371094,1.100015640258789,0.01100015640258789,-0.009708258735789954
2024-08-27,2024,3.8329999446868896,472.3304443359375,1.4999866485595703,0.014999866485595703,0.0029872543511932914
2024-08-28,2024,3.8410000801086426,466.970703125,0.800013542175293,0.00800013542175293,-0.0113474396478358
2024-08-29,2024,3.867000102996826,466.287109375,2.6000022888183594,0.026000022888183594,-0.0014638900158517876
2024-08-30,2024,3.9110000133514404,471.844970703125,4.399991035461426,0.04399991035461426,0.011919397333489679
2024-09-03,2024,3.8440001010894775,457.5193176269531,-6.699991226196289,-0.06699991226196289,-0.03036093201295409
2024-09-04,2024,3.7679998874664307,456.3304748535156,-7.6000213623046875,-0.07600021362304688,-0.0025984537212631054
2024-09-05,2024,3.7309999465942383,456.7565002441406,-3.6999940872192383,-0.03699994087219238,0.0009335896112609987
2024-09-06,2024,3.7100000381469727,444.521240234375,-2.0999908447265625,-0.020999908447265625,-0.02678727068629727
2024-09-09,2024,3.697000026702881,450.2376403808594,-1.3000011444091797,-0.013000011444091797,0.012859678298995147
2024-09-10,2024,3.6459999084472656,454.39862060546875,-5.100011825561523,-0.051000118255615234,0.009241742252135143
2024-09-11,2024,3.6530001163482666,464.26611328125,0.7000207901000977,0.0070002079010009766,0.021715498745645823
2024-09-12,2024,3.680000066757202,468.8233337402344,2.6999950408935547,0.026999950408935547,0.009815966163835954
2024-09-13,2024,3.6500000953674316,470.9236755371094,-2.999997138977051,-0.029999971389770508,0.004480028287241256
2024-09-16,2024,3.621000051498413,468.8431396484375,-2.9000043869018555,-0.029000043869018555,-0.004417989573998193
2024-09-17,2024,3.6419999599456787,469.0907897949219,2.0999908447265625,0.020999908447265625,0.0005282153572090387
2024-09-18,2024,3.684999942779541,467.0598449707031,4.2999982833862305,0.042999982833862305,-0.004329534641058785
2024-09-19,2024,3.740000009536743,478.86907958984375,5.500006675720215,0.05500006675720215,0.02528420018612687
2024-09-20,2024,3.7279999256134033,477.9576721191406,-1.2000083923339844,-0.012000083923339844,-0.001903249780678573
2024-09-23,2024,3.739000082015991,479.224609375,1.100015640258789,0.01100015640258789,0.002650731078846613
2024-09-24,2024,3.7360000610351562,481.5361633300781,-0.3000020980834961,-0.003000020980834961,0.004823529321861919
2024-09-25,2024,3.7809998989105225,481.9826354980469,4.499983787536621,0.04499983787536621,0.0009271830486856647
2024-09-26,2024,3.7909998893737793,485.6037902832031,0.9999990463256836,0.009999990463256836,0.007513039928117804
2024-09-27,2024,3.749000072479248,482.9052734375,-4.199981689453125,-0.04199981689453125,-0.005557034149443862
2024-09-30,2024,3.802000045776367,484.2148742675781,5.299997329711914,0.05299997329711914,0.0027119207474290974
2024-10-01,2024,3.743000030517578,477.4685363769531,-5.900001525878906,-0.05900001525878906,-0.013932529232666524
2024-10-02,2024,3.7850000858306885,478.1431884765625,4.200005531311035,0.04200005531311035,0.0014129770826967203
2024-10-03,2024,3.8499999046325684,477.7860107421875,6.499981880187988,0.06499981880187988,-0.0007470099814932407
2024-10-04,2024,3.9809999465942383,483.47076416015625,13.100004196166992,0.13100004196166992,0.011898116081586751
2024-10-07,2024,4.026000022888184,478.2919921875,4.500007629394531,0.04500007629394531,-0.010711654884969835
2024-10-08,2024,4.0329999923706055,485.43511962890625,0.6999969482421875,0.006999969482421875,0.014934658238237919
2024-10-09,2024,4.066999912261963,489.2547302246094,3.399991989135742,0.03399991989135742,0.007868426574952014
2024-10-10,2024,4.0960001945495605,488.6991271972656,2.9000282287597656,0.029000282287597656,-0.0011356109466508224
2024-10-11,2024,4.072999954223633,489.4631042480469,-2.3000240325927734,-0.023000240325927734,0.0015632871193422826
2024-10-14,2024,4.0980000495910645,493.57037353515625,2.500009536743164,0.02500009536743164,0.008391376697165498
2024-10-15,2024,4.038000106811523,486.9729309082031,-5.999994277954102,-0.059999942779541016,-0.013366771955333312
2024-10-16,2024,4.015999794006348,487.03240966796875,-2.200031280517578,-0.02200031280517578,0.0001221397658688339
2024-10-17,2024,4.0960001945495605,487.3697509765625,8.000040054321289,0.08000040054321289,0.0006926465300816087
2024-10-18,2024,4.072999954223633,490.56427001953125,-2.3000240325927734,-0.023000240325927734,0.006554610819747841
2024-10-21,2024,4.182000160217285,491.50677490234375,10.900020599365234,0.10900020599365234,0.0019212668765602459
2024-10-22,2024,4.203999996185303,492.0425109863281,2.199983596801758,0.021999835968017578,0.001089987180931118
2024-10-23,2024,4.242000102996826,484.50250244140625,3.8000106811523438,0.03800010681152344,-0.015323896567000839
2024-10-24,2024,4.199999809265137,488.4312744140625,-4.200029373168945,-0.04200029373168945,0.008108878597858915
2024-10-25,2024,4.23199987411499,491.4075927734375,3.2000064849853516,0.032000064849853516,0.006093627732879137
2024-10-28,2024,4.2779998779296875,491.4869384765625,4.600000381469727,0.046000003814697266,0.0001614661724642641
2024-10-29,2024,4.27400016784668,496.2093811035156,-0.39997100830078125,-0.0039997100830078125,0.009608480423896948
2024-10-30,2024,4.265999794006348,492.459228515625,-0.8000373840332031,-0.008000373840332031,-0.007557601147222814
2024-10-31,2024,4.283999919891357,480.0281677246094,1.8000125885009766,0.018000125885009766,-0.025242822291066447
2024-11-01,2024,4.361000061035156,483.5799255371094,7.700014114379883,0.07700014114379883,0.007399061245376037
2024-11-04,2024,4.309000015258789,482.171142578125,-5.200004577636719,-0.05200004577636719,-0.002913237056769158
2024-11-05,2024,4.289000034332275,488.3221740722656,-1.9999980926513672,-0.019999980926513672,0.012756946550661619
2024-11-06,2024,4.426000118255615,501.5865478515625,13.700008392333984,0.13700008392333984,0.027163160887578197
2024-11-07,2024,4.341000080108643,509.483642578125,-8.500003814697266,-0.08500003814697266,0.015744231499803973
2024-11-08,2024,4.306000232696533,510.0789489746094,-3.4999847412109375,-0.034999847412109375,0.0011684504599047685
2024-11-11,2024,4.308000087738037,509.7812805175781,0.19998550415039062,0.0019998550415039062,-0.0005835733029752044
2024-11-12,2024,4.432000160217285,508.8586120605469,12.400007247924805,0.12400007247924805,-0.0018099300470477697
2024-11-13,2024,4.451000213623047,508.203857421875,1.9000053405761719,0.01900005340576172,-0.0012867123070209319
2024-11-14,2024,4.418000221252441,504.6719970703125,-3.299999237060547,-0.03299999237060547,-0.0069496921363007
2024-11-15,2024,4.427999973297119,492.6477355957031,0.9999752044677734,0.009999752044677734,-0.023825893935886633
2024-11-18,2024,4.414000034332275,496.07049560546875,-1.399993896484375,-0.01399993896484375,0.0069476824157668204
2024-11-19,2024,4.379000186920166,499.4833068847656,-3.4999847412109375,-0.034999847412109375,0.006879690103583913
2024-11-20,2024,4.406000137329102,499.1955871582031,2.6999950408935547,0.026999950408935547,-0.0005760347194724291
2024-11-21,2024,4.432000160217285,500.9913330078125,2.6000022888183594,0.026000022888183594,0.0035972790942164767
2024-11-22,2024,4.409999847412109,501.7948913574219,-2.200031280517578,-0.02200031280517578,0.0016039366285740542
2024-11-25,2024,4.264999866485596,502.58856201171875,-14.499998092651367,-0.14499998092651367,0.0015816634803711427
2024-11-26,2024,4.302000045776367,505.28704833984375,3.7000179290771484,0.037000179290771484,0.005369175767398593
2024-11-27,2024,4.242000102996826,501.3087463378906,-5.999994277954102,-0.059999942779541016,-0.007873350435211313
2024-11-29,2024,4.177999973297119,505.7136535644531,-6.400012969970703,-0.06400012969970703,0.008786815029142803
2024-12-02,2024,4.196000099182129,511.2198486328125,1.8000125885009766,0.018000125885009766,0.010887969959975763
2024-12-03,2024,4.2230000495910645,512.787353515625,2.6999950408935547,0.026999950408935547,0.0030662050524927764
2024-12-04,2024,4.179999828338623,519.1268310546875,-4.300022125244141,-0.043000221252441406,0.012362780586532729
2024-12-05,2024,4.179999828338623,517.6884155273438,0.0,0.0,-0.002770836414718536
2024-12-06,2024,4.151000022888184,522.3214111328125,-2.8999805450439453,-0.028999805450439453,0.008949390147641845
2024-12-09,2024,4.198999881744385,518.2538452148438,4.799985885620117,0.04799985885620117,-0.00778747688927206
2024-12-10,2024,4.2210001945495605,516.4879150390625,2.200031280517578,0.02200031280517578,-0.0034074617913335548
2024-12-11,2024,4.270999908447266,525.7343139648438,4.999971389770508,0.04999971389770508,0.017902449711881374
2024-12-12,2024,4.323999881744385,522.34130859375,5.299997329711914,0.05299997329711914,-0.006453840430359792
2024-12-13,2024,4.39900016784668,526.3394775390625,7.500028610229492,0.07500028610229492,0.007654322718753326
2024-12-16,2024,4.396999835968018,533.9191284179688,-0.20003318786621094,-0.0020003318786621094,0.01440068853346399
2024-12-17,2024,4.385000228881836,531.5677490234375,-1.199960708618164,-0.01199960708618164,-0.004403999162754357
2024-12-18,2024,4.49399995803833,512.3905639648438,10.899972915649414,0.10899972915649414,-0.0360766526822307
2024-12-19,2024,4.570000171661377,510.1086730957031,7.6000213623046875,0.07600021362304688,-0.004453420944139808
2024-12-20,2024,4.52400016784668,514.5632934570312,-4.600000381469727,-0.046000003814697266,0.008732688927428622
2024-12-23,2024,4.598999977111816,519.576416015625,7.499980926513672,0.07499980926513672,0.009742479928783299
2024-12-24,2024,4.591000080108643,526.621826171875,-0.7999897003173828,-0.007999897003173828,0.01355991137988477
2024-12-26,2024,4.578999996185303,526.2640991210938,-1.2000083923339844,-0.012000083923339844,-0.0006792864120001019
2024-12-27,2024,4.61899995803833,519.2684326171875,3.9999961853027344,0.039999961853027344,-0.01329307189221085
2024-12-30,2024,4.545000076293945,512.3621215820312,-7.399988174438477,-0.07399988174438477,-0.01330007872873662
2024-12-31,2024,4.572999954223633,508.0097961425781,2.79998779296875,0.0279998779296875,-0.008494627639557661
2025-01-02,2025,4.574999809265137,507.0160827636719,0.19998550415039062,0.0019998550415039062,-0.001956090977874303
2025-01-03,2025,4.5960001945495605,515.3134765625,2.100038528442383,0.021000385284423828,0.016365149116375655
2025-01-06,2025,4.618000030517578,521.2359008789062,2.199983596801758,0.021999835968017578,0.011492857427119807
2025-01-07,2025,4.683000087738037,511.934814453125,6.500005722045898,0.06500005722045898,-0.017844293553260226
2025-01-08,2025,4.692999839782715,512.0243530273438,0.9999752044677734,0.009999752044677734,0.00017490229554795178
2025-01-10,2025,4.776000022888184,503.9952392578125,8.300018310546875,0.08300018310546875,-0.01568111696652541
2025-01-13,2025,4.802999973297119,502.3754577636719,2.6999950408935547,0.026999950408935547,-0.003213882528981693
2025-01-14,2025,4.788000106811523,501.89849853515625,-1.4999866485595703,-0.014999866485595703,-0.0009494079002959621
2025-01-15,2025,4.6529998779296875,513.4452514648438,-13.500022888183594,-0.13500022888183594,0.02300615156926722
2025-01-16,2025,4.605999946594238,509.8481750488281,-4.699993133544922,-0.04699993133544922,-0.007005764306424633
2025-01-17,2025,4.609000205993652,518.4534912109375,0.30002593994140625,0.0030002593994140625,0.016878193515717177
2025-01-21,2025,4.573999881744385,521.4943237304688,-3.500032424926758,-0.03500032424926758,0.005865198269624727
2025-01-22,2025,4.598999977111816,528.1620483398438,2.500009536743164,0.02500009536743164,0.012785804765194753
2025-01-23,2025,4.638000011444092,529.284912109375,3.900003433227539,0.03900003433227539,0.002125983442128554
2025-01-24,2025,4.625999927520752,526.2938232421875,-1.2000083923339844,-0.012000083923339844,-0.005651188610812707
2025-01-27,2025,4.5279998779296875,510.9710388183594,-9.800004959106445,-0.09800004959106445,-0.029114505523613055
2025-01-28,2025,4.551000118255615,518.523193359375,2.3000240325927734,0.023000240325927734,0.014780005063457669
2025-01-29,2025,4.554999828338623,517.54931640625,0.39997100830078125,0.0039997100830078125,-0.0018781743335635204
2025-01-30,2025,4.51200008392334,519.7551879882812,-4.29997444152832,-0.0429997444152832,0.0042621476101027955
2025-01-31,2025,4.568999767303467,519.0000610351562,5.699968338012695,0.05699968338012695,-0.0014528512087541579
2025-02-03,2025,4.543000221252441,514.846435546875,-2.599954605102539,-0.02599954605102539,-0.008003131020826393
2025-02-04,2025,4.513000011444092,521.1663818359375,-3.000020980834961,-0.03000020980834961,0.012275400687875804
2025-02-05,2025,4.421999931335449,523.5313110351562,-9.100008010864258,-0.09100008010864258,0.004537762376167986
2025-02-06,2025,4.440000057220459,526.2640991210938,1.8000125885009766,0.018000125885009766,0.005219913362075834
2025-02-07,2025,4.486999988555908,519.6260986328125,4.699993133544922,0.04699993133544922,-0.012613439714712182
2025-02-10,2025,4.493000030517578,525.9161987304688,0.6000041961669922,0.006000041961669922,0.012105050370268433
2025-02-11,2025,4.5370001792907715,524.6641845703125,4.400014877319336,0.04400014877319336,-0.0023806343352392734
2025-02-12,2025,4.63700008392334,524.9722290039062,9.999990463256836,0.09999990463256836,0.0005871268568600208
2025-02-13,2025,4.525000095367432,532.5244750976562,-11.19999885559082,-0.1119999885559082,0.01438599163250931
2025-02-14,2025,4.4720001220703125,534.7601928710938,-5.299997329711914,-0.05299997329711914,0.004198338063292839
2025-02-18,2025,4.544000148773193,535.9724731445312,7.200002670288086,0.07200002670288086,0.002266960573353183
2025-02-19,2025,4.534999847412109,536.12158203125,-0.9000301361083984,-0.009000301361083984,0.0002782025088787776
2025-02-20,2025,4.5,533.845947265625,-3.4999847412109375,-0.034999847412109375,-0.004244624432023669
2025-02-21,2025,4.420000076293945,522.7662353515625,-7.999992370605469,-0.07999992370605469,-0.020754511616718485
2025-02-24,2025,4.39300012588501,516.5953369140625,-2.6999950408935547,-0.026999950408935547,-0.011804317150188592
2025-02-25,2025,4.297999858856201,510.0866394042969,-9.50002670288086,-0.0950002670288086,-0.012599218468842599
2025-02-26,2025,4.249000072479248,511.31884765625,-4.8999786376953125,-0.048999786376953125,0.0024156842323730388
2025-02-27,2025,4.284999847412109,497.1187744140625,3.599977493286133,0.03599977493286133,-0.027771464531919476
2025-02-28,2025,4.230999946594238,504.96905517578125,-5.399990081787109,-0.053999900817871094,0.015791559614644735
2025-03-03,2025,4.179999828338623,493.9190673828125,-5.100011825561523,-0.051000118255615234,-0.021882504838087957
2025-03-04,2025,4.210000038146973,492.42852783203125,3.000020980834961,0.03000020980834961,-0.0030177809467436534
2025-03-05,2025,4.264999866485596,498.84783935546875,5.499982833862305,0.05499982833862305,0.013036026876223517
2025-03-06,2025,4.285999774932861,485.1248474121094,2.0999908447265625,0.020999908447265625,-0.02750937432362144
2025-03-07,2025,4.316999912261963,488.69219970703125,3.1000137329101562,0.031000137329101562,0.007353472645138304
2025-03-10,2025,4.2129998207092285,469.7522888183594,-10.400009155273438,-0.10400009155273438,-0.038756319212842505
2025-03-11,2025,4.288000106811523,468.62939453125,7.500028610229492,0.07500028610229492,-0.002390396627835467
2025-03-12,2025,4.317999839782715,473.9158935546875,2.9999732971191406,0.029999732971191406,0.011280767030684036
2025-03-13,2025,4.27400016784668,465.3899230957031,-4.399967193603516,-0.043999671936035156,-0.017990471674275144
2025-03-14,2025,4.308000087738037,476.6386413574219,3.399991989135742,0.03399991989135742,0.02417052390583363
2025-03-17,2025,4.306000232696533,479.7290344238281,-0.19998550415039062,-0.0019998550415039062,0.006483723303685851
2025-03-18,2025,4.281000137329102,471.5508728027344,-2.500009536743164,-0.02500009536743164,-0.017047460199935638
2025-03-19,2025,4.25600004196167,477.86090087890625,-2.500009536743164,-0.02500009536743164,0.013381436532324154
2025-03-20,2025,4.232999801635742,476.24114990234375,-2.3000240325927734,-0.023000240325927734,-0.003389586747070905
2025-03-21,2025,4.251999855041504,477.8111572265625,1.9000053405761719,0.01900005340576172,0.003296664566975638
2025-03-24,2025,4.330999851226807,488.2964782714844,7.899999618530273,0.07899999618530273,0.0219444876628323
2025-03-25,2025,4.307000160217285,491.0829772949219,-2.3999691009521484,-0.023999691009521484,0.005706572026284995
2025-03-26,2025,4.3379998207092285,482.04669189453125,3.099966049194336,0.03099966049194336,-0.018400730259814813
2025-03-27,2025,4.36899995803833,479.29998779296875,3.1000137329101562,0.031000137329101562,-0.005698004255080491
2025-03-28,2025,4.255000114440918,466.68109130859375,-11.399984359741211,-0.11399984359741211,-0.026327762999705406
2025-03-31,2025,4.245999813079834,466.6611633300781,-0.9000301361083984,-0.009000301361083984,-4.2701491204111264e-05
2025-04-01,2025,4.156000137329102,470.4229431152344,-8.999967575073242,-0.08999967575073242,0.008061051745365644
2025-04-02,2025,4.196000099182129,473.8563232421875,3.9999961853027344,0.039999961853027344,0.00729849633654478
2025-04-03,2025,4.054999828338623,448.4891052246094,-14.100027084350586,-0.14100027084350586,-0.053533564444201764
2025-04-04,2025,3.984999895095825,420.63397216796875,-6.999993324279785,-0.06999993324279785,-0.06210882880352331
2025-04-07,2025,4.15500020980835,421.6490173339844,17.00003147125244,0.17000031471252441,0.002413131684975589
2025-04-08,2025,4.26200008392334,414.0557556152344,10.699987411499023,0.10699987411499023,-0.01800848906695174
2025-04-09,2025,4.400000095367432,463.7552490234375,13.80000114440918,0.1380000114440918,0.12003092031496099
2025-04-10,2025,4.394000053405762,444.03070068359375,-0.6000041961669922,-0.006000041961669922,-0.04253223738465306
2025-04-11,2025,4.493000030517578,452.21112060546875,9.89999771118164,0.0989999771118164,0.01842309531588948
2025-04-14,2025,4.363999843597412,455.2762756347656,-12.900018692016602,-0.12900018692016602,0.006778150491285828
2025-04-15,2025,4.322999954223633,455.7837829589844,-4.09998893737793,-0.0409998893737793,0.0011147238531399317
2025-04-16,2025,4.2789998054504395,442.04034423828125,-4.400014877319336,-0.04400014877319336,-0.030153417551365358
2025-04-17,2025,4.333000183105469,441.9607238769531,5.40003776550293,0.0540003776550293,-0.0001801201233460059
2025-04-21,2025,4.40500020980835,431.02362060546875,7.200002670288086,0.07200002670288086,-0.024746776536028525
2025-04-22,2025,4.388999938964844,442.33892822265625,-1.600027084350586,-0.01600027084350586,0.02625217523181811
2025-04-23,2025,4.38700008392334,452.3703308105469,-0.19998550415039062,-0.0019998550415039062,0.022678091273127032
2025-04-24,2025,4.304999828338623,465.0987243652344,-8.20002555847168,-0.0820002555847168,0.02813710954889781
2025-04-25,2025,4.265999794006348,470.28363037109375,-3.900003433227539,-0.03900003433227539,0.011147968666084251
2025-04-28,2025,4.216000080108643,470.13433837890625,-4.999971389770508,-0.04999971389770508,-0.0003174509647926316
2025-04-29,2025,4.172999858856201,473.23931884765625,-4.300022125244141,-0.043000221252441406,0.006604453696057222
2025-04-30,2025,4.177000045776367,473.1795654296875,0.40001869201660156,0.004000186920166016,-0.00012626469439236399
2025-05-01,2025,4.230999946594238,479.3596496582031,5.399990081787109,0.053999900817871094,0.013060758916974002
2025-05-02,2025,4.322000026702881,486.4752502441406,9.100008010864258,0.09100008010864258,0.014843970682578478
2025-05-05,2025,4.3429999351501465,483.5892028808594,2.0999908447265625,0.020999908447265625,-0.005932567714046821
2025-05-06,2025,4.308000087738037,479.09100341796875,-3.4999847412109375,-0.034999847412109375,-0.009301695397857856
2025-05-07,2025,4.275000095367432,480.97186279296875,-3.299999237060547,-0.03299999237060547,0.003925891660626846
2025-05-08,2025,4.373000144958496,485.9378662109375,9.800004959106445,0.09800004959106445,0.010324935411255787
2025-05-09,2025,4.375,485.6193542480469,0.19998550415039062,0.0019998550415039062,-0.0006554582078037718
2025-05-12,2025,4.456999778747559,505.4036560058594,8.19997787475586,0.0819997787475586,0.04074034855642705
2025-05-13,2025,4.499000072479248,513.1063842773438,4.200029373168945,0.04200029373168945,0.015240745055858929
2025-05-14,2025,4.5279998779296875,516.181396484375,2.8999805450439453,0.028999805450439453,0.005992933047134219
2025-05-15,2025,4.454999923706055,516.748779296875,-7.299995422363281,-0.07299995422363281,0.001099192679868688
2025-05-16,2025,4.440999984741211,518.9978637695312,-1.399993896484375,-0.01399993896484375,0.004352375008445097
2025-05-19,2025,4.474999904632568,519.4954223632812,3.399991989135742,0.03399991989135742,0.0009586910245376057
2025-05-20,2025,4.480999946594238,517.7638549804688,0.6000041961669922,0.006000041961669922,-0.0033331715897231273
2025-05-21,2025,4.5960001945495605,510.568603515625,11.500024795532227,0.11500024795532227,-0.013896782086333825
2025-05-22,2025,4.552999973297119,511.5240173339844,-4.300022125244141,-0.043000221252441406,0.0018712741280617617
2025-05-23,2025,4.508999824523926,506.78692626953125,-4.400014877319336,-0.04400014877319336,-0.00926074026619983
2025-05-27,2025,4.434000015258789,518.7091674804688,-7.499980926513672,-0.07499980926513672,0.023525155431094902
2025-05-28,2025,4.4770002365112305,516.4103393554688,4.300022125244141,0.043000221252441406,-0.004431824747123891
2025-05-29,2025,4.423999786376953,517.4254760742188,-5.300045013427734,-0.053000450134277344,0.001965755991673257
2025-05-30,2025,4.415999889373779,516.6093139648438,-0.7999897003173828,-0.007999897003173828,-0.0015773519996876706
2025-06-02,2025,4.461999893188477,520.689697265625,4.600000381469727,0.046000003814697266,0.007898392828935563
2025-06-03,2025,4.460000038146973,524.7598876953125,-0.19998550415039062,-0.0019998550415039062,0.007816921385350728
2025-06-04,2025,4.364999771118164,526.2228393554688,-9.50002670288086,-0.0950002670288086,0.0027878496326794178
2025-06-05,2025,4.394000053405762,522.2620239257812,2.9000282287597656,0.029000282287597656,-0.0075268786024924594
2025-06-06,2025,4.510000228881836,527.3673095703125,11.600017547607422,0.11600017547607422,0.009775333856663515
2025-06-09,2025,4.48199987411499,528.1435546875,-2.8000354766845703,-0.028000354766845703,0.0014719249811292467
2025-06-10,2025,4.473999977111816,531.63671875,-0.7999897003173828,-0.007999897003173828,0.006614042775864082
2025-06-11,2025,4.4120001792907715,529.8453369140625,-6.199979782104492,-0.06199979782104492,-0.0033695600261574032
2025-06-12,2025,4.35699987411499,531.0892333984375,-5.500030517578125,-0.05500030517578125,0.0023476595861344762
2025-06-13,2025,4.423999786376953,524.421630859375,6.699991226196289,0.06699991226196289,-0.012554580510692248
2025-06-16,2025,4.452000141143799,531.7161865234375,2.8000354766845703,0.028000354766845703,0.013909715455689309
2025-06-17,2025,4.39300012588501,526.5313720703125,-5.900001525878906,-0.05900001525878906,-0.00975109388154094
2025-06-18,2025,4.396999835968018,526.4417724609375,0.39997100830078125,0.0039997100830078125,-0.00017016955518278643
2025-06-20,2025,4.375,524.2921752929688,-2.199983596801758,-0.021999835968017578,-0.0040832572193504335
2025-06-23,2025,4.320000171661377,529.6832275390625,-5.499982833862305,-0.05499982833862305,0.010282534243585273
2025-06-24,2025,4.293000221252441,537.7831420898438,-2.6999950408935547,-0.026999950408935547,0.015291997423467318
2025-06-25,2025,4.293000221252441,539.157958984375,0.0,0.0,0.0025564521959329234
2025-06-26,2025,4.252999782562256,544.1992797851562,-4.000043869018555,-0.04000043869018555,0.00935035960570385
2025-06-27,2025,4.2829999923706055,546.0623779296875,3.000020980834961,0.03000020980834961,0.0034235586369515403
2025-06-30,2025,4.230000019073486,549.5992431640625,-5.299997329711914,-0.05299997329711914,0.006477035183753976
2025-07-01,2025,4.250999927520752,544.9664306640625,2.0999908447265625,0.020999908447265625,-0.008429437554041574
2025-07-02,2025,4.293000221252441,548.7623291015625,4.200029373168945,0.04200029373168945,0.0069653802948459465
2025-07-03,2025,4.3480000495910645,554.1622924804688,5.499982833862305,0.05499982833862305,0.00984025887445128
2025-07-07,2025,4.394999980926514,549.9878540039062,4.699993133544922,0.04699993133544922,-0.007532880770139472
2025-07-08,2025,4.414999961853027,550.2967529296875,1.9999980926513672,0.019999980926513672,0.0005616468137112918
2025-07-09,2025,4.3420000076293945,554.1921997070312,-7.299995422363281,-0.07299995422363281,0.007078811126187912
2025-07-10,2025,4.3460001945495605,553.3952026367188,0.40001869201660156,0.004000186920166016,-0.0014381239409970714
2025-07-11,2025,4.422999858856201,552.1497192382812,7.6999664306640625,0.07699966430664062,-0.0022506219651041715
2025-07-14,2025,4.427000045776367,554.15234375,0.40001869201660156,0.004000186920166016,0.0036269592140361073
2025-07-15,2025,4.488999843597412,554.660400390625,6.199979782104492,0.06199979782104492,0.0009168176339144907
2025-07-16,2025,4.454999923706055,555.2283325195312,-3.399991989135742,-0.03399991989135742,0.0010239276654802065
2025-07-17,2025,4.4629998207092285,559.7216186523438,0.7999897003173828,0.007999897003173828,0.008092681640403221
2025-07-18,2025,4.432000160217285,559.1836547851562,-3.099966049194336,-0.03099966049194336,-0.0009611275485174042
2025-07-21,2025,4.372000217437744,562.0828857421875,-5.999994277954102,-0.059999942779541016,0.00518475626428172
2025-07-22,2025,4.335999965667725,559.1737060546875,-3.600025177001953,-0.03600025177001953,-0.005175712979872404
2025-07-23,2025,4.388000011444092,561.7241821289062,5.200004577636719,0.05200004577636719,0.0045611516539536545
2025-07-24,2025,4.4079999923706055,562.9197998046875,1.9999980926513672,0.019999980926513672,0.0021284781994783675
2025-07-25,2025,4.386000156402588,564.2747802734375,-2.199983596801758,-0.021999835968017578,0.0024070577535559856
2025-07-28,2025,4.420000076293945,566.0381469726562,3.399991989135742,0.03399991989135742,0.003125014196743381
2025-07-29,2025,4.329999923706055,565.1614379882812,-9.000015258789062,-0.09000015258789062,-0.001548851414103325
2025-07-30,2025,4.375999927520752,565.918701171875,4.600000381469727,0.046000003814697266,0.0013399059679111147
2025-07-31,2025,4.360000133514404,562.9197998046875,-1.5999794006347656,-0.015999794006347656,-0.00529917346957709
2025-08-01,2025,4.21999979019165,551.8309326171875,-14.00003433227539,-0.1400003433227539,-0.019698840210181645
2025-08-04,2025,4.199999809265137,562.0131225585938,-1.9999980926513672,-0.019999980926513672,0.018451647668815463
2025-08-05,2025,4.196000099182129,558.197265625,-0.39997100830078125,-0.0039997100830078125,-0.0067896224846527575
2025-08-06,2025,4.21999979019165,565.2212524414062,2.3999691009521484,0.023999691009521484,0.012583341497636402
2025-08-07,2025,4.24399995803833,567.1340942382812,2.4000167846679688,0.024000167846679688,0.0033842354451689705
2025-08-08,2025,4.284999847412109,572.4244384765625,4.09998893737793,0.0409998893737793,0.009328207018459489
2025-08-11,2025,4.2729997634887695,570.730712890625,-1.2000083923339844,-0.012000083923339844,-0.0029588631653203468
2025-08-12,2025,4.293000221252441,577.9041137695312,2.0000457763671875,0.020000457763671875,0.012568801217258008
2025-08-13,2025,4.23799991607666,578.1930541992188,-5.500030517578125,-0.05500030517578125,0.0004999798804039557
2025-08-14,2025,4.293000221252441,577.7447509765625,5.500030517578125,0.05500030517578125,-0.000775352141296759
2025-08-15,2025,4.328000068664551,575.2041625976562,3.4999847412109375,0.034999847412109375,-0.0043974235587807
2025-08-18,2025,4.341000080108643,574.9749755859375,1.3000011444091797,0.013000011444091797,-0.0003984446334388547
2025-08-19,2025,4.302000045776367,567.1740112304688,-3.900003433227539,-0.03900003433227539,-0.013567484997967227
2025-08-20,2025,4.296000003814697,563.8065185546875,-0.6000041961669922,-0.006000041961669922,-0.005937318369851896
2025-08-21,2025,4.329999923706055,561.1961669921875,3.399991989135742,0.03399991989135742,-0.004629871199771873
2025-08-22,2025,4.260000228881836,569.85400390625,-6.999969482421875,-0.06999969482421875,0.015427469792720583
2025-08-25,2025,4.275000095367432,568.2100830078125,1.4999866485595703,0.014999866485595703,-0.0028848106482866065
2025-08-26,2025,4.257999897003174,570.4916381835938,-1.7000198364257812,-0.017000198364257812,0.0040153373620261945
2025-08-27,2025,4.23799991607666,571.368408203125,-1.9999980926513672,-0.019999980926513672,0.0015368674330140664
2025-08-28,2025,4.206999778747559,574.9451293945312,-3.1000137329101562,-0.031000137329101562,0.006259921164795568
2025-08-29,2025,4.2270002365112305,568.2898559570312,2.0000457763671875,0.020000457763671875,-0.01157549320316631
2025-09-02,2025,4.2769999504089355,563.5275268554688,4.999971389770508,0.04999971389770508,-0.008380105771098934
2025-09-03,2025,4.210999965667725,567.9611206054688,-6.599998474121094,-0.06599998474121094,0.007867572636140574
2025-09-04,2025,4.176000118255615,573.1019287109375,-3.4999847412109375,-0.034999847412109375,0.00905133805635927
2025-09-05,2025,4.085999965667725,573.9288330078125,-9.000015258789062,-0.09000015258789062,0.0014428572919567006
2025-09-08,2025,4.046000003814697,576.7284545898438,-3.9999961853027344,-0.039999961853027344,0.004877994310477751
2025-09-09,2025,4.073999881744385,578.3624877929688,2.79998779296875,0.0279998779296875,0.0028332800126658064
2025-09-10,2025,4.0320000648498535,578.5517578125,-4.199981689453125,-0.04199981689453125,0.0003272515481658189
2025-09-11,2025,4.011000156402588,581.919189453125,-2.0999908447265625,-0.020999908447265625,0.005820450106931219
2025-09-12,2025,4.060999870300293,584.4896240234375,4.999971389770508,0.04999971389770508,0.004417167567077662
2025-09-15,2025,4.033999919891357,589.4910888671875,-2.6999950408935547,-0.026999950408935547,0.008556977982468794
2025-09-16,2025,4.026000022888184,588.9929809570312,-0.7999897003173828,-0.007999897003173828,-0.0008449795417831973
2025-09-17,2025,4.076000213623047,587.8173217773438,5.000019073486328,0.05000019073486328,-0.0019960495586504035
2025-09-18,2025,4.104000091552734,593.1176147460938,2.79998779296875,0.0279998779296875,0.009016905035605038
2025-09-19,2025,4.138999938964844,597.1326904296875,3.4999847412109375,0.034999847412109375,0.006769442659888991
2025-09-22,2025,4.14300012588501,600.667724609375,0.40001869201660156,0.004000186920166016,0.005920014489817493
2025-09-23,2025,4.119999885559082,596.6779174804688,-2.3000240325927734,-0.023000240325927734,-0.0066422865178928925
2025-09-24,2025,4.146999835968018,594.583251953125,2.6999950408935547,0.026999950408935547,-0.0035105464204016057
2025-09-25,2025,4.171999931335449,592.0198364257812,2.500009536743164,0.02500009536743164,-0.0043112810845634675
2025-09-26,2025,4.186999797821045,594.4535522460938,1.4999866485595703,0.014999866485595703,0.004110868708396165
2025-09-29,2025,4.140999794006348,597.20654296875,-4.600000381469727,-0.046000003814697266,0.004631128390526484
2025-09-30,2025,4.1479997634887695,598.8424072265625,0.6999969482421875,0.006999969482421875,0.0027391934617468916
2025-10-01,2025,4.105999946594238,601.7150268554688,-4.199981689453125,-0.04199981689453125,0.004796954247462626
2025-10-02,2025,4.0879998207092285,604.188720703125,-1.8000125885009766,-0.018000125885009766,0.004111072081054212
2025-10-03,2025,4.11899995803833,601.645263671875,3.1000137329101562,0.031000137329101562,-0.0042097062459061085
2025-10-06,2025,4.1620001792907715,606.1636962890625,4.300022125244141,0.043000221252441406,0.00751012746217139
2025-10-07,2025,4.126999855041504,602.9718627929688,-3.500032424926758,-0.03500032424926758,-0.005265629590874843
2025-10-08,2025,4.129000186920166,609.88427734375,0.20003318786621094,0.0020003318786621094,0.011463908977050519
2025-10-09,2025,4.1479997634887695,609.1461181640625,1.8999576568603516,0.018999576568603516,-0.001210326626064906
2025-10-10,2025,4.051000118255615,588.0000610351562,-9.69996452331543,-0.0969996452331543,-0.03471426066481298
2025-10-13,2025,4.051000118255615,600.4782104492188,0.0,0.0,0.021221340338120287
2025-10-14,2025,4.021999835968018,596.4783935546875,-2.9000282287597656,-0.029000282287597656,-0.006661052516025445
2025-10-15,2025,4.046000003814697,600.6876220703125,2.4000167846679688,0.024000167846679688,0.007056799644560963
2025-10-16,2025,3.9760000705718994,598.4633178710938,-6.999993324279785,-0.06999993324279785,-0.003702929971409308
2025-10-17,2025,4.006999969482422,602.393310546875,3.099989891052246,0.03099989891052246,0.006566806282733095
2025-10-20,2025,3.9860000610351562,609.98388671875,-2.0999908447265625,-0.020999908447265625,0.01260069798083241
2025-10-21,2025,3.9630000591278076,609.8244018554688,-2.3000001907348633,-0.023000001907348633,-0.00026145750199924045
2025-10-22,2025,3.953000068664551,603.9493408203125,-0.9999990463256836,-0.009999990463256836,-0.009634020903854679
2025-10-23,2025,3.990999937057495,609.0264282226562,3.7999868392944336,0.037999868392944336,0.008406478919983362
2025-10-24,2025,3.996999979019165,615.52978515625,0.6000041961669922,0.006000041961669922,0.010678283621570861
2025-10-27,2025,3.996999979019165,626.4918823242188,0.0,0.0,0.017809206690438284
2025-10-28,2025,3.9830000400543213,631.3095703125,-1.399993896484375,-0.01399993896484375,0.007689944792912851
2025-10-29,2025,4.058000087738037,634.15234375,7.500004768371582,0.07500004768371582,0.004502978524613344
2025-10-30,2025,4.0929999351501465,624.45703125,3.4999847412109375,0.034999847412109375,-0.015288617310262875
2025-10-31,2025,4.10099983215332,627.4693603515625,0.7999897003173828,0.007999897003173828,0.004823917340689654
2025-11-03,2025,4.105999946594238,630.4716796875,0.5000114440917969,0.005000114440917969,0.004784806280031528
2025-11-04,2025,4.089000225067139,617.6743774414062,-1.699972152709961,-0.01699972152709961,-0.020297981112231467
2025-11-05,2025,4.1570000648498535,621.6941528320312,6.799983978271484,0.06799983978271484,0.006507919929066963
2025-11-06,2025,4.0929999351501465,610.1136474609375,-6.400012969970703,-0.06400012969970703,-0.018627335191010785
2025-11-07,2025,4.0929999351501465,608.1885375976562,0.0,0.0,-0.003155329947613583
2025-11-10,2025,4.110000133514404,621.6442260742188,1.7000198364257812,0.017000198364257812,0.022124205973549582
2025-11-11,2025,4.119999885559082,619.9884643554688,0.9999752044677734,0.009999752044677734,-0.0026635198225943846
2025-11-12,2025,4.065000057220459,619.4996948242188,-5.499982833862305,-0.05499982833862305,-0.0007883526216219128
2025-11-13,2025,4.111999988555908,606.8519897460938,4.699993133544922,0.04699993133544922,-0.020415998883927977
2025-11-14,2025,4.1479997634887695,607.310791015625,3.599977493286133,0.03599977493286133,0.0007560348771753489
2025-11-17,2025,4.132999897003174,602.1240234375,-1.4999866485595703,-0.014999866485595703,-0.008540549015193744
2025-11-18,2025,4.123000144958496,594.792724609375,-0.9999752044677734,-0.009999752044677734,-0.012175728824554977
2025-11-19,2025,4.132999897003174,598.3436889648438,0.9999752044677734,0.009999752044677734,0.005970087071594188
2025-11-20,2025,4.105999946594238,584.1798095703125,-2.6999950408935547,-0.026999950408935547,-0.023671812130308
2025-11-21,2025,4.063000202178955,588.568603515625,-4.29997444152832,-0.0429997444152832,0.007512745003187771
2025-11-24,2025,4.038000106811523,603.6201782226562,-2.500009536743164,-0.02500009536743164,0.02557318657013896
2025-11-25,2025,4.001999855041504,607.3406982421875,-3.600025177001953,-0.03600025177001953,0.0061636773483719764
2025-11-26,2025,3.997999906539917,612.70703125,-0.3999948501586914,-0.003999948501586914,0.008835786936959966
2025-11-28,2025,4.017000198364258,617.6743774414062,1.900029182434082,0.01900029182434082,0.008107212644960615
2025-12-01,2025,4.0960001945495605,615.599609375,7.899999618530273,0.07899999618530273,-0.003358999728951928
2025-12-02,2025,4.085999965667725,620.4173583984375,-1.0000228881835938,-0.010000228881835938,0.007826107993032627
2025-12-03,2025,4.057000160217285,621.9335327148438,-2.8999805450439453,-0.028999805450439453,0.0024437973823301373
2025-12-04,2025,4.107999801635742,621.35498046875,5.099964141845703,0.05099964141845703,-0.0009302477124336628
2025-12-05,2025,4.138999938964844,623.8884887695312,3.1000137329101562,0.031000137329101562,0.0040773927632637985
2025-12-08,2025,4.171999931335449,622.6915893554688,3.299999237060547,0.03299999237060547,-0.0019184508699994218
2025-12-09,2025,4.185999870300293,623.4595947265625,1.399993896484375,0.01399993896484375,0.001233363970579271
2025-12-10,2025,4.164000034332275,626.0130615234375,-2.199983596801758,-0.021999835968017578,0.004095641190661192
2025-12-11,2025,4.140999794006348,623.98828125,-2.3000240325927734,-0.023000240325927734,-0.0032344057942019777
2025-12-12,2025,4.193999767303467,612.0587158203125,5.299997329711914,0.05299997329711914,-0.019118252358505283
2025-12-15,2025,4.182000160217285,608.9865112304688,-1.199960708618164,-0.01199960708618164,-0.0050194605687891025
2025-12-16,2025,4.14900016784668,610.1934204101562,-3.299999237060547,-0.03299999237060547,0.00198183236809113
2025-12-17,2025,4.151000022888184,598.8822631835938,0.19998550415039062,0.0019998550415039062,-0.018537002937461078
2025-12-18,2025,4.116000175476074,607.5601806640625,-3.4999847412109375,-0.034999847412109375,0.014490189497912143
2025-12-19,2025,4.151000022888184,615.4799194335938,3.4999847412109375,0.034999847412109375,0.013035315712881301
2025-12-22,2025,4.169000148773193,618.4302368164062,1.8000125885009766,0.018000125885009766,0.004793523378516795
2025-12-23,2025,4.169000148773193,621.3265380859375,0.0,0.0,0.004683311224304099
2025-12-24,2025,4.136000156402588,623.144287109375,-3.299999237060547,-0.03299999237060547,0.0029255937289227596
2025-12-26,2025,4.136000156402588,623.1043090820312,0.0,0.0,-6.415532994641371e-05
2025-12-29,2025,4.116000175476074,620.088134765625,-1.9999980926513672,-0.019999980926513672,-0.004840560837798935
2025-12-30,2025,4.130000114440918,618.64990234375,1.399993896484375,0.01399993896484375,-0.0023194000033860407
2025-12-31,2025,4.163000106811523,613.536376953125,3.299999237060547,0.03299999237060547,-0.008265620622022962
2026-01-02,2026,4.186999797821045,612.347900390625,2.3999691009521484,0.023999691009521484,-0.0019370922526258383
2026-01-05,2026,4.164999961853027,617.2117309570312,-2.199983596801758,-0.021999835968017578,0.007942920296294842
2026-01-06,2026,4.178999900817871,622.6348876953125,1.399993896484375,0.01399993896484375,0.008786541904950873
2026-01-07,2026,4.138000011444092,623.2341918945312,-4.09998893737793,-0.0409998893737793,0.0009625291018258153
2026-01-08,2026,4.183000087738037,619.6885986328125,4.500007629394531,0.04500007629394531,-0.005689022373661312
2026-01-09,2026,4.171000003814697,625.86083984375,-1.2000083923339844,-0.012000083923339844,0.009960230387576985
2026-01-12,2026,4.186999797821045,626.3801879882812,1.5999794006347656,0.015999794006347656,0.0008298140919966723
2026-01-13,2026,4.171000003814697,625.4513549804688,-1.5999794006347656,-0.015999794006347656,-0.0014828582155441694
2026-01-14,2026,4.139999866485596,618.769775390625,-3.1000137329101562,-0.031000137329101562,-0.010682812558703958
2026-01-15,2026,4.159999847412109,620.9970092773438,1.9999980926513672,0.019999980926513672,0.0035994548785334146
2026-01-16,2026,4.230999946594238,620.4776611328125,7.100009918212891,0.0710000991821289,-0.0008363134391510263
2026-01-20,2026,4.295000076293945,607.2942504882812,6.400012969970703,0.06400012969970703,-0.021247196265635315
2026-01-21,2026,4.252999782562256,615.50390625,-4.200029373168945,-0.04200029373168945,0.013518415093042524
2026-01-22,2026,4.249000072479248,619.978271484375,-0.39997100830078125,-0.0039997100830078125,0.007269434343049719
2026-01-23,2026,4.238999843597412,621.935791015625,-1.0000228881835938,-0.010000228881835938,0.0031574002207581664
2026-01-26,2026,4.2129998207092285,624.67236328125,-2.6000022888183594,-0.026000022888183594,0.0044000880881227555
2026-01-27,2026,4.2230000495910645,630.335205078125,1.0000228881835938,0.010000228881835938,0.009065299074749289
2026-01-28,2026,4.250999927520752,632.4225463867188,2.79998779296875,0.0279998779296875,0.0033114782290084577
2026-01-29,2026,4.2270002365112305,628.6373291015625,-2.3999691009521484,-0.023999691009521484,-0.005985266190749683
2026-01-30,2026,4.241000175476074,621.0868530273438,1.399993896484375,0.01399993896484375,-0.012010861787367544
2026-02-02,2026,4.275000095367432,625.3515014648438,3.399991989135742,0.03399991989135742,0.006866428449922912
2026-02-03,2026,4.27400016784668,615.7435913085938,-0.09999275207519531,-0.0009999275207519531,-0.015364015491678096
2026-02-04,2026,4.275000095367432,604.9871826171875,0.09999275207519531,0.0009999275207519531,-0.017468973844366742
2026-02-05,2026,4.210000038146973,596.2781982421875,-6.500005722045898,-0.06500005722045898,-0.014395320471625062
2026-02-06,2026,4.205999851226807,608.8822631835938,-0.40001869201660156,-0.004000186920166016,0.021137893316513612
2026-02-09,2026,4.197999954223633,613.54638671875,-0.7999897003173828,-0.007999897003173828,0.007660140255637327
2026-02-10,2026,4.146999835968018,610.699951171875,-5.100011825561523,-0.051000118255615234,-0.004639315964515389
2026-02-11,2026,4.171999931335449,612.337890625,2.500009536743164,0.02500009536743164,0.0026820690749720377
2026-02-12,2026,4.104000091552734,599.8836059570312,-6.799983978271484,-0.06799983978271484,-0.02033890905437341
2026-02-13,2026,4.056000232696533,601.1619873046875,-4.799985885620117,-0.04799985885620117,0.0021310489817716327
2026-02-17,2026,4.052000045776367,600.542724609375,-0.40001869201660156,-0.004000186920166016,-0.0010301095351836764
2026-02-18,2026,4.078999996185303,605.027099609375,2.6999950408935547,0.026999950408935547,0.007467203941096567
2026-02-19,2026,4.074999809265137,602.7100219726562,-0.40001869201660156,-0.004000186920166016,-0.003829708848107294
2026-02-20,2026,4.085999965667725,608.0433349609375,1.100015640258789,0.01100015640258789,0.008848887182637988
2026-02-23,2026,4.0289998054504395,600.652587890625,-5.700016021728516,-0.057000160217285156,-0.012154967656684001
2026-02-24,2026,4.0329999923706055,607.1044921875,0.40001869201660156,0.004000186920166016,0.010741490883328764
2026-02-25,2026,4.047999858856201,615.9033813476562,1.4999866485595703,0.014999866485595703,0.014493203844452518
2026-02-26,2026,4.017000198364258,608.4727783203125,-3.099966049194336,-0.03099966049194336,-0.012064559559788246
2026-02-27,2026,3.9619998931884766,606.5252075195312,-5.500030517578125,-0.05500030517578125,-0.003200752556519526
2026-03-02,2026,4.047999858856201,607.32421875,8.599996566772461,0.08599996566772461,0.0013173586531323167
2026-03-03,2026,4.056000232696533,600.8224487304688,0.8000373840332031,0.008000373840332031,-0.01070559977488339
2026-03-04,2026,4.079999923706055,609.9808959960938,2.3999691009521484,0.023999691009521484,0.015243184213533878
2026-03-05,2026,4.145999908447266,608.1431274414062,6.599998474121094,0.06599998474121094,-0.0030128296914716524
2026-03-06,2026,4.132999897003174,598.9946899414062,-1.3000011444091797,-0.013000011444091797,-0.015043230922446638
2026-03-09,2026,4.136000156402588,606.99462890625,0.30002593994140625,0.0030002593994140625,0.013355609155110137
2026-03-10,2026,4.136000156402588,607.004638671875,0.0,0.0,1.6490698843574236e-05
2026-03-11,2026,4.208000183105469,606.9247436523438,7.200002670288086,0.07200002670288086,-0.00013162176108916235
2026-03-12,2026,4.2729997634887695,596.5078735351562,6.499958038330078,0.06499958038330078,-0.017163363705524626
2026-03-13,2026,4.284999847412109,592.9722900390625,1.2000083923339844,0.012000083923339844,-0.005927136342962935
2026-03-16,2026,4.21999979019165,599.6239013671875,-6.500005722045898,-0.06500005722045898,0.011217406681325315
2026-03-17,2026,4.202000141143799,602.5502319335938,-1.7999649047851562,-0.017999649047851562,0.004880276719680499
2026-03-18,2026,4.258999824523926,594.15087890625,5.699968338012695,0.05699968338012695,-0.01393967271473795
2026-03-19,2026,4.281000137329102,592.273193359375,2.200031280517578,0.02200031280517578,-0.0031602840516394837
2026-03-20,2026,4.390999794006348,581.3269653320312,10.99996566772461,0.1099996566772461,-0.018481721188927547
2026-03-23,2026,4.334000110626221,588.0,-5.699968338012695,-0.05699968338012695,0.011478969781072212
2026-03-24,2026,4.392000198364258,583.97998046875,5.800008773803711,0.05800008773803711,-0.006836767910289088
2026-03-25,2026,4.328000068664551,587.8200073242188,-6.400012969970703,-0.06400012969970703,0.006575613863315066
2026-03-26,2026,4.415999889373779,573.7899780273438,8.799982070922852,0.08799982070922852,-0.023867900245077234
2026-03-27,2026,4.440000057220459,562.5800170898438,2.4000167846679688,0.024000167846679688,-0.019536696991535485
2026-03-30,2026,4.3420000076293945,558.280029296875,-9.800004959106445,-0.09800004959106445,-0.00764333545868201
2026-03-31,2026,4.310999870300293,577.1799926757812,-3.1000137329101562,-0.031000137329101562,0.03385391270884219
2026-04-01,2026,4.318999767303467,584.3099975585938,0.7999897003173828,0.007999897003173828,0.012353174006878076
2026-04-02,2026,4.313000202178955,584.97998046875,-0.5999565124511719,-0.005999565124511719,0.0011466223630531847
2026-04-06,2026,4.335000038146973,588.5,2.199983596801758,0.021999835968017578,0.006017333325542884
2026-04-07,2026,4.3429999351501465,588.5900268554688,0.7999897003173828,0.007999897003173828,0.00015297681473014357
2026-04-08,2026,4.290999889373779,606.0900268554688,-5.200004577636719,-0.05200004577636719,0.029732070204270045
2026-04-09,2026,4.293000221252441,610.1900024414062,0.20003318786621094,0.0020003318786621094,0.006764631332426108
2026-04-10,2026,4.316999912261963,611.0700073242188,2.3999691009521484,0.023999691009521484,0.001442181745508142
2026-04-13,2026,4.296999931335449,617.3900146484375,-1.9999980926513672,-0.019999980926513672,0.010342525812865766
2026-04-14,2026,4.25600004196167,628.5999755859375,-4.09998893737793,-0.0409998893737793,0.018157016912369928
2026-04-15,2026,4.2820000648498535,637.4000244140625,2.6000022888183594,0.026000022888183594,0.013999441886586528
2026-04-16,2026,4.309000015258789,640.469970703125,2.6999950408935547,0.026999950408935547,0.004816357344643363
2026-04-17,2026,4.245999813079834,648.8499755859375,-6.300020217895508,-0.06300020217895508,0.013084149556009228
2026-04-20,2026,4.25,646.7899780273438,0.40001869201660156,0.004000186920166016,-0.0031748441644519065
2026-04-21,2026,4.291999816894531,644.3300170898438,4.199981689453125,0.04199981689453125,-0.003803338055735961
2026-04-22,2026,4.294000148773193,655.1099853515625,0.20003318786621094,0.0020003318786621094,0.016730507621555812
2026-04-23,2026,4.322999954223633,651.4199829101562,2.8999805450439453,0.028999805450439453,-0.005632645699066852
2026-04-24,2026,4.309999942779541,663.8800048828125,-1.3000011444091797,-0.013000011444091797,0.019127478891562966
2026-04-27,2026,4.335999965667725,664.22998046875,2.6000022888183594,0.026000022888183594,0.0005271669328243966
2026-04-28,2026,4.354000091552734,657.5499877929688,1.8000125885009766,0.018000125885009766,-0.010056746717555742
2026-04-29,2026,4.418000221252441,661.5700073242188,6.400012969970703,0.06400012969970703,0.006113633344809299
2026-04-30,2026,4.389999866485596,667.739990234375,-2.8000354766845703,-0.028000354766845703,0.009326273624633119
2026-05-01,2026,4.377999782562256,674.1500244140625,-1.2000083923339844,-0.012000083923339844,0.009599596060492877
2026-05-04,2026,4.446000099182129,672.8800048828125,6.800031661987305,0.06800031661987305,-0.0018838826451929025
2026-05-05,2026,4.415999889373779,681.6099853515625,-3.000020980834961,-0.03000020980834961,0.012974052439365336
2026-05-06,2026,4.355999946594238,695.77001953125,-5.999994277954102,-0.059999942779541016,0.02077439369140688
2026-05-07,2026,4.392000198364258,694.9400024414062,3.600025177001953,0.03600025177001953,-0.0011929474776779525
2026-05-08,2026,4.363999843597412,711.22998046875,-2.8000354766845703,-0.028000354766845703,0.023440840892904546
2026-05-11,2026,4.409999847412109,713.2899780273438,4.600000381469727,0.046000003814697266,0.0028963874065546236
2026-05-12,2026,4.4629998207092285,707.239990234375,5.299997329711914,0.05299997329711914,-0.00848180680976407
2026-05-13,2026,4.480999946594238,714.7100219726562,1.8000125885009766,0.018000125885009766,0.010562230418850849
2026-05-14,2026,4.460999965667725,719.7899780273438,-1.9999980926513672,-0.019999980926513672,0.007107716274449949
2026-05-15,2026,4.59499979019165,708.9299926757812,13.399982452392578,0.13399982452392578,-0.015087714031981059
2026-05-18,2026,4.623000144958496,705.8800048828125,2.8000354766845703,0.028000354766845703,-0.004302241158477327
2026-05-19,2026,4.666999816894531,701.530029296875,4.399967193603516,0.043999671936035156,-0.006162485912403315
2026-05-20,2026,4.572000026702881,713.1500244140625,-9.499979019165039,-0.09499979019165039,0.016563788621898112
2026-05-21,2026,4.585999965667725,714.510009765625,1.399993896484375,0.01399993896484375,0.0019070115754113992
2026-05-22,2026,4.558000087738037,717.5399780273438,-2.79998779296875,-0.0279998779296875,0.004240623952507905
